method,mac_kind,windows_source_occurrences,source_status,proposal_or_limit,phase,reference,runtime_status,peer_review_contract_detail
sample.recording.devices,reads,windows/App/SampleRecordingWindow.hpp:90;windows/Session/SampleRecordingOperations.cpp:20;windows/Session/SampleRecordingOperations.hpp:30,Literal present,"Source literal present; dispatcher, parameter/guard/result/no-op compatibility still needs actual app conformance",Domain phase in parity matrix,evidence/current-api.describe.json; evidence/current-resonance-api.schema.json,Not executed,Not individually requalified; use P0c shared parameter/result/error/replay conformance.
sample.recording.get,reads,windows/App/SampleCaptureIntegration.inc:42;windows/App/SampleRecordingWindow.hpp:102;windows/Session/SampleRecordingOperations.cpp:33;windows/Session/SampleRecordingOperations.hpp:30,Literal present,"Source literal present; dispatcher, parameter/guard/result/no-op compatibility still needs actual app conformance",Domain phase in parity matrix,evidence/current-api.describe.json; evidence/current-resonance-api.schema.json,Not executed,Not individually requalified; use P0c shared parameter/result/error/replay conformance.
parameter.activity.targets,reads,windows/App/Main.cpp:502;windows/App/ParameterActivityWindow.hpp:75;windows/Session/ParameterActivityOperations.inc:30,Literal present,"Source literal present; dispatcher, parameter/guard/result/no-op compatibility still needs actual app conformance",Domain phase in parity matrix,evidence/current-api.describe.json; evidence/current-resonance-api.schema.json,Not executed,Not individually requalified; use P0c shared parameter/result/error/replay conformance.
parameter.activity.parameters,reads,windows/App/Main.cpp:502;windows/App/ParameterActivityWindow.hpp:80;windows/Session/ParameterActivityOperations.inc:33,Literal present,"Source literal present; dispatcher, parameter/guard/result/no-op compatibility still needs actual app conformance",Domain phase in parity matrix,evidence/current-api.describe.json; evidence/current-resonance-api.schema.json,Not executed,Not individually requalified; use P0c shared parameter/result/error/replay conformance.
parameter.activity.get,reads,windows/App/Main.cpp:502;windows/App/ParameterActivityWindow.hpp:92;windows/Session/ParameterActivityOperations.inc:45,Literal present,"Source literal present; dispatcher, parameter/guard/result/no-op compatibility still needs actual app conformance",Domain phase in parity matrix,evidence/current-api.describe.json; evidence/current-resonance-api.schema.json,Not executed,Not individually requalified; use P0c shared parameter/result/error/replay conformance.
parameter.activity.sources,reads,windows/App/Main.cpp:502;windows/App/ParameterActivityWindow.hpp:61;windows/Session/ParameterActivityOperations.inc:58,Literal present,"Source literal present; dispatcher, parameter/guard/result/no-op compatibility still needs actual app conformance",Domain phase in parity matrix,evidence/current-api.describe.json; evidence/current-resonance-api.schema.json,Not executed,Not individually requalified; use P0c shared parameter/result/error/replay conformance.
automation.recorded.get,reads,windows/App/ParameterActivityWindow.hpp:53;windows/Session/AbsoluteAutomation.inc:5;windows/Session/PluginOperations.cpp:74,Dispatcher and recorded-publication path traced; runtime unverified here,Preserve stopped reads and prepared live timeline edits/Undo/Redo. Full queue or invalid/stale/conflicting edit must preserve model/history/transport; manual gesture capture is separate.,Domain phase in parity matrix,evidence/current-api.describe.json; evidence/current-resonance-api.schema.json,Not executed,F28: AbsoluteAutomation.inc -> PluginOperations::commit/history -> DocumentController recordedPublication; Mac ParameterActivityAPI.inc -> TrackerSession::restorePluginGraph. Existing LiveGraphPublicationTests.inc covers live queue/history/save in source.
envelope.bank.list,reads,windows/App/EnvelopeBankWindow.hpp:43;windows/Session/EnvelopeOperations.cpp:349,Literal present,"Source literal present; dispatcher, parameter/guard/result/no-op compatibility still needs actual app conformance",Domain phase in parity matrix,evidence/current-api.describe.json; evidence/current-resonance-api.schema.json,Not executed,Not individually requalified; use P0c shared parameter/result/error/replay conformance.
scratch.gestures.get,reads,windows/App/ScratchGestureWindow.hpp:63;windows/Session/PatternOperations.cpp:57;windows/Session/ScratchGestureOperations.hpp:17,Literal present,"Source literal present; dispatcher, parameter/guard/result/no-op compatibility still needs actual app conformance",Domain phase in parity matrix,evidence/current-api.describe.json; evidence/current-resonance-api.schema.json,Not executed,Not individually requalified; use P0c shared parameter/result/error/replay conformance.
envelope.catalogue.list,reads,windows/App/EnvelopeBankWindow.hpp:44;windows/Session/EnvelopeOperations.cpp:349,Literal present,"Source literal present; dispatcher, parameter/guard/result/no-op compatibility still needs actual app conformance",Domain phase in parity matrix,evidence/current-api.describe.json; evidence/current-resonance-api.schema.json,Not executed,Not individually requalified; use P0c shared parameter/result/error/replay conformance.
transport.get,reads,windows/Api/SessionAdapter.hpp:117,Literal present,"Source literal present; dispatcher, parameter/guard/result/no-op compatibility still needs actual app conformance",Domain phase in parity matrix,evidence/current-api.describe.json; evidence/current-resonance-api.schema.json,Not executed,Not individually requalified; use P0c shared parameter/result/error/replay conformance.
automation.formula.preview,reads,windows/Api/SessionAdapter.hpp:140;windows/App/EnvelopeBankWindow.hpp:50;windows/App/FormulaWorkbenchWindow.hpp:95;windows/App/GraphCurveOwnerModel.inc:77;windows/App/ParameterAutomationWindow.hpp:120;windows/App/ScratchGestureWindow.hpp:83;windows/Session/TimelineOperations.cpp:71,Literal present,"Source literal present; dispatcher, parameter/guard/result/no-op compatibility still needs actual app conformance",Domain phase in parity matrix,evidence/current-api.describe.json; evidence/current-resonance-api.schema.json,Not executed,Not individually requalified; use P0c shared parameter/result/error/replay conformance.
automation.formula.reference,reads,windows/Api/SessionAdapter.hpp:140;windows/App/FormulaWorkbenchWindow.hpp:188;windows/App/ScratchGestureWindow.hpp:85;windows/Session/TimelineOperations.cpp:71,Literal present,"Source literal present; dispatcher, parameter/guard/result/no-op compatibility still needs actual app conformance",Domain phase in parity matrix,evidence/current-api.describe.json; evidence/current-resonance-api.schema.json,Not executed,Not individually requalified; use P0c shared parameter/result/error/replay conformance.
graph.provenance.get,reads,windows/App/GraphWorkflowActions.inc:41;windows/Session/GraphOperations.cpp:141;windows/Session/GraphProvenanceOperations.inc:1,Literal present,"Source literal present; dispatcher, parameter/guard/result/no-op compatibility still needs actual app conformance",Domain phase in parity matrix,evidence/current-api.describe.json; evidence/current-resonance-api.schema.json,Not executed,Not individually requalified; use P0c shared parameter/result/error/replay conformance.
graph.note.activity,reads,windows/Session/GraphOperations.cpp:141,Literal present,"Source literal present; dispatcher, parameter/guard/result/no-op compatibility still needs actual app conformance",Domain phase in parity matrix,evidence/current-api.describe.json; evidence/current-resonance-api.schema.json,Not executed,Not individually requalified; use P0c shared parameter/result/error/replay conformance.
graph.get,reads,windows/App/GraphCommandsWindow.hpp:53;windows/App/GraphEditor.inc:111;windows/App/GraphPatternLanes.inc:33;windows/App/GraphTrimsWindow.hpp:23;windows/App/GraphWorkflowModel.inc:71;windows/App/GraphWorkflowWindow.hpp:85;windows/App/Main.cpp:525;windows/App/SongRoutingWindow.hpp:48;windows/Session/GraphOperations.cpp:141,Literal present,"Source literal present; dispatcher, parameter/guard/result/no-op compatibility still needs actual app conformance",Domain phase in parity matrix,evidence/current-api.describe.json; evidence/current-resonance-api.schema.json,Not executed,Not individually requalified; use P0c shared parameter/result/error/replay conformance.
graph.selection.copy,reads,windows/Session/GraphOperations.cpp:141,Literal present,"Source literal present; dispatcher, parameter/guard/result/no-op compatibility still needs actual app conformance",Domain phase in parity matrix,evidence/current-api.describe.json; evidence/current-resonance-api.schema.json,Not executed,Not individually requalified; use P0c shared parameter/result/error/replay conformance.
graph.trim.get,reads,windows/App/GraphTrimsWindow.hpp:22;windows/Session/GraphOperations.cpp:141;windows/Session/GraphTrimOperations.inc:1,Literal present,"Source literal present; dispatcher, parameter/guard/result/no-op compatibility still needs actual app conformance",Domain phase in parity matrix,evidence/current-api.describe.json; evidence/current-resonance-api.schema.json,Not executed,Not individually requalified; use P0c shared parameter/result/error/replay conformance.
graph.group.boundary,reads,windows/Session/GraphOperations.cpp:141;windows/Session/GroupBypassOperations.inc:1,Literal present,"Source literal present; dispatcher, parameter/guard/result/no-op compatibility still needs actual app conformance",Domain phase in parity matrix,evidence/current-api.describe.json; evidence/current-resonance-api.schema.json,Not executed,Not individually requalified; use P0c shared parameter/result/error/replay conformance.
graph.signal.get,reads,windows/App/GraphWorkflowActions.inc:35;windows/App/Main.cpp:502,Literal present,"Source literal present; dispatcher, parameter/guard/result/no-op compatibility still needs actual app conformance",Domain phase in parity matrix,evidence/current-api.describe.json; evidence/current-resonance-api.schema.json,Not executed,Not individually requalified; use P0c shared parameter/result/error/replay conformance.
graph.scope.get,reads,windows/App/GraphWorkflowWindow.hpp:136;windows/App/Main.cpp:502;windows/App/SignalObservation.inc:39,Literal present,"Source literal present; dispatcher, parameter/guard/result/no-op compatibility still needs actual app conformance",Domain phase in parity matrix,evidence/current-api.describe.json; evidence/current-resonance-api.schema.json,Not executed,Not individually requalified; use P0c shared parameter/result/error/replay conformance.
graph.listen.get,reads,windows/App/Main.cpp:502;windows/App/SignalObservation.inc:11,Literal present,"Source literal present; dispatcher, parameter/guard/result/no-op compatibility still needs actual app conformance",Domain phase in parity matrix,evidence/current-api.describe.json; evidence/current-resonance-api.schema.json,Not executed,Not individually requalified; use P0c shared parameter/result/error/replay conformance.
graph.automation.get,reads,windows/App/GraphCurveOwnerModel.inc:31;windows/App/Main.cpp:526;windows/Session/GraphOperations.cpp:141,Literal present,"Source literal present; dispatcher, parameter/guard/result/no-op compatibility still needs actual app conformance",Domain phase in parity matrix,evidence/current-api.describe.json; evidence/current-resonance-api.schema.json,Not executed,Not individually requalified; use P0c shared parameter/result/error/replay conformance.
graph.plugin.get,reads,windows/App/GraphEditor.inc:221;windows/App/GraphWorkflowModel.inc:55;windows/Session/GraphPluginOperations.inc:20;windows/Session/PluginOperations.cpp:74,Literal present,"Source literal present; dispatcher, parameter/guard/result/no-op compatibility still needs actual app conformance",Domain phase in parity matrix,evidence/current-api.describe.json; evidence/current-resonance-api.schema.json,Not executed,Not individually requalified; use P0c shared parameter/result/error/replay conformance.
recording.get,reads,windows/Api/SessionAdapter.hpp:165;windows/App/Main.cpp:502;windows/App/RecordingIntegration.inc:335;windows/Session/RecordingOperations.inc:125,Literal present,"Source literal present; dispatcher, parameter/guard/result/no-op compatibility still needs actual app conformance",Domain phase in parity matrix,evidence/current-api.describe.json; evidence/current-resonance-api.schema.json,Not executed,Not individually requalified; use P0c shared parameter/result/error/replay conformance.
pattern.notes.get,reads,windows/Api/SessionAdapter.hpp:140;windows/App/EditingView.inc:36;windows/App/Main.cpp:525;windows/App/PreciseNoteOwnerModel.inc:164;windows/Session/PatternOperations.cpp:57;windows/Session/TimelineOperations.cpp:71,Literal present,"Source literal present; dispatcher, parameter/guard/result/no-op compatibility still needs actual app conformance",P0c/P3/P6,evidence/current-api.describe.json; evidence/current-resonance-api.schema.json,Not executed,Duplicate TimelineOperations and PatternOperations implementations; production dispatcher chooses PatternOperations first. Verify direct callers before consolidation; both get paths omit parameter when effect zero.
pattern.performance.get,reads,windows/Session/PatternOperations.cpp:57,Literal present,"Source literal present; dispatcher, parameter/guard/result/no-op compatibility still needs actual app conformance",Domain phase in parity matrix,evidence/current-api.describe.json; evidence/current-resonance-api.schema.json,Not executed,Not individually requalified; use P0c shared parameter/result/error/replay conformance.
pattern.effects.get,reads,windows/App/PatternEditor.inc:226;windows/Session/PatternOperations.cpp:57,Literal present,"Source literal present; dispatcher, parameter/guard/result/no-op compatibility still needs actual app conformance",Domain phase in parity matrix,evidence/current-api.describe.json; evidence/current-resonance-api.schema.json,Not executed,Not individually requalified; use P0c shared parameter/result/error/replay conformance.
instrument.envelope.get,reads,windows/App/InstrumentEnvelopeWindow.hpp:73;windows/App/Main.cpp:526;windows/Session/AssetOperations.cpp:173,Literal present,"Source literal present; dispatcher, parameter/guard/result/no-op compatibility still needs actual app conformance",Domain phase in parity matrix,evidence/current-api.describe.json; evidence/current-resonance-api.schema.json,Not executed,Not individually requalified; use P0c shared parameter/result/error/replay conformance.
instrument.envelope.copy,reads,windows/App/InstrumentEnvelopeWindow.hpp:101;windows/Session/AssetOperations.cpp:173,Literal present,"Source literal present; dispatcher, parameter/guard/result/no-op compatibility still needs actual app conformance",Domain phase in parity matrix,evidence/current-api.describe.json; evidence/current-resonance-api.schema.json,Not executed,Not individually requalified; use P0c shared parameter/result/error/replay conformance.
plugin.programs.get,reads,windows/App/PluginEditor.inc:136;windows/Session/PluginOperations.cpp:74,Literal present,"Source literal present; dispatcher, parameter/guard/result/no-op compatibility still needs actual app conformance",Domain phase in parity matrix,evidence/current-api.describe.json; evidence/current-resonance-api.schema.json,Not executed,Not individually requalified; use P0c shared parameter/result/error/replay conformance.
plugin.instruments.get,reads,windows/App/PluginInstrumentsWindow.hpp:54;windows/Session/PluginOperations.cpp:74,Literal present,"Source literal present; dispatcher, parameter/guard/result/no-op compatibility still needs actual app conformance",Domain phase in parity matrix,evidence/current-api.describe.json; evidence/current-resonance-api.schema.json,Not executed,Not individually requalified; use P0c shared parameter/result/error/replay conformance.
document.timing.get,reads,windows/Api/SessionAdapter.hpp:140;windows/App/SongTools.inc:151;windows/Session/TimelineOperations.cpp:71,Literal present,"Source literal present; dispatcher, parameter/guard/result/no-op compatibility still needs actual app conformance",Domain phase in parity matrix,evidence/current-api.describe.json; evidence/current-resonance-api.schema.json,Not executed,Not individually requalified; use P0c shared parameter/result/error/replay conformance.
track.get,reads,,No production literal found; confirmed contract gap listed in README,TrackOperations / current TrackLayout,P2,evidence/current-api.describe.json; evidence/current-resonance-api.schema.json,Not executed,Not individually requalified; use P0c shared parameter/result/error/replay conformance.
api.describe,reads,windows/Api/SessionAdapter.hpp:117,Literal present,"Source literal present; dispatcher, parameter/guard/result/no-op compatibility still needs actual app conformance",Domain phase in parity matrix,evidence/current-api.describe.json; evidence/current-resonance-api.schema.json,Not executed,Not individually requalified; use P0c shared parameter/result/error/replay conformance.
document.get,reads,windows/Api/SessionAdapter.hpp:117,Literal present,"Source literal present; dispatcher, parameter/guard/result/no-op compatibility still needs actual app conformance",Domain phase in parity matrix,evidence/current-api.describe.json; evidence/current-resonance-api.schema.json,Not executed,Not individually requalified; use P0c shared parameter/result/error/replay conformance.
pattern.get,reads,windows/Api/SessionAdapter.hpp:117,Literal present,"Source literal present; dispatcher, parameter/guard/result/no-op compatibility still needs actual app conformance",Domain phase in parity matrix,evidence/current-api.describe.json; evidence/current-resonance-api.schema.json,Not executed,Not individually requalified; use P0c shared parameter/result/error/replay conformance.
pattern.timeline.get,reads,,No production literal found; confirmed contract gap listed in README,Shared engine first-visit projection with order occurrence,P3,evidence/current-api.describe.json; evidence/current-resonance-api.schema.json,Not executed,Not individually requalified; use P0c shared parameter/result/error/replay conformance.
pattern.commands,reads,windows/Api/SessionAdapter.hpp:140;windows/Session/DocumentController.cpp:289;windows/Session/DocumentOperations.cpp:137;windows/Session/PatternOperations.cpp:38,Literal present,"Source literal present; dispatcher, parameter/guard/result/no-op compatibility still needs actual app conformance",Domain phase in parity matrix,evidence/current-api.describe.json; evidence/current-resonance-api.schema.json,Not executed,Not individually requalified; use P0c shared parameter/result/error/replay conformance.
sample.get,reads,windows/Api/SessionAdapter.hpp:140;windows/App/SampleDetailWindow.hpp:100;windows/App/SampleDetailWorkflows.inc:36;windows/Session/DocumentController.cpp:317;windows/Session/DocumentOperations.cpp:137,Literal present,"Source literal present; dispatcher, parameter/guard/result/no-op compatibility still needs actual app conformance",Domain phase in parity matrix,evidence/current-api.describe.json; evidence/current-resonance-api.schema.json,Not executed,Not individually requalified; use P0c shared parameter/result/error/replay conformance.
sample.waveform.get,reads,windows/Api/SessionAdapter.hpp:140;windows/App/SampleDetailWindow.hpp:90;windows/Session/DocumentOperations.cpp:137,Literal present,"Source literal present; dispatcher, parameter/guard/result/no-op compatibility still needs actual app conformance",Domain phase in parity matrix,evidence/current-api.describe.json; evidence/current-resonance-api.schema.json,Not executed,Not individually requalified; use P0c shared parameter/result/error/replay conformance.
sample.snap.get,reads,windows/App/SampleDetailWorkflows.inc:51;windows/Session/AssetOperations.cpp:172,Literal present,"Source literal present; dispatcher, parameter/guard/result/no-op compatibility still needs actual app conformance",Domain phase in parity matrix,evidence/current-api.describe.json; evidence/current-resonance-api.schema.json,Not executed,Not individually requalified; use P0c shared parameter/result/error/replay conformance.
sample.pcm.get,reads,windows/Session/AssetOperations.cpp:172,Literal present,"Source literal present; dispatcher, parameter/guard/result/no-op compatibility still needs actual app conformance",Domain phase in parity matrix,evidence/current-api.describe.json; evidence/current-resonance-api.schema.json,Not executed,Not individually requalified; use P0c shared parameter/result/error/replay conformance.
sample.clipboard.get,reads,windows/App/SampleDetailWorkflows.inc:67;windows/App/SampleEditor.inc:96;windows/Session/AssetOperations.cpp:172,Literal present,"Source literal present; dispatcher, parameter/guard/result/no-op compatibility still needs actual app conformance",Domain phase in parity matrix,evidence/current-api.describe.json; evidence/current-resonance-api.schema.json,Not executed,Not individually requalified; use P0c shared parameter/result/error/replay conformance.
instrument.get,reads,windows/App/InstrumentEnvelopeWindow.hpp:73;windows/App/Main.cpp:526;windows/Session/AssetOperations.cpp:173,Literal present,"Source literal present; dispatcher, parameter/guard/result/no-op compatibility still needs actual app conformance",Domain phase in parity matrix,evidence/current-api.describe.json; evidence/current-resonance-api.schema.json,Not executed,Not individually requalified; use P0c shared parameter/result/error/replay conformance.
plugin.preset.inspect,reads,windows/App/PluginEditor.inc:30;windows/Session/PluginOperations.cpp:74,Literal present,"Source literal present; dispatcher, parameter/guard/result/no-op compatibility still needs actual app conformance",Domain phase in parity matrix,evidence/current-api.describe.json; evidence/current-resonance-api.schema.json,Not executed,Not individually requalified; use P0c shared parameter/result/error/replay conformance.
plugin.library.get,reads,windows/App/PluginEditor.inc:106;windows/App/PluginLibraryWindow.hpp:43;windows/Session/DocumentController.cpp:519;windows/Session/PluginLibraryOperations.inc:7;windows/Session/PluginOperations.cpp:74,Literal present,"Source literal present; dispatcher, parameter/guard/result/no-op compatibility still needs actual app conformance",Domain phase in parity matrix,evidence/current-api.describe.json; evidence/current-resonance-api.schema.json,Not executed,Not individually requalified; use P0c shared parameter/result/error/replay conformance.
plugin.locations.get,reads,,No production literal found; confirmed contract gap listed in README,Document equivalent Windows plugin.path.get/scan semantics,P6/P7,evidence/current-api.describe.json; evidence/current-resonance-api.schema.json,Not executed,Not individually requalified; use P0c shared parameter/result/error/replay conformance.
plugin.discover,reads,windows/App/PluginPathWindow.hpp:47;windows/Session/PluginLibraryOperations.inc:15;windows/Session/PluginOperations.cpp:74,Literal present,"Source literal present; dispatcher, parameter/guard/result/no-op compatibility still needs actual app conformance",Domain phase in parity matrix,evidence/current-api.describe.json; evidence/current-resonance-api.schema.json,Not executed,Not individually requalified; use P0c shared parameter/result/error/replay conformance.
plugin.parameters.get,reads,windows/App/AbsoluteAutomationWindow.hpp:60;windows/App/GraphWorkflowModel.inc:54;windows/App/Main.cpp:526;windows/App/ParameterAutomationWindow.hpp:95;windows/App/PluginEditor.inc:118;windows/Session/DocumentController.cpp:677;windows/Session/PluginOperations.cpp:74,Literal present,"Source literal present; dispatcher, parameter/guard/result/no-op compatibility still needs actual app conformance",Domain phase in parity matrix,evidence/current-api.describe.json; evidence/current-resonance-api.schema.json,Not executed,Not individually requalified; use P0c shared parameter/result/error/replay conformance.
plugin.meters,reads,,No production literal found; confirmed contract gap listed in README,Compatible read projection over shared signal/plugin telemetry,P5,evidence/current-api.describe.json; evidence/current-resonance-api.schema.json,Not executed,Not individually requalified; use P0c shared parameter/result/error/replay conformance.
plugin.state.get,reads,windows/Session/PluginOperations.cpp:74,Literal present,"Source literal present; dispatcher, parameter/guard/result/no-op compatibility still needs actual app conformance",P0c/P6,evidence/current-api.describe.json; evidence/current-resonance-api.schema.json,Not executed,Windows accepts stable plugin identity as well as slot. Verify Mac alias/schema and document intentional extension; API compatibility is more than method-name presence.
plugin.buses.get,reads,windows/App/PluginEditor.inc:137;windows/Session/PluginOperations.cpp:74,Literal present,"Source literal present; dispatcher, parameter/guard/result/no-op compatibility still needs actual app conformance",Domain phase in parity matrix,evidence/current-api.describe.json; evidence/current-resonance-api.schema.json,Not executed,Not individually requalified; use P0c shared parameter/result/error/replay conformance.
automation.get,reads,windows/App/AbsoluteAutomationWindow.hpp:59;windows/Session/AbsoluteAutomation.inc:40;windows/Session/DocumentController.cpp:535;windows/Session/PluginOperations.cpp:74,Literal present,"Source literal present; dispatcher, parameter/guard/result/no-op compatibility still needs actual app conformance",Domain phase in parity matrix,evidence/current-api.describe.json; evidence/current-resonance-api.schema.json,Not executed,Not individually requalified; use P0c shared parameter/result/error/replay conformance.
automation.target.get,reads,windows/App/AbsoluteAutomationWindow.hpp:70;windows/App/ParameterAutomationWindow.hpp:173;windows/Session/PluginOperations.cpp:74,Literal present,"Source literal present; dispatcher, parameter/guard/result/no-op compatibility still needs actual app conformance",Domain phase in parity matrix,evidence/current-api.describe.json; evidence/current-resonance-api.schema.json,Not executed,Not individually requalified; use P0c shared parameter/result/error/replay conformance.
arrangement.get,reads,windows/Api/SessionAdapter.hpp:140;windows/Session/DocumentOperations.cpp:137,Literal present,"Source literal present; dispatcher, parameter/guard/result/no-op compatibility still needs actual app conformance",Domain phase in parity matrix,evidence/current-api.describe.json; evidence/current-resonance-api.schema.json,Not executed,Not individually requalified; use P0c shared parameter/result/error/replay conformance.
arrangement.matrix,reads,windows/Api/SessionAdapter.hpp:140;windows/App/ArrangementMatrixWindow.hpp:107;windows/App/SongTools.inc:131;windows/Session/DocumentOperations.cpp:137,Literal present,"Source literal present; dispatcher, parameter/guard/result/no-op compatibility still needs actual app conformance",Domain phase in parity matrix,evidence/current-api.describe.json; evidence/current-resonance-api.schema.json,Not executed,Not individually requalified; use P0c shared parameter/result/error/replay conformance.
automation.pattern.get,reads,windows/App/Main.cpp:526;windows/App/ParameterAutomationWindow.hpp:90;windows/Session/PatternAutomation.inc:30;windows/Session/PatternOperations.cpp:57,Literal present,"Source literal present; dispatcher, parameter/guard/result/no-op compatibility still needs actual app conformance",Domain phase in parity matrix,evidence/current-api.describe.json; evidence/current-resonance-api.schema.json,Not executed,Not individually requalified; use P0c shared parameter/result/error/replay conformance.
automation.pattern.copy,reads,windows/App/ParameterAutomationWindow.hpp:145;windows/Session/PatternAutomation.inc:50;windows/Session/PatternOperations.cpp:57,Literal present,"Source literal present; dispatcher, parameter/guard/result/no-op compatibility still needs actual app conformance",Domain phase in parity matrix,evidence/current-api.describe.json; evidence/current-resonance-api.schema.json,Not executed,Not individually requalified; use P0c shared parameter/result/error/replay conformance.
mixer.get,reads,windows/App/Main.cpp:525;windows/App/MixerEditor.inc:71;windows/Session/MixerOperations.cpp:25,Literal present,"Source literal present; dispatcher, parameter/guard/result/no-op compatibility still needs actual app conformance",Domain phase in parity matrix,evidence/current-api.describe.json; evidence/current-resonance-api.schema.json,Not executed,Not individually requalified; use P0c shared parameter/result/error/replay conformance.
mixer.meters,reads,windows/Session/MixerOperations.cpp:25,Literal present,"Source literal present; dispatcher, parameter/guard/result/no-op compatibility still needs actual app conformance",Domain phase in parity matrix,evidence/current-api.describe.json; evidence/current-resonance-api.schema.json,Not executed,Not individually requalified; use P0c shared parameter/result/error/replay conformance.
context.get,reads,windows/Api/SessionAdapter.hpp:117,Literal present,"Source literal present; dispatcher, parameter/guard/result/no-op compatibility still needs actual app conformance",Domain phase in parity matrix,evidence/current-api.describe.json; evidence/current-resonance-api.schema.json,Not executed,Not individually requalified; use P0c shared parameter/result/error/replay conformance.
workspace.commands.get,reads,windows/Api/SessionAdapter.hpp:117;windows/App/Main.cpp:377,Literal present,"Source literal present; dispatcher, parameter/guard/result/no-op compatibility still needs actual app conformance",Domain phase in parity matrix,evidence/current-api.describe.json; evidence/current-resonance-api.schema.json,Not executed,Not individually requalified; use P0c shared parameter/result/error/replay conformance.
workspace.get,reads,windows/Api/SessionAdapter.hpp:117;windows/App/Main.cpp:363;windows/App/WorkspaceLayouts.inc:103,Literal present,"Source literal present; dispatcher, parameter/guard/result/no-op compatibility still needs actual app conformance",Domain phase in parity matrix,evidence/current-api.describe.json; evidence/current-resonance-api.schema.json,Not executed,Not individually requalified; use P0c shared parameter/result/error/replay conformance.
recovery.status,reads,windows/Api/SessionAdapter.hpp:177;windows/App/SampleLibrary.inc:61,Literal present,"Source literal present; dispatcher, parameter/guard/result/no-op compatibility still needs actual app conformance",Domain phase in parity matrix,evidence/current-api.describe.json; evidence/current-resonance-api.schema.json,Not executed,Not individually requalified; use P0c shared parameter/result/error/replay conformance.
recovery.list,reads,windows/App/RecoveryIntegration.inc:162;windows/App/SampleLibrary.inc:61,Literal present,"Source literal present; dispatcher, parameter/guard/result/no-op compatibility still needs actual app conformance",Domain phase in parity matrix,evidence/current-api.describe.json; evidence/current-resonance-api.schema.json,Not executed,Not individually requalified; use P0c shared parameter/result/error/replay conformance.
sample.library.get,reads,windows/Samples/Library.cpp:114,Literal present,"Source literal present; dispatcher, parameter/guard/result/no-op compatibility still needs actual app conformance",Domain phase in parity matrix,evidence/current-api.describe.json; evidence/current-resonance-api.schema.json,Not executed,Not individually requalified; use P0c shared parameter/result/error/replay conformance.
sample.library.search,reads,windows/App/SampleLibraryWindow.hpp:50;windows/Samples/Library.cpp:125,Literal present,"Source literal present; dispatcher, parameter/guard/result/no-op compatibility still needs actual app conformance",Domain phase in parity matrix,evidence/current-api.describe.json; evidence/current-resonance-api.schema.json,Not executed,Not individually requalified; use P0c shared parameter/result/error/replay conformance.
sample.library.inspect,reads,windows/App/SampleLibrary.inc:61;windows/App/SampleLibraryWindow.hpp:62,Literal present,"Source literal present; dispatcher, parameter/guard/result/no-op compatibility still needs actual app conformance",Domain phase in parity matrix,evidence/current-api.describe.json; evidence/current-resonance-api.schema.json,Not executed,Not individually requalified; use P0c shared parameter/result/error/replay conformance.
sample.library.multisample.get,reads,windows/App/SampleLibraryWindow.hpp:63;windows/Samples/Library.cpp:131,Literal present,"Source literal present; dispatcher, parameter/guard/result/no-op compatibility still needs actual app conformance",Domain phase in parity matrix,evidence/current-api.describe.json; evidence/current-resonance-api.schema.json,Not executed,Not individually requalified; use P0c shared parameter/result/error/replay conformance.
sample.renderSelection,writes,windows/App/Main.cpp:503;windows/App/PatternSampleRenderWindow.hpp:33;windows/App/SampleCaptureIntegration.inc:59;windows/Session/DocumentController.cpp:417,Literal present,"Source literal present; dispatcher, parameter/guard/result/no-op compatibility still needs actual app conformance",Domain phase in parity matrix,evidence/current-api.describe.json; evidence/current-resonance-api.schema.json,Not executed,Not individually requalified; use P0c shared parameter/result/error/replay conformance.
sample.recording.start,writes,windows/App/SampleRecordingWindow.hpp:113;windows/Session/SampleRecordingOperations.cpp:24;windows/Session/SampleRecordingOperations.hpp:31,Literal present,"Source literal present; dispatcher, parameter/guard/result/no-op compatibility still needs actual app conformance",Domain phase in parity matrix,evidence/current-api.describe.json; evidence/current-resonance-api.schema.json,Not executed,Not individually requalified; use P0c shared parameter/result/error/replay conformance.
sample.recording.stop,writes,windows/Api/SessionAdapter.hpp:151;windows/App/SampleRecordingWindow.hpp:120;windows/Session/SampleRecordingOperations.cpp:34;windows/Session/SampleRecordingOperations.hpp:31,Literal present,"Source literal present; dispatcher, parameter/guard/result/no-op compatibility still needs actual app conformance",Domain phase in parity matrix,evidence/current-api.describe.json; evidence/current-resonance-api.schema.json,Not executed,Not individually requalified; use P0c shared parameter/result/error/replay conformance.
sample.recording.commit,writes,windows/App/SampleRecordingWindow.hpp:128;windows/Session/DocumentController.cpp:417;windows/Session/SampleRecordingOperations.cpp:38;windows/Session/SampleRecordingOperations.hpp:31,Literal present,"Source literal present; dispatcher, parameter/guard/result/no-op compatibility still needs actual app conformance",Domain phase in parity matrix,evidence/current-api.describe.json; evidence/current-resonance-api.schema.json,Not executed,Not individually requalified; use P0c shared parameter/result/error/replay conformance.
sample.recording.discard,writes,windows/Api/SessionAdapter.hpp:151;windows/App/SampleRecordingWindow.hpp:136;windows/Session/SampleRecordingOperations.cpp:34;windows/Session/SampleRecordingOperations.hpp:31,Literal present,"Source literal present; dispatcher, parameter/guard/result/no-op compatibility still needs actual app conformance",Domain phase in parity matrix,evidence/current-api.describe.json; evidence/current-resonance-api.schema.json,Not executed,Not individually requalified; use P0c shared parameter/result/error/replay conformance.
parameter.activity.watch,writes,windows/Api/SessionAdapter.hpp:151;windows/App/Main.cpp:503;windows/App/ParameterActivityWindow.hpp:65;windows/Session/ParameterActivityOperations.inc:37,Literal present,"Source literal present; dispatcher, parameter/guard/result/no-op compatibility still needs actual app conformance",Domain phase in parity matrix,evidence/current-api.describe.json; evidence/current-resonance-api.schema.json,Not executed,Not individually requalified; use P0c shared parameter/result/error/replay conformance.
automation.recorded.edit,writes,windows/App/ParameterActivityWindow.hpp:104;windows/Session/AbsoluteAutomation.inc:5;windows/Session/DocumentController.cpp:535;windows/Session/PluginOperations.cpp:75,Dispatcher and recorded-publication path traced; runtime unverified here,Preserve stopped reads and prepared live timeline edits/Undo/Redo. Full queue or invalid/stale/conflicting edit must preserve model/history/transport; manual gesture capture is separate.,Domain phase in parity matrix,evidence/current-api.describe.json; evidence/current-resonance-api.schema.json,Not executed,F28: AbsoluteAutomation.inc -> PluginOperations::commit/history -> DocumentController recordedPublication; Mac ParameterActivityAPI.inc -> TrackerSession::restorePluginGraph. Existing LiveGraphPublicationTests.inc covers live queue/history/save in source.
envelope.bank.save,writes,windows/App/EnvelopeBankWindow.hpp:68;windows/App/GraphCurveOwnerChildren.inc:45;windows/App/InstrumentEnvelopeWindow.hpp:105;windows/App/ParameterAutomationWindow.hpp:168;windows/Session/EnvelopeOperations.cpp:350,Literal present,"Source literal present; dispatcher, parameter/guard/result/no-op compatibility still needs actual app conformance",Domain phase in parity matrix,evidence/current-api.describe.json; evidence/current-resonance-api.schema.json,Not executed,Not individually requalified; use P0c shared parameter/result/error/replay conformance.
scratch.gestures.set,writes,windows/App/ScratchGestureWindow.hpp:72;windows/Session/PatternOperations.cpp:58;windows/Session/ScratchGestureOperations.hpp:23,Literal present,"Source literal present; dispatcher, parameter/guard/result/no-op compatibility still needs actual app conformance",Domain phase in parity matrix,evidence/current-api.describe.json; evidence/current-resonance-api.schema.json,Not executed,Not individually requalified; use P0c shared parameter/result/error/replay conformance.
scratch.gestures.remove,writes,windows/App/ScratchGestureWindow.hpp:128;windows/Session/PatternOperations.cpp:58;windows/Session/ScratchGestureOperations.hpp:23,Literal present,"Source literal present; dispatcher, parameter/guard/result/no-op compatibility still needs actual app conformance",Domain phase in parity matrix,evidence/current-api.describe.json; evidence/current-resonance-api.schema.json,Not executed,Not individually requalified; use P0c shared parameter/result/error/replay conformance.
scratch.gestures.clone,writes,windows/App/ScratchGestureWindow.hpp:127;windows/Session/DocumentController.cpp:691;windows/Session/PatternOperations.cpp:58;windows/Session/ScratchGestureOperations.hpp:23,Literal present,"Source literal present; dispatcher, parameter/guard/result/no-op compatibility still needs actual app conformance",Domain phase in parity matrix,evidence/current-api.describe.json; evidence/current-resonance-api.schema.json,Not executed,Not individually requalified; use P0c shared parameter/result/error/replay conformance.
envelope.bank.remove,writes,windows/App/EnvelopeBankWindow.hpp:79;windows/Session/EnvelopeOperations.cpp:350,Literal present,"Source literal present; dispatcher, parameter/guard/result/no-op compatibility still needs actual app conformance",Domain phase in parity matrix,evidence/current-api.describe.json; evidence/current-resonance-api.schema.json,Not executed,Not individually requalified; use P0c shared parameter/result/error/replay conformance.
envelope.bank.apply,writes,windows/App/EnvelopeBankWindow.hpp:78;windows/App/GraphCurveOwnerChildren.inc:45;windows/App/InstrumentEnvelopeWindow.hpp:105;windows/App/ParameterAutomationWindow.hpp:168;windows/Session/EnvelopeOperations.cpp:350,Literal present,"Source literal present; dispatcher, parameter/guard/result/no-op compatibility still needs actual app conformance",Domain phase in parity matrix,evidence/current-api.describe.json; evidence/current-resonance-api.schema.json,Not executed,Not individually requalified; use P0c shared parameter/result/error/replay conformance.
envelope.bank.unlink,writes,windows/App/EnvelopeBankWindow.hpp:69;windows/App/GraphCurveOwnerChildren.inc:45;windows/App/InstrumentEnvelopeWindow.hpp:105;windows/App/ParameterAutomationWindow.hpp:168;windows/Session/EnvelopeOperations.cpp:350,Literal present,"Source literal present; dispatcher, parameter/guard/result/no-op compatibility still needs actual app conformance",Domain phase in parity matrix,evidence/current-api.describe.json; evidence/current-resonance-api.schema.json,Not executed,Not individually requalified; use P0c shared parameter/result/error/replay conformance.
envelope.catalogue.publish,writes,windows/App/EnvelopeBankWindow.hpp:80;windows/Session/EnvelopeOperations.cpp:350,Literal present,"Source literal present; dispatcher, parameter/guard/result/no-op compatibility still needs actual app conformance",Domain phase in parity matrix,evidence/current-api.describe.json; evidence/current-resonance-api.schema.json,Not executed,Not individually requalified; use P0c shared parameter/result/error/replay conformance.
envelope.catalogue.import,writes,windows/App/EnvelopeBankWindow.hpp:71;windows/Session/EnvelopeOperations.cpp:350,Literal present,"Source literal present; dispatcher, parameter/guard/result/no-op compatibility still needs actual app conformance",Domain phase in parity matrix,evidence/current-api.describe.json; evidence/current-resonance-api.schema.json,Not executed,Not individually requalified; use P0c shared parameter/result/error/replay conformance.
transport.play,writes,windows/Api/SessionAdapter.hpp:118,Literal present,"Source literal present; dispatcher, parameter/guard/result/no-op compatibility still needs actual app conformance",Domain phase in parity matrix,evidence/current-api.describe.json; evidence/current-resonance-api.schema.json,Not executed,Not individually requalified; use P0c shared parameter/result/error/replay conformance.
transport.stop,writes,windows/Api/SessionAdapter.hpp:118,Literal present,"Source literal present; dispatcher, parameter/guard/result/no-op compatibility still needs actual app conformance",Domain phase in parity matrix,evidence/current-api.describe.json; evidence/current-resonance-api.schema.json,Not executed,Not individually requalified; use P0c shared parameter/result/error/replay conformance.
transport.note,writes,windows/App/Audition.inc:32;windows/App/AuditionWindow.hpp:30;windows/App/Main.cpp:503;windows/App/MusicalTyping.inc:67;windows/App/RecordingIntegration.inc:112,Literal present,"Source literal present; dispatcher, parameter/guard/result/no-op compatibility still needs actual app conformance",Domain phase in parity matrix,evidence/current-api.describe.json; evidence/current-resonance-api.schema.json,Not executed,Not individually requalified; use P0c shared parameter/result/error/replay conformance.
transport.panic,writes,windows/App/Audition.inc:36;windows/App/AuditionWindow.hpp:59;windows/App/Main.cpp:503,Literal present,"Source literal present; dispatcher, parameter/guard/result/no-op compatibility still needs actual app conformance",Domain phase in parity matrix,evidence/current-api.describe.json; evidence/current-resonance-api.schema.json,Not executed,Not individually requalified; use P0c shared parameter/result/error/replay conformance.
transport.loop,writes,,No production literal found; confirmed contract gap listed in README,Prepared active playback-region loop update,P3,evidence/current-api.describe.json; evidence/current-resonance-api.schema.json,Not executed,Not individually requalified; use P0c shared parameter/result/error/replay conformance.
graph.plugin.set,writes,windows/App/GraphEditor.inc:245;windows/App/GraphWorkflowActions.inc:11;windows/Session/GraphPluginOperations.inc:38;windows/Session/PluginOperations.cpp:75,Literal present,"Source literal present; dispatcher, parameter/guard/result/no-op compatibility still needs actual app conformance",P5,evidence/current-api.describe.json; evidence/current-resonance-api.schema.json,Not executed,"Confirmed Windows GraphPluginOperations.inc:40 rejects gesture. Migrate gesture identity/history semantics with both adapters, not just an allowlist addition."
graph.plugin.bypass,writes,windows/App/GraphWorkflowActions.inc:10;windows/Session/GraphPluginOperations.inc:33;windows/Session/PluginOperations.cpp:75,Literal present,"Source literal present; dispatcher, parameter/guard/result/no-op compatibility still needs actual app conformance",Domain phase in parity matrix,evidence/current-api.describe.json; evidence/current-resonance-api.schema.json,Not executed,Not individually requalified; use P0c shared parameter/result/error/replay conformance.
graph.plugin.preset.save,writes,windows/Session/GraphPluginOperations.inc:21;windows/Session/PluginOperations.cpp:75,Literal present,"Source literal present; dispatcher, parameter/guard/result/no-op compatibility still needs actual app conformance",Domain phase in parity matrix,evidence/current-api.describe.json; evidence/current-resonance-api.schema.json,Not executed,Not individually requalified; use P0c shared parameter/result/error/replay conformance.
graph.plugin.preset.load,writes,windows/Session/GraphPluginOperations.inc:26;windows/Session/PluginOperations.cpp:75,Literal present,"Source literal present; dispatcher, parameter/guard/result/no-op compatibility still needs actual app conformance",Domain phase in parity matrix,evidence/current-api.describe.json; evidence/current-resonance-api.schema.json,Not executed,Not individually requalified; use P0c shared parameter/result/error/replay conformance.
graph.note.connect,writes,windows/Session/GraphOperations.cpp:142;windows/Session/NoteRoutingOperations.inc:10,Literal present,"Source literal present; dispatcher, parameter/guard/result/no-op compatibility still needs actual app conformance",Domain phase in parity matrix,evidence/current-api.describe.json; evidence/current-resonance-api.schema.json,Not executed,Not individually requalified; use P0c shared parameter/result/error/replay conformance.
graph.note.update,writes,windows/Session/GraphOperations.cpp:142;windows/Session/NoteRoutingOperations.inc:16,Literal present,"Source literal present; dispatcher, parameter/guard/result/no-op compatibility still needs actual app conformance",Domain phase in parity matrix,evidence/current-api.describe.json; evidence/current-resonance-api.schema.json,Not executed,Not individually requalified; use P0c shared parameter/result/error/replay conformance.
graph.note.disconnect,writes,windows/Session/GraphOperations.cpp:142;windows/Session/NoteRoutingOperations.inc:21,Literal present,"Source literal present; dispatcher, parameter/guard/result/no-op compatibility still needs actual app conformance",Domain phase in parity matrix,evidence/current-api.describe.json; evidence/current-resonance-api.schema.json,Not executed,Not individually requalified; use P0c shared parameter/result/error/replay conformance.
graph.note.restoreAssignment,writes,windows/Session/GraphOperations.cpp:142;windows/Session/NoteRoutingOperations.inc:25,Literal present,"Source literal present; dispatcher, parameter/guard/result/no-op compatibility still needs actual app conformance",Domain phase in parity matrix,evidence/current-api.describe.json; evidence/current-resonance-api.schema.json,Not executed,Not individually requalified; use P0c shared parameter/result/error/replay conformance.
graph.source.mute,writes,windows/Session/GraphOperations.cpp:142,Literal present,"Source literal present; dispatcher, parameter/guard/result/no-op compatibility still needs actual app conformance",Domain phase in parity matrix,evidence/current-api.describe.json; evidence/current-resonance-api.schema.json,Not executed,Not individually requalified; use P0c shared parameter/result/error/replay conformance.
graph.trim.set,writes,windows/App/GraphTrimsWindow.hpp:33;windows/Session/GraphOperations.cpp:142;windows/Session/GraphTrimWriteOperations.inc:1,Literal present,"Source literal present; dispatcher, parameter/guard/result/no-op compatibility still needs actual app conformance",Domain phase in parity matrix,evidence/current-api.describe.json; evidence/current-resonance-api.schema.json,Not executed,Not individually requalified; use P0c shared parameter/result/error/replay conformance.
graph.group.bypass,writes,windows/Session/GraphOperations.cpp:142;windows/Session/GroupBypassWriteOperations.inc:1,Literal present,"Source literal present; dispatcher, parameter/guard/result/no-op compatibility still needs actual app conformance",Domain phase in parity matrix,evidence/current-api.describe.json; evidence/current-resonance-api.schema.json,Not executed,Not individually requalified; use P0c shared parameter/result/error/replay conformance.
graph.makeIndependent,writes,windows/Session/GraphOperations.cpp:142,Literal present,"Source literal present; dispatcher, parameter/guard/result/no-op compatibility still needs actual app conformance",Domain phase in parity matrix,evidence/current-api.describe.json; evidence/current-resonance-api.schema.json,Not executed,Not individually requalified; use P0c shared parameter/result/error/replay conformance.
graph.selection.paste,writes,windows/Session/GraphOperations.cpp:142,Literal present,"Source literal present; dispatcher, parameter/guard/result/no-op compatibility still needs actual app conformance",Domain phase in parity matrix,evidence/current-api.describe.json; evidence/current-resonance-api.schema.json,Not executed,Not individually requalified; use P0c shared parameter/result/error/replay conformance.
graph.selection.cut,writes,windows/Session/GraphOperations.cpp:142,Literal present,"Source literal present; dispatcher, parameter/guard/result/no-op compatibility still needs actual app conformance",Domain phase in parity matrix,evidence/current-api.describe.json; evidence/current-resonance-api.schema.json,Not executed,Not individually requalified; use P0c shared parameter/result/error/replay conformance.
graph.selection.duplicate,writes,windows/Session/GraphOperations.cpp:142,Literal present,"Source literal present; dispatcher, parameter/guard/result/no-op compatibility still needs actual app conformance",Domain phase in parity matrix,evidence/current-api.describe.json; evidence/current-resonance-api.schema.json,Not executed,Not individually requalified; use P0c shared parameter/result/error/replay conformance.
graph.plugin.editor.open,writes,windows/App/GraphEditor.inc:246;windows/Session/GraphPluginOperations.inc:47;windows/Session/PluginOperations.cpp:75,Literal present,"Source literal present; dispatcher, parameter/guard/result/no-op compatibility still needs actual app conformance",Domain phase in parity matrix,evidence/current-api.describe.json; evidence/current-resonance-api.schema.json,Not executed,Not individually requalified; use P0c shared parameter/result/error/replay conformance.
graph.plugin.editor.commit,writes,windows/App/GraphEditor.inc:247;windows/Session/GraphPluginOperations.inc:51;windows/Session/PluginOperations.cpp:75,Literal present,"Source literal present; dispatcher, parameter/guard/result/no-op compatibility still needs actual app conformance",Domain phase in parity matrix,evidence/current-api.describe.json; evidence/current-resonance-api.schema.json,Not executed,Not individually requalified; use P0c shared parameter/result/error/replay conformance.
graph.plugin.editor.close,writes,windows/App/GraphEditor.inc:247;windows/Session/GraphPluginOperations.inc:7;windows/Session/PluginOperations.cpp:75,Literal present,"Source literal present; dispatcher, parameter/guard/result/no-op compatibility still needs actual app conformance",Domain phase in parity matrix,evidence/current-api.describe.json; evidence/current-resonance-api.schema.json,Not executed,Not individually requalified; use P0c shared parameter/result/error/replay conformance.
graph.layout.set,writes,windows/App/SongRoutingWindow.hpp:107;windows/Session/GraphOperations.cpp:142,Literal present,"Source literal present; dispatcher, parameter/guard/result/no-op compatibility still needs actual app conformance",Domain phase in parity matrix,evidence/current-api.describe.json; evidence/current-resonance-api.schema.json,Not executed,Not individually requalified; use P0c shared parameter/result/error/replay conformance.
graph.presentation.set,writes,windows/App/GraphWorkflowWindow.hpp:100;windows/Session/GraphOperations.cpp:142;windows/Session/GraphPresentationOperations.inc:1,Literal present,"Source literal present; dispatcher, parameter/guard/result/no-op compatibility still needs actual app conformance",Domain phase in parity matrix,evidence/current-api.describe.json; evidence/current-resonance-api.schema.json,Not executed,Not individually requalified; use P0c shared parameter/result/error/replay conformance.
graph.routes.set,writes,windows/App/SongRoutingWindow.hpp:78;windows/Session/GraphOperations.cpp:142,Literal present,"Source literal present; dispatcher, parameter/guard/result/no-op compatibility still needs actual app conformance",Domain phase in parity matrix,evidence/current-api.describe.json; evidence/current-resonance-api.schema.json,Not executed,Not individually requalified; use P0c shared parameter/result/error/replay conformance.
graph.audio.connection.set,writes,windows/Session/GraphOperations.cpp:142;windows/Session/StageConnectionOperations.inc:1,Literal present,"Source literal present; dispatcher, parameter/guard/result/no-op compatibility still needs actual app conformance",Domain phase in parity matrix,evidence/current-api.describe.json; evidence/current-resonance-api.schema.json,Not executed,Not individually requalified; use P0c shared parameter/result/error/replay conformance.
graph.connections.remove,writes,windows/App/SongRoutingWindow.hpp:89;windows/Session/GraphOperations.cpp:142,Literal present,"Source literal present; dispatcher, parameter/guard/result/no-op compatibility still needs actual app conformance",Domain phase in parity matrix,evidence/current-api.describe.json; evidence/current-resonance-api.schema.json,Not executed,Not individually requalified; use P0c shared parameter/result/error/replay conformance.
graph.controller,writes,,No production literal found; confirmed contract gap listed in README,Public guarded controller delivery over existing MIDI graph path,P7,evidence/current-api.describe.json; evidence/current-resonance-api.schema.json,Not executed,Not individually requalified; use P0c shared parameter/result/error/replay conformance.
graph.signal.clear,writes,windows/App/GraphWorkflowActions.inc:62;windows/App/Main.cpp:503;windows/App/SignalObservation.inc:52,Literal present,"Source literal present; dispatcher, parameter/guard/result/no-op compatibility still needs actual app conformance",Domain phase in parity matrix,evidence/current-api.describe.json; evidence/current-resonance-api.schema.json,Not executed,Not individually requalified; use P0c shared parameter/result/error/replay conformance.
graph.scope.watch,writes,windows/App/GraphWorkflowActions.inc:60;windows/App/Main.cpp:503;windows/App/SignalObservation.inc:28,Literal present,"Source literal present; dispatcher, parameter/guard/result/no-op compatibility still needs actual app conformance",Domain phase in parity matrix,evidence/current-api.describe.json; evidence/current-resonance-api.schema.json,Not executed,Not individually requalified; use P0c shared parameter/result/error/replay conformance.
graph.listen.set,writes,windows/App/GraphWorkflowActions.inc:61;windows/App/Main.cpp:503;windows/App/SignalObservation.inc:15,Literal present,"Source literal present; dispatcher, parameter/guard/result/no-op compatibility still needs actual app conformance",Domain phase in parity matrix,evidence/current-api.describe.json; evidence/current-resonance-api.schema.json,Not executed,Not individually requalified; use P0c shared parameter/result/error/replay conformance.
graph.song.source.add,writes,windows/App/GraphWorkflowActions.inc:12;windows/Session/GraphOperations.cpp:142;windows/Session/SongModulationOperations.inc:29,Literal present,"Source literal present; dispatcher, parameter/guard/result/no-op compatibility still needs actual app conformance",Domain phase in parity matrix,evidence/current-api.describe.json; evidence/current-resonance-api.schema.json,Not executed,Not individually requalified; use P0c shared parameter/result/error/replay conformance.
graph.song.source.update,writes,windows/App/GraphWorkflowActions.inc:12;windows/Session/GraphOperations.cpp:142;windows/Session/SongModulationOperations.inc:37,Literal present,"Source literal present; dispatcher, parameter/guard/result/no-op compatibility still needs actual app conformance",Domain phase in parity matrix,evidence/current-api.describe.json; evidence/current-resonance-api.schema.json,Not executed,Not individually requalified; use P0c shared parameter/result/error/replay conformance.
graph.song.source.remove,writes,windows/App/GraphWorkflowActions.inc:12;windows/Session/GraphOperations.cpp:142;windows/Session/SongModulationOperations.inc:42,Literal present,"Source literal present; dispatcher, parameter/guard/result/no-op compatibility still needs actual app conformance",Domain phase in parity matrix,evidence/current-api.describe.json; evidence/current-resonance-api.schema.json,Not executed,Not individually requalified; use P0c shared parameter/result/error/replay conformance.
graph.song.modulation.set,writes,windows/App/GraphWorkflowActions.inc:16;windows/Session/GraphOperations.cpp:142;windows/Session/SongModulationOperations.inc:46,Literal present,"Source literal present; dispatcher, parameter/guard/result/no-op compatibility still needs actual app conformance",Domain phase in parity matrix,evidence/current-api.describe.json; evidence/current-resonance-api.schema.json,Not executed,Not individually requalified; use P0c shared parameter/result/error/replay conformance.
graph.song.modulation.remove,writes,windows/App/GraphWorkflowActions.inc:16;windows/Session/GraphOperations.cpp:142;windows/Session/SongModulationOperations.inc:65,Literal present,"Source literal present; dispatcher, parameter/guard/result/no-op compatibility still needs actual app conformance",Domain phase in parity matrix,evidence/current-api.describe.json; evidence/current-resonance-api.schema.json,Not executed,Not individually requalified; use P0c shared parameter/result/error/replay conformance.
graph.song.group.create,writes,windows/Session/GraphOperations.cpp:142,Literal present,"Source literal present; dispatcher, parameter/guard/result/no-op compatibility still needs actual app conformance",Domain phase in parity matrix,evidence/current-api.describe.json; evidence/current-resonance-api.schema.json,Not executed,Not individually requalified; use P0c shared parameter/result/error/replay conformance.
graph.song.group.update,writes,windows/Session/GraphOperations.cpp:142,Literal present,"Source literal present; dispatcher, parameter/guard/result/no-op compatibility still needs actual app conformance",Domain phase in parity matrix,evidence/current-api.describe.json; evidence/current-resonance-api.schema.json,Not executed,Not individually requalified; use P0c shared parameter/result/error/replay conformance.
graph.song.group.remove,writes,windows/Session/GraphOperations.cpp:142,Literal present,"Source literal present; dispatcher, parameter/guard/result/no-op compatibility still needs actual app conformance",Domain phase in parity matrix,evidence/current-api.describe.json; evidence/current-resonance-api.schema.json,Not executed,Not individually requalified; use P0c shared parameter/result/error/replay conformance.
graph.song.group.export,writes,windows/Session/GraphOperations.cpp:142,Literal present,"Source literal present; dispatcher, parameter/guard/result/no-op compatibility still needs actual app conformance",Domain phase in parity matrix,evidence/current-api.describe.json; evidence/current-resonance-api.schema.json,Not executed,Not individually requalified; use P0c shared parameter/result/error/replay conformance.
graph.group.create,writes,windows/Session/GraphOperations.cpp:142,Literal present,"Source literal present; dispatcher, parameter/guard/result/no-op compatibility still needs actual app conformance",Domain phase in parity matrix,evidence/current-api.describe.json; evidence/current-resonance-api.schema.json,Not executed,Not individually requalified; use P0c shared parameter/result/error/replay conformance.
graph.group.update,writes,windows/Session/GraphOperations.cpp:142,Literal present,"Source literal present; dispatcher, parameter/guard/result/no-op compatibility still needs actual app conformance",Domain phase in parity matrix,evidence/current-api.describe.json; evidence/current-resonance-api.schema.json,Not executed,Not individually requalified; use P0c shared parameter/result/error/replay conformance.
graph.group.remove,writes,windows/Session/GraphOperations.cpp:142,Literal present,"Source literal present; dispatcher, parameter/guard/result/no-op compatibility still needs actual app conformance",Domain phase in parity matrix,evidence/current-api.describe.json; evidence/current-resonance-api.schema.json,Not executed,Not individually requalified; use P0c shared parameter/result/error/replay conformance.
graph.group.export,writes,windows/Session/GraphOperations.cpp:142,Literal present,"Source literal present; dispatcher, parameter/guard/result/no-op compatibility still needs actual app conformance",Domain phase in parity matrix,evidence/current-api.describe.json; evidence/current-resonance-api.schema.json,Not executed,Not individually requalified; use P0c shared parameter/result/error/replay conformance.
graph.create,writes,windows/App/GraphEditor.inc:220;windows/Session/GraphOperations.cpp:142,Literal present,"Source literal present; dispatcher, parameter/guard/result/no-op compatibility still needs actual app conformance",Domain phase in parity matrix,evidence/current-api.describe.json; evidence/current-resonance-api.schema.json,Not executed,Not individually requalified; use P0c shared parameter/result/error/replay conformance.
graph.clone,writes,windows/App/GraphEditor.inc:220;windows/Session/GraphOperations.cpp:142,Literal present,"Source literal present; dispatcher, parameter/guard/result/no-op compatibility still needs actual app conformance",Domain phase in parity matrix,evidence/current-api.describe.json; evidence/current-resonance-api.schema.json,Not executed,Not individually requalified; use P0c shared parameter/result/error/replay conformance.
graph.update,writes,windows/App/GraphEditor.inc:241;windows/Session/GraphOperations.cpp:142,Literal present,"Source literal present; dispatcher, parameter/guard/result/no-op compatibility still needs actual app conformance",Domain phase in parity matrix,evidence/current-api.describe.json; evidence/current-resonance-api.schema.json,Not executed,Not individually requalified; use P0c shared parameter/result/error/replay conformance.
graph.remove,writes,windows/App/GraphEditor.inc:249;windows/Session/GraphOperations.cpp:142,Literal present,"Source literal present; dispatcher, parameter/guard/result/no-op compatibility still needs actual app conformance",Domain phase in parity matrix,evidence/current-api.describe.json; evidence/current-resonance-api.schema.json,Not executed,Not individually requalified; use P0c shared parameter/result/error/replay conformance.
graph.node.add,writes,windows/App/GraphEditor.inc:220;windows/App/GraphWorkflowActions.inc:8;windows/Session/GraphOperations.cpp:142,Literal present,"Source literal present; dispatcher, parameter/guard/result/no-op compatibility still needs actual app conformance",Domain phase in parity matrix,evidence/current-api.describe.json; evidence/current-resonance-api.schema.json,Not executed,Not individually requalified; use P0c shared parameter/result/error/replay conformance.
graph.node.remove,writes,windows/App/GraphEditor.inc:250;windows/Session/GraphOperations.cpp:142,Literal present,"Source literal present; dispatcher, parameter/guard/result/no-op compatibility still needs actual app conformance",Domain phase in parity matrix,evidence/current-api.describe.json; evidence/current-resonance-api.schema.json,Not executed,Not individually requalified; use P0c shared parameter/result/error/replay conformance.
graph.nodes.insert,writes,windows/App/GraphWorkflowActions.inc:9;windows/Session/GraphOperations.cpp:142,Literal present,"Source literal present; dispatcher, parameter/guard/result/no-op compatibility still needs actual app conformance",Domain phase in parity matrix,evidence/current-api.describe.json; evidence/current-resonance-api.schema.json,Not executed,Not individually requalified; use P0c shared parameter/result/error/replay conformance.
graph.nodes.detach,writes,windows/App/GraphWorkflowActions.inc:9;windows/Session/GraphOperations.cpp:142,Literal present,"Source literal present; dispatcher, parameter/guard/result/no-op compatibility still needs actual app conformance",Domain phase in parity matrix,evidence/current-api.describe.json; evidence/current-resonance-api.schema.json,Not executed,Not individually requalified; use P0c shared parameter/result/error/replay conformance.
graph.assign,writes,windows/App/GraphEditor.inc:252;windows/App/SongRoutingWindow.hpp:106;windows/Session/GraphOperations.cpp:142,Literal present,"Source literal present; dispatcher, parameter/guard/result/no-op compatibility still needs actual app conformance",Domain phase in parity matrix,evidence/current-api.describe.json; evidence/current-resonance-api.schema.json,Not executed,Not individually requalified; use P0c shared parameter/result/error/replay conformance.
graph.instrument.assign,writes,windows/App/SongRoutingWindow.hpp:106;windows/Session/GraphOperations.cpp:142,Literal present,"Source literal present; dispatcher, parameter/guard/result/no-op compatibility still needs actual app conformance",Domain phase in parity matrix,evidence/current-api.describe.json; evidence/current-resonance-api.schema.json,Not executed,Not individually requalified; use P0c shared parameter/result/error/replay conformance.
graph.commands.set,writes,windows/App/GraphCommandsWindow.hpp:79;windows/App/GraphPatternLanes.inc:36;windows/Session/GraphOperations.cpp:142,Literal present,"Source literal present; dispatcher, parameter/guard/result/no-op compatibility still needs actual app conformance",Domain phase in parity matrix,evidence/current-api.describe.json; evidence/current-resonance-api.schema.json,Not executed,Not individually requalified; use P0c shared parameter/result/error/replay conformance.
graph.automation.set,writes,windows/App/GraphCurveOwnerModel.inc:87;windows/Session/GraphOperations.cpp:142,Literal present,"Source literal present; dispatcher, parameter/guard/result/no-op compatibility still needs actual app conformance",Domain phase in parity matrix,evidence/current-api.describe.json; evidence/current-resonance-api.schema.json,Not executed,Not individually requalified; use P0c shared parameter/result/error/replay conformance.
recording.start,writes,windows/App/Main.cpp:503;windows/App/RecordingIntegration.inc:210;windows/Session/RecordingOperations.inc:126,Literal present,"Source literal present; dispatcher, parameter/guard/result/no-op compatibility still needs actual app conformance",Domain phase in parity matrix,evidence/current-api.describe.json; evidence/current-resonance-api.schema.json,Not executed,Not individually requalified; use P0c shared parameter/result/error/replay conformance.
recording.capture,writes,windows/App/Main.cpp:503;windows/App/RecordingIntegration.inc:159;windows/Session/RecordingOperations.inc:126,Literal present,"Source literal present; dispatcher, parameter/guard/result/no-op compatibility still needs actual app conformance",Domain phase in parity matrix,evidence/current-api.describe.json; evidence/current-resonance-api.schema.json,Not executed,Not individually requalified; use P0c shared parameter/result/error/replay conformance.
recording.stop,writes,windows/App/Main.cpp:503;windows/App/RecordingIntegration.inc:194;windows/Session/RecordingOperations.inc:126,Literal present,"Source literal present; dispatcher, parameter/guard/result/no-op compatibility still needs actual app conformance",Domain phase in parity matrix,evidence/current-api.describe.json; evidence/current-resonance-api.schema.json,Not executed,Not individually requalified; use P0c shared parameter/result/error/replay conformance.
recording.commit,writes,windows/App/Main.cpp:503;windows/App/RecordingIntegration.inc:231;windows/Session/RecordingOperations.inc:126,Literal present,"Source literal present; dispatcher, parameter/guard/result/no-op compatibility still needs actual app conformance",Domain phase in parity matrix,evidence/current-api.describe.json; evidence/current-resonance-api.schema.json,Not executed,Not individually requalified; use P0c shared parameter/result/error/replay conformance.
recording.discard,writes,windows/App/Main.cpp:503;windows/App/RecordingIntegration.inc:239;windows/Session/RecordingOperations.inc:126,Literal present,"Source literal present; dispatcher, parameter/guard/result/no-op compatibility still needs actual app conformance",Domain phase in parity matrix,evidence/current-api.describe.json; evidence/current-resonance-api.schema.json,Not executed,Not individually requalified; use P0c shared parameter/result/error/replay conformance.
pattern.notes.set,writes,windows/Api/SessionAdapter.hpp:141;windows/App/EditingView.inc:39;windows/App/PreciseNoteOwnerModel.inc:184;windows/Session/PatternOperations.cpp:58;windows/Session/TimelineOperations.cpp:72,Literal present,"Source literal present; dispatcher, parameter/guard/result/no-op compatibility still needs actual app conformance",P0c/P3/P6,evidence/current-api.describe.json; evidence/current-resonance-api.schema.json,Not executed,"Duplicate TimelineOperations and PatternOperations implementations; test effect=0/parameter>0 validity, API/readback/codec preservation before deleting a path."
pattern.performance.set,writes,windows/Session/PatternOperations.cpp:58,Literal present,"Source literal present; dispatcher, parameter/guard/result/no-op compatibility still needs actual app conformance",Domain phase in parity matrix,evidence/current-api.describe.json; evidence/current-resonance-api.schema.json,Not executed,Not individually requalified; use P0c shared parameter/result/error/replay conformance.
pattern.effects.set,writes,windows/App/PatternEditor.inc:229;windows/App/WorkspaceView.inc:256;windows/Session/PatternOperations.cpp:58,Literal present,"Source literal present; dispatcher, parameter/guard/result/no-op compatibility still needs actual app conformance",Domain phase in parity matrix,evidence/current-api.describe.json; evidence/current-resonance-api.schema.json,Not executed,Not individually requalified; use P0c shared parameter/result/error/replay conformance.
pattern.effect.set,writes,windows/App/EditingView.inc:29;windows/App/PatternEditor.inc:232;windows/App/PatternNudgeEditor.inc:98;windows/App/ScratchGestureWindow.hpp:129;windows/Session/PatternOperations.cpp:58,Literal present,"Source literal present; dispatcher, parameter/guard/result/no-op compatibility still needs actual app conformance",Domain phase in parity matrix,evidence/current-api.describe.json; evidence/current-resonance-api.schema.json,Not executed,Not individually requalified; use P0c shared parameter/result/error/replay conformance.
instrument.envelope.transform,writes,windows/App/InstrumentEnvelopeWindow.hpp:101;windows/Session/AssetOperations.cpp:176,Literal present,"Source literal present; dispatcher, parameter/guard/result/no-op compatibility still needs actual app conformance",Domain phase in parity matrix,evidence/current-api.describe.json; evidence/current-resonance-api.schema.json,Not executed,Not individually requalified; use P0c shared parameter/result/error/replay conformance.
instrument.plugin.set,writes,windows/App/PluginEditor.inc:267;windows/Session/PluginOperations.cpp:75,Literal present,"Source literal present; dispatcher, parameter/guard/result/no-op compatibility still needs actual app conformance",Domain phase in parity matrix,evidence/current-api.describe.json; evidence/current-resonance-api.schema.json,Not executed,Not individually requalified; use P0c shared parameter/result/error/replay conformance.
plugin.programs.load,writes,windows/App/PluginEditor.inc:244;windows/Session/PluginOperations.cpp:75,Literal present,"Source literal present; dispatcher, parameter/guard/result/no-op compatibility still needs actual app conformance",Domain phase in parity matrix,evidence/current-api.describe.json; evidence/current-resonance-api.schema.json,Not executed,Not individually requalified; use P0c shared parameter/result/error/replay conformance.
plugin.instruments.set,writes,windows/App/PluginInstrumentsWindow.hpp:62;windows/Session/PluginOperations.cpp:75,Literal present,"Source literal present; dispatcher, parameter/guard/result/no-op compatibility still needs actual app conformance",Domain phase in parity matrix,evidence/current-api.describe.json; evidence/current-resonance-api.schema.json,Not executed,Not individually requalified; use P0c shared parameter/result/error/replay conformance.
document.timing.set,writes,windows/Api/SessionAdapter.hpp:141;windows/App/SongTools.inc:154;windows/Session/TimelineOperations.cpp:72,Literal present,"Source literal present; dispatcher, parameter/guard/result/no-op compatibility still needs actual app conformance",Domain phase in parity matrix,evidence/current-api.describe.json; evidence/current-resonance-api.schema.json,Not executed,Not individually requalified; use P0c shared parameter/result/error/replay conformance.
track.create,writes,,No production literal found; confirmed contract gap listed in README,Shared create candidate plus native command,P2,evidence/current-api.describe.json; evidence/current-resonance-api.schema.json,Not executed,Not individually requalified; use P0c shared parameter/result/error/replay conformance.
track.group,writes,,No production literal found; confirmed contract gap listed in README,Shared grouping candidate,P2,evidence/current-api.describe.json; evidence/current-resonance-api.schema.json,Not executed,Not individually requalified; use P0c shared parameter/result/error/replay conformance.
track.ungroup,writes,,No production literal found; confirmed contract gap listed in README,Preserve processing/routes while removing note-track association,P2,evidence/current-api.describe.json; evidence/current-resonance-api.schema.json,Not executed,Not individually requalified; use P0c shared parameter/result/error/replay conformance.
track.column.set,writes,,No production literal found; confirmed contract gap listed in README,Separate live column mute from bus mute,P2,evidence/current-api.describe.json; evidence/current-resonance-api.schema.json,Not executed,Not individually requalified; use P0c shared parameter/result/error/replay conformance.
pattern.apply,writes,windows/Api/SessionAdapter.hpp:141;windows/App/EditingView.inc:179;windows/App/MusicalTyping.inc:107;windows/App/RecordingIntegration.inc:172;windows/Session/DocumentOperations.cpp:139,Literal present,"Source literal present; dispatcher, parameter/guard/result/no-op compatibility still needs actual app conformance",Domain phase in parity matrix,evidence/current-api.describe.json; evidence/current-resonance-api.schema.json,Not executed,Not individually requalified; use P0c shared parameter/result/error/replay conformance.
document.patch,writes,windows/Api/SessionAdapter.hpp:141;windows/Session/DocumentController.cpp:409;windows/Session/DocumentOperations.cpp:139,Literal present,"Source literal present; dispatcher, parameter/guard/result/no-op compatibility still needs actual app conformance",Domain phase in parity matrix,evidence/current-api.describe.json; evidence/current-resonance-api.schema.json,Not executed,Not individually requalified; use P0c shared parameter/result/error/replay conformance.
pattern.create,writes,windows/Api/SessionAdapter.hpp:141;windows/App/ArrangementWindow.hpp:225;windows/App/SongTools.inc:100;windows/Session/DocumentController.cpp:565;windows/Session/DocumentOperations.cpp:139,Literal present,"Source literal present; dispatcher, parameter/guard/result/no-op compatibility still needs actual app conformance",Domain phase in parity matrix,evidence/current-api.describe.json; evidence/current-resonance-api.schema.json,Not executed,Not individually requalified; use P0c shared parameter/result/error/replay conformance.
order.edit,writes,windows/Api/SessionAdapter.hpp:141;windows/App/ArrangementWindow.hpp:214;windows/App/SongTools.inc:101;windows/Session/DocumentOperations.cpp:139,Literal present,"Source literal present; dispatcher, parameter/guard/result/no-op compatibility still needs actual app conformance",P3,evidence/current-api.describe.json; evidence/current-resonance-api.schema.json,Not executed,Confirmed Windows allowlist lacks destination and move operation: DocumentOperations.cpp:350-355. Add Mac-reference argument/result/history conformance.
document.save,writes,windows/Api/SessionAdapter.hpp:141;windows/App/EditingView.inc:250;windows/App/Main.cpp:511;windows/Session/DocumentController.cpp:414,Literal present,"Source literal present; dispatcher, parameter/guard/result/no-op compatibility still needs actual app conformance",Domain phase in parity matrix,evidence/current-api.describe.json; evidence/current-resonance-api.schema.json,Not executed,Not individually requalified; use P0c shared parameter/result/error/replay conformance.
document.exportModule,writes,,No production literal found; confirmed contract gap listed in README,Shared loss analysis and atomic module export; native Save unchanged,P6,evidence/current-api.describe.json; evidence/current-resonance-api.schema.json,Not executed,Not individually requalified; use P0c shared parameter/result/error/replay conformance.
sequence.select,writes,windows/Api/SessionAdapter.hpp:141;windows/App/ArrangementWindow.hpp:241;windows/App/SongTools.inc:108;windows/Session/DocumentController.cpp:392;windows/Session/DocumentOperations.cpp:139,Literal present,"Source literal present; dispatcher, parameter/guard/result/no-op compatibility still needs actual app conformance",Domain phase in parity matrix,evidence/current-api.describe.json; evidence/current-resonance-api.schema.json,Not executed,Not individually requalified; use P0c shared parameter/result/error/replay conformance.
sample.patch,writes,windows/App/SampleDetailWindow.hpp:75;windows/Session/AssetOperations.cpp:175,Literal present,"Source literal present; dispatcher, parameter/guard/result/no-op compatibility still needs actual app conformance",Domain phase in parity matrix,evidence/current-api.describe.json; evidence/current-resonance-api.schema.json,Not executed,Not individually requalified; use P0c shared parameter/result/error/replay conformance.
sample.process,writes,windows/App/SampleDetailWindow.hpp:118;windows/App/SampleEditor.inc:91;windows/Session/AssetOperations.cpp:174;windows/Session/DocumentController.cpp:557,Literal present,"Source literal present; dispatcher, parameter/guard/result/no-op compatibility still needs actual app conformance",Domain phase in parity matrix,evidence/current-api.describe.json; evidence/current-resonance-api.schema.json,Not executed,Not individually requalified; use P0c shared parameter/result/error/replay conformance.
sample.import,writes,windows/App/SampleDetailWindow.hpp:82;windows/Session/AssetOperations.cpp:174;windows/Session/DocumentController.cpp:560,Literal present,"Source literal present; dispatcher, parameter/guard/result/no-op compatibility still needs actual app conformance",Domain phase in parity matrix,evidence/current-api.describe.json; evidence/current-resonance-api.schema.json,Not executed,Not individually requalified; use P0c shared parameter/result/error/replay conformance.
sample.importMany,writes,windows/App/SampleEditor.inc:73;windows/App/SampleLibraryWindow.hpp:72;windows/Session/AssetOperations.cpp:174;windows/Session/DocumentController.cpp:560,Literal present,"Source literal present; dispatcher, parameter/guard/result/no-op compatibility still needs actual app conformance",Domain phase in parity matrix,evidence/current-api.describe.json; evidence/current-resonance-api.schema.json,Not executed,Not individually requalified; use P0c shared parameter/result/error/replay conformance.
sample.clipboard.copy,writes,windows/App/SampleDetailWindow.hpp:116;windows/App/SampleDetailWorkflows.inc:78;windows/App/SampleEditor.inc:92;windows/Session/AssetOperations.cpp:175,Literal present,"Source literal present; dispatcher, parameter/guard/result/no-op compatibility still needs actual app conformance",Domain phase in parity matrix,evidence/current-api.describe.json; evidence/current-resonance-api.schema.json,Not executed,Not individually requalified; use P0c shared parameter/result/error/replay conformance.
sample.clipboard.set,writes,windows/Session/AssetOperations.cpp:175,Literal present,"Source literal present; dispatcher, parameter/guard/result/no-op compatibility still needs actual app conformance",Domain phase in parity matrix,evidence/current-api.describe.json; evidence/current-resonance-api.schema.json,Not executed,Not individually requalified; use P0c shared parameter/result/error/replay conformance.
sample.cut,writes,windows/App/SampleDetailWorkflows.inc:78;windows/App/SampleEditor.inc:93;windows/Session/AssetOperations.cpp:175;windows/Session/DocumentController.cpp:557,Literal present,"Source literal present; dispatcher, parameter/guard/result/no-op compatibility still needs actual app conformance",Domain phase in parity matrix,evidence/current-api.describe.json; evidence/current-resonance-api.schema.json,Not executed,Not individually requalified; use P0c shared parameter/result/error/replay conformance.
sample.delete,writes,windows/App/SampleDetailWorkflows.inc:78;windows/App/SampleEditor.inc:94;windows/Session/AssetOperations.cpp:175;windows/Session/DocumentController.cpp:557,Literal present,"Source literal present; dispatcher, parameter/guard/result/no-op compatibility still needs actual app conformance",Domain phase in parity matrix,evidence/current-api.describe.json; evidence/current-resonance-api.schema.json,Not executed,Not individually requalified; use P0c shared parameter/result/error/replay conformance.
sample.paste,writes,windows/App/SampleDetailWorkflows.inc:69;windows/App/SampleEditor.inc:100;windows/Session/AssetOperations.cpp:175;windows/Session/DocumentController.cpp:557,Literal present,"Source literal present; dispatcher, parameter/guard/result/no-op compatibility still needs actual app conformance",Domain phase in parity matrix,evidence/current-api.describe.json; evidence/current-resonance-api.schema.json,Not executed,Not individually requalified; use P0c shared parameter/result/error/replay conformance.
sample.pcm.set,writes,windows/Session/AssetOperations.cpp:175;windows/Session/DocumentController.cpp:416,Literal present,"Source literal present; dispatcher, parameter/guard/result/no-op compatibility still needs actual app conformance",Domain phase in parity matrix,evidence/current-api.describe.json; evidence/current-resonance-api.schema.json,Not executed,Not individually requalified; use P0c shared parameter/result/error/replay conformance.
sample.copyToNew,writes,windows/App/SampleDetailWorkflows.inc:78;windows/Session/AssetOperations.cpp:174;windows/Session/DocumentController.cpp:416,Literal present,"Source literal present; dispatcher, parameter/guard/result/no-op compatibility still needs actual app conformance",Domain phase in parity matrix,evidence/current-api.describe.json; evidence/current-resonance-api.schema.json,Not executed,Not individually requalified; use P0c shared parameter/result/error/replay conformance.
sample.draw,writes,windows/App/SampleDetailWindow.hpp:128;windows/Session/AssetOperations.cpp:174;windows/Session/DocumentController.cpp:557,Literal present,"Source literal present; dispatcher, parameter/guard/result/no-op compatibility still needs actual app conformance",Domain phase in parity matrix,evidence/current-api.describe.json; evidence/current-resonance-api.schema.json,Not executed,Not individually requalified; use P0c shared parameter/result/error/replay conformance.
sample.crossfade,writes,windows/App/SampleDetailWindow.hpp:118;windows/Session/AssetOperations.cpp:174;windows/Session/DocumentController.cpp:557,Literal present,"Source literal present; dispatcher, parameter/guard/result/no-op compatibility still needs actual app conformance",Domain phase in parity matrix,evidence/current-api.describe.json; evidence/current-resonance-api.schema.json,Not executed,Not individually requalified; use P0c shared parameter/result/error/replay conformance.
sample.loops.set,writes,windows/App/SampleDetailWorkflows.inc:29;windows/App/SampleEditor.inc:102;windows/Session/AssetOperations.cpp:174,Literal present,"Source literal present; dispatcher, parameter/guard/result/no-op compatibility still needs actual app conformance",Domain phase in parity matrix,evidence/current-api.describe.json; evidence/current-resonance-api.schema.json,Not executed,Not individually requalified; use P0c shared parameter/result/error/replay conformance.
instrument.create,writes,windows/App/InstrumentEnvelopeWindow.hpp:96;windows/App/PluginEditor.inc:261;windows/App/SampleDetailWindow.hpp:201;windows/Session/AssetOperations.cpp:176;windows/Session/DocumentController.cpp:418,Literal present,"Source literal present; dispatcher, parameter/guard/result/no-op compatibility still needs actual app conformance",Domain phase in parity matrix,evidence/current-api.describe.json; evidence/current-resonance-api.schema.json,Not executed,Not individually requalified; use P0c shared parameter/result/error/replay conformance.
instrument.import,writes,windows/App/InstrumentEnvelopeWindow.hpp:361;windows/Session/AssetOperations.cpp:176;windows/Session/DocumentController.cpp:560,Literal present,"Source literal present; dispatcher, parameter/guard/result/no-op compatibility still needs actual app conformance",Domain phase in parity matrix,evidence/current-api.describe.json; evidence/current-resonance-api.schema.json,Not executed,Not individually requalified; use P0c shared parameter/result/error/replay conformance.
instrument.importMultisample,writes,windows/App/MultisampleImportWindow.hpp:28;windows/Session/AssetOperations.cpp:176;windows/Session/DocumentController.cpp:560,Literal present,"Source literal present; dispatcher, parameter/guard/result/no-op compatibility still needs actual app conformance",Domain phase in parity matrix,evidence/current-api.describe.json; evidence/current-resonance-api.schema.json,Not executed,Not individually requalified; use P0c shared parameter/result/error/replay conformance.
instrument.patch,writes,windows/App/InstrumentEnvelopeWindow.hpp:95;windows/Session/AssetOperations.cpp:176,Literal present,"Source literal present; dispatcher, parameter/guard/result/no-op compatibility still needs actual app conformance",Domain phase in parity matrix,evidence/current-api.describe.json; evidence/current-resonance-api.schema.json,Not executed,Not individually requalified; use P0c shared parameter/result/error/replay conformance.
plugin.preset.save,writes,windows/App/PluginEditor.inc:31;windows/Session/PluginOperations.cpp:75,Literal present,"Source literal present; dispatcher, parameter/guard/result/no-op compatibility still needs actual app conformance",Domain phase in parity matrix,evidence/current-api.describe.json; evidence/current-resonance-api.schema.json,Not executed,Not individually requalified; use P0c shared parameter/result/error/replay conformance.
plugin.preset.load,writes,windows/App/PluginEditor.inc:31;windows/Session/PluginOperations.cpp:75,Literal present,"Source literal present; dispatcher, parameter/guard/result/no-op compatibility still needs actual app conformance",Domain phase in parity matrix,evidence/current-api.describe.json; evidence/current-resonance-api.schema.json,Not executed,Not individually requalified; use P0c shared parameter/result/error/replay conformance.
plugin.library.set,writes,windows/Api/SessionAdapter.hpp:151;windows/App/PluginEditor.inc:45;windows/App/PluginLibraryWindow.hpp:54;windows/Session/DocumentController.cpp:519;windows/Session/PluginLibraryOperations.inc:2;windows/Session/PluginOperations.cpp:75,Literal present,"Source literal present; dispatcher, parameter/guard/result/no-op compatibility still needs actual app conformance",Domain phase in parity matrix,evidence/current-api.describe.json; evidence/current-resonance-api.schema.json,Not executed,Not individually requalified; use P0c shared parameter/result/error/replay conformance.
plugin.locations.trust,writes,,No production literal found; confirmed contract gap listed in README,Map explicit trust to scanned module identity/hash; retain native trust policy,P6/P7,evidence/current-api.describe.json; evidence/current-resonance-api.schema.json,Not executed,Not individually requalified; use P0c shared parameter/result/error/replay conformance.
plugin.add,writes,windows/App/PluginEditor.inc:238;windows/App/PluginLibraryWindow.hpp:59;windows/Session/DocumentController.cpp:415;windows/Session/PluginOperations.cpp:75,Literal present,"Source literal present; dispatcher, parameter/guard/result/no-op compatibility still needs actual app conformance",Domain phase in parity matrix,evidence/current-api.describe.json; evidence/current-resonance-api.schema.json,Not executed,Not individually requalified; use P0c shared parameter/result/error/replay conformance.
plugin.duplicate,writes,windows/Session/DocumentController.cpp:415;windows/Session/PluginOperations.cpp:75,Literal present,"Source literal present; dispatcher, parameter/guard/result/no-op compatibility still needs actual app conformance",Domain phase in parity matrix,evidence/current-api.describe.json; evidence/current-resonance-api.schema.json,Not executed,Not individually requalified; use P0c shared parameter/result/error/replay conformance.
plugin.remove,writes,windows/App/PluginEditor.inc:277;windows/Session/PluginOperations.cpp:75,Literal present,"Source literal present; dispatcher, parameter/guard/result/no-op compatibility still needs actual app conformance",Domain phase in parity matrix,evidence/current-api.describe.json; evidence/current-resonance-api.schema.json,Not executed,Not individually requalified; use P0c shared parameter/result/error/replay conformance.
plugin.move,writes,windows/App/PluginEditor.inc:278;windows/Session/PluginOperations.cpp:75,Literal present,"Source literal present; dispatcher, parameter/guard/result/no-op compatibility still needs actual app conformance",P4/P6,evidence/current-api.describe.json; evidence/current-resonance-api.schema.json,Not executed,"Confirmed Windows PluginOperations.cpp:481 accepts slot/direction/dryRun, no position. Compare Mac position contract and preserve automation/identity."
plugin.bypass,writes,windows/App/PluginEditor.inc:276;windows/Session/PluginOperations.cpp:75,Literal present,"Source literal present; dispatcher, parameter/guard/result/no-op compatibility still needs actual app conformance",Domain phase in parity matrix,evidence/current-api.describe.json; evidence/current-resonance-api.schema.json,Not executed,Not individually requalified; use P0c shared parameter/result/error/replay conformance.
plugin.assign,writes,windows/App/PluginEditor.inc:279;windows/Session/PluginOperations.cpp:75,Literal present,"Source literal present; dispatcher, parameter/guard/result/no-op compatibility still needs actual app conformance",Domain phase in parity matrix,evidence/current-api.describe.json; evidence/current-resonance-api.schema.json,Not executed,Not individually requalified; use P0c shared parameter/result/error/replay conformance.
plugin.parameters.set,writes,windows/App/PluginEditor.inc:274;windows/Session/PluginOperations.cpp:75,Literal present,"Source literal present; dispatcher, parameter/guard/result/no-op compatibility still needs actual app conformance",P4/P4b,evidence/current-api.describe.json; evidence/current-resonance-api.schema.json,Not executed,Inspect gesture/record-capture API separately from recorded-point editing; current Windows allowlist slot/plugin/values/dryRun at PluginOperations.cpp:486. Numeric type/replay policy differ.
plugin.state.set,writes,windows/Session/PluginOperations.cpp:75,Literal present,"Source literal present; dispatcher, parameter/guard/result/no-op compatibility still needs actual app conformance",P7,evidence/current-api.describe.json; evidence/current-resonance-api.schema.json,Not executed,"Correction to peer plan: Windows PluginOperations.cpp:483-511 -> commit:146-150 -> DocumentController.cpp:477-490 already stages compatible state replacement. Qualification/unsupported-case scope, not missing implementation."
plugin.buses.set,writes,windows/App/PluginEditor.inc:250;windows/Session/PluginOperations.cpp:75,Literal present,"Source literal present; dispatcher, parameter/guard/result/no-op compatibility still needs actual app conformance",Domain phase in parity matrix,evidence/current-api.describe.json; evidence/current-resonance-api.schema.json,Not executed,Not individually requalified; use P0c shared parameter/result/error/replay conformance.
automation.replaceLane,writes,windows/App/AbsoluteAutomationWindow.hpp:69;windows/Session/DocumentController.cpp:535;windows/Session/PluginOperations.cpp:75,Dispatcher and recorded-publication path traced; runtime unverified here,Preserve stopped reads and prepared live timeline edits/Undo/Redo. Full queue or invalid/stale/conflicting edit must preserve model/history/transport; manual gesture capture is separate.,Domain phase in parity matrix,evidence/current-api.describe.json; evidence/current-resonance-api.schema.json,Not executed,F28: AbsoluteAutomation.inc -> PluginOperations::commit/history -> DocumentController recordedPublication; Mac ParameterActivityAPI.inc -> TrackerSession::restorePluginGraph. Existing LiveGraphPublicationTests.inc covers live queue/history/save in source.
history.undo,writes,windows/Api/SessionAdapter.hpp:141;windows/App/AbsoluteAutomationWindow.hpp:77;windows/App/PluginEditor.inc:237;windows/App/SampleDetailWindow.hpp:204;windows/App/ScratchGestureWindow.hpp:118;windows/App/SongRoutingWindow.hpp:134;windows/App/WorkspaceView.inc:246;windows/Session/DocumentController.cpp:547;windows/Session/DocumentOperations.cpp:139;windows/Session/PluginOperations.cpp:337,Literal present,"Source literal present; dispatcher, parameter/guard/result/no-op compatibility still needs actual app conformance",Domain phase in parity matrix,evidence/current-api.describe.json; evidence/current-resonance-api.schema.json,Not executed,Not individually requalified; use P0c shared parameter/result/error/replay conformance.
history.redo,writes,windows/Api/SessionAdapter.hpp:141;windows/App/AbsoluteAutomationWindow.hpp:77;windows/App/PluginEditor.inc:237;windows/App/SampleDetailWindow.hpp:204;windows/App/ScratchGestureWindow.hpp:118;windows/App/SongRoutingWindow.hpp:134;windows/App/WorkspaceView.inc:246;windows/Session/DocumentController.cpp:547;windows/Session/DocumentOperations.cpp:139;windows/Session/PluginOperations.cpp:337,Literal present,"Source literal present; dispatcher, parameter/guard/result/no-op compatibility still needs actual app conformance",Domain phase in parity matrix,evidence/current-api.describe.json; evidence/current-resonance-api.schema.json,Not executed,Not individually requalified; use P0c shared parameter/result/error/replay conformance.
pattern.transform,writes,windows/App/EditingView.inc:47;windows/Session/DocumentController.cpp:692;windows/Session/PatternOperations.cpp:58,Literal present,"Source literal present; dispatcher, parameter/guard/result/no-op compatibility still needs actual app conformance",Domain phase in parity matrix,evidence/current-api.describe.json; evidence/current-resonance-api.schema.json,Not executed,Not individually requalified; use P0c shared parameter/result/error/replay conformance.
pattern.paste,writes,windows/App/EditingView.inc:229;windows/Session/PatternOperations.cpp:58,Literal present,"Source literal present; dispatcher, parameter/guard/result/no-op compatibility still needs actual app conformance",Domain phase in parity matrix,evidence/current-api.describe.json; evidence/current-resonance-api.schema.json,Not executed,Not individually requalified; use P0c shared parameter/result/error/replay conformance.
song.annotate,writes,windows/Api/SessionAdapter.hpp:141;windows/App/ArrangementWindow.hpp:137;windows/App/SongTools.inc:97;windows/Session/DocumentOperations.cpp:139,Literal present,"Source literal present; dispatcher, parameter/guard/result/no-op compatibility still needs actual app conformance",Domain phase in parity matrix,evidence/current-api.describe.json; evidence/current-resonance-api.schema.json,Not executed,Not individually requalified; use P0c shared parameter/result/error/replay conformance.
arrangement.copyBlock,writes,windows/Api/SessionAdapter.hpp:141;windows/App/ArrangementMatrixWindow.hpp:117;windows/App/SongTools.inc:131;windows/Session/DocumentController.cpp:565;windows/Session/DocumentOperations.cpp:139,Literal present,"Source literal present; dispatcher, parameter/guard/result/no-op compatibility still needs actual app conformance",Domain phase in parity matrix,evidence/current-api.describe.json; evidence/current-resonance-api.schema.json,Not executed,Not individually requalified; use P0c shared parameter/result/error/replay conformance.
automation.pattern.set,writes,windows/App/ParameterAutomationWindow.hpp:128;windows/Session/PatternAutomation.inc:37;windows/Session/PatternOperations.cpp:58,Literal present,"Source literal present; dispatcher, parameter/guard/result/no-op compatibility still needs actual app conformance",Domain phase in parity matrix,evidence/current-api.describe.json; evidence/current-resonance-api.schema.json,Not executed,Not individually requalified; use P0c shared parameter/result/error/replay conformance.
automation.pattern.remove,writes,windows/App/ParameterAutomationWindow.hpp:128;windows/Session/PatternAutomation.inc:47;windows/Session/PatternOperations.cpp:58,Literal present,"Source literal present; dispatcher, parameter/guard/result/no-op compatibility still needs actual app conformance",Domain phase in parity matrix,evidence/current-api.describe.json; evidence/current-resonance-api.schema.json,Not executed,Not individually requalified; use P0c shared parameter/result/error/replay conformance.
automation.pattern.transform,writes,windows/App/ParameterAutomationWindow.hpp:145;windows/Session/PatternAutomation.inc:50;windows/Session/PatternOperations.cpp:58,Literal present,"Source literal present; dispatcher, parameter/guard/result/no-op compatibility still needs actual app conformance",Domain phase in parity matrix,evidence/current-api.describe.json; evidence/current-resonance-api.schema.json,Not executed,Not individually requalified; use P0c shared parameter/result/error/replay conformance.
mixer.enable,writes,windows/App/GraphCommandsWindow.hpp:96;windows/App/MixerEditor.inc:155;windows/App/SongRoutingWindow.hpp:122;windows/Session/MixerOperations.cpp:26,Literal present,"Source literal present; dispatcher, parameter/guard/result/no-op compatibility still needs actual app conformance",Domain phase in parity matrix,evidence/current-api.describe.json; evidence/current-resonance-api.schema.json,Not executed,Not individually requalified; use P0c shared parameter/result/error/replay conformance.
mixer.bus.add,writes,windows/App/MixerEditor.inc:156;windows/Session/MixerOperations.cpp:26,Literal present,"Source literal present; dispatcher, parameter/guard/result/no-op compatibility still needs actual app conformance",Domain phase in parity matrix,evidence/current-api.describe.json; evidence/current-resonance-api.schema.json,Not executed,Not individually requalified; use P0c shared parameter/result/error/replay conformance.
mixer.bus.set,writes,windows/App/MixerEditor.inc:158;windows/App/SongRoutingWindow.hpp:70;windows/Session/MixerOperations.cpp:26,Literal present,"Source literal present; dispatcher, parameter/guard/result/no-op compatibility still needs actual app conformance",Domain phase in parity matrix,evidence/current-api.describe.json; evidence/current-resonance-api.schema.json,Not executed,Not individually requalified; use P0c shared parameter/result/error/replay conformance.
mixer.bus.remove,writes,windows/App/MixerEditor.inc:157;windows/Session/MixerOperations.cpp:26,Literal present,"Source literal present; dispatcher, parameter/guard/result/no-op compatibility still needs actual app conformance",Domain phase in parity matrix,evidence/current-api.describe.json; evidence/current-resonance-api.schema.json,Not executed,Not individually requalified; use P0c shared parameter/result/error/replay conformance.
mixer.inserts.move,writes,windows/Session/MixerOperations.cpp:26,Literal present,"Source literal present; dispatcher, parameter/guard/result/no-op compatibility still needs actual app conformance",Domain phase in parity matrix,evidence/current-api.describe.json; evidence/current-resonance-api.schema.json,Not executed,Not individually requalified; use P0c shared parameter/result/error/replay conformance.
mixer.inserts.detach,writes,windows/Session/MixerOperations.cpp:26,Literal present,"Source literal present; dispatcher, parameter/guard/result/no-op compatibility still needs actual app conformance",Domain phase in parity matrix,evidence/current-api.describe.json; evidence/current-resonance-api.schema.json,Not executed,Not individually requalified; use P0c shared parameter/result/error/replay conformance.
mixer.sends.set,writes,windows/App/SongRoutingWindow.hpp:73;windows/Session/MixerOperations.cpp:26,Literal present,"Source literal present; dispatcher, parameter/guard/result/no-op compatibility still needs actual app conformance",Domain phase in parity matrix,evidence/current-api.describe.json; evidence/current-resonance-api.schema.json,Not executed,Not individually requalified; use P0c shared parameter/result/error/replay conformance.
mixer.instrument.route,writes,windows/Session/MixerOperations.cpp:26,Literal present,"Source literal present; dispatcher, parameter/guard/result/no-op compatibility still needs actual app conformance",Domain phase in parity matrix,evidence/current-api.describe.json; evidence/current-resonance-api.schema.json,Not executed,Not individually requalified; use P0c shared parameter/result/error/replay conformance.
mixer.plugin.route,writes,windows/App/SongRoutingWindow.hpp:86;windows/Session/MixerOperations.cpp:26,Literal present,"Source literal present; dispatcher, parameter/guard/result/no-op compatibility still needs actual app conformance",Domain phase in parity matrix,evidence/current-api.describe.json; evidence/current-resonance-api.schema.json,Not executed,Not individually requalified; use P0c shared parameter/result/error/replay conformance.
mixer.sidechains.set,writes,windows/App/SongRoutingWindow.hpp:97;windows/Session/MixerOperations.cpp:26,Literal present,"Source literal present; dispatcher, parameter/guard/result/no-op compatibility still needs actual app conformance",Domain phase in parity matrix,evidence/current-api.describe.json; evidence/current-resonance-api.schema.json,Not executed,Not individually requalified; use P0c shared parameter/result/error/replay conformance.
mixer.plugin.connection.set,writes,windows/App/SongRoutingWindow.hpp:91;windows/Session/MixerOperations.cpp:26,Literal present,"Source literal present; dispatcher, parameter/guard/result/no-op compatibility still needs actual app conformance",Domain phase in parity matrix,evidence/current-api.describe.json; evidence/current-resonance-api.schema.json,Not executed,Not individually requalified; use P0c shared parameter/result/error/replay conformance.
context.set,writes,windows/Api/SessionAdapter.hpp:118,Literal present,"Source literal present; dispatcher, parameter/guard/result/no-op compatibility still needs actual app conformance",Domain phase in parity matrix,evidence/current-api.describe.json; evidence/current-resonance-api.schema.json,Not executed,Not individually requalified; use P0c shared parameter/result/error/replay conformance.
workspace.input,writes,windows/Api/SessionAdapter.hpp:118;windows/App/Main.cpp:364,Literal present,"Source literal present; dispatcher, parameter/guard/result/no-op compatibility still needs actual app conformance",Domain phase in parity matrix,evidence/current-api.describe.json; evidence/current-resonance-api.schema.json,Not executed,Not individually requalified; use P0c shared parameter/result/error/replay conformance.
workspace.ruler,writes,,No production literal found; confirmed contract gap listed in README,Native ruler preference using shared timeline,P3,evidence/current-api.describe.json; evidence/current-resonance-api.schema.json,Not executed,Not individually requalified; use P0c shared parameter/result/error/replay conformance.
workspace.shortcut.set,writes,windows/Api/SessionAdapter.hpp:118;windows/App/Main.cpp:378,Literal present,"Source literal present; dispatcher, parameter/guard/result/no-op compatibility still needs actual app conformance",Domain phase in parity matrix,evidence/current-api.describe.json; evidence/current-resonance-api.schema.json,Not executed,Not individually requalified; use P0c shared parameter/result/error/replay conformance.
workspace.panel,writes,windows/Api/SessionAdapter.hpp:118;windows/App/Main.cpp:379;windows/App/WorkspaceView.inc:205,Literal present,"Source literal present; dispatcher, parameter/guard/result/no-op compatibility still needs actual app conformance",Domain phase in parity matrix,evidence/current-api.describe.json; evidence/current-resonance-api.schema.json,Not executed,Not individually requalified; use P0c shared parameter/result/error/replay conformance.
workspace.layout,writes,windows/Api/SessionAdapter.hpp:118;windows/App/Main.cpp:380;windows/App/WorkspaceLayouts.inc:103;windows/App/WorkspaceView.inc:200,Literal present,"Source literal present; dispatcher, parameter/guard/result/no-op compatibility still needs actual app conformance",Domain phase in parity matrix,evidence/current-api.describe.json; evidence/current-resonance-api.schema.json,Not executed,Not individually requalified; use P0c shared parameter/result/error/replay conformance.
recovery.save,writes,windows/App/RecoveryIntegration.inc:143;windows/App/SampleLibrary.inc:62,Literal present,"Source literal present; dispatcher, parameter/guard/result/no-op compatibility still needs actual app conformance",Domain phase in parity matrix,evidence/current-api.describe.json; evidence/current-resonance-api.schema.json,Not executed,Not individually requalified; use P0c shared parameter/result/error/replay conformance.
recovery.restore,writes,windows/App/RecoveryIntegration.inc:143;windows/App/SampleLibrary.inc:62,Literal present,"Source literal present; dispatcher, parameter/guard/result/no-op compatibility still needs actual app conformance",Domain phase in parity matrix,evidence/current-api.describe.json; evidence/current-resonance-api.schema.json,Not executed,Not individually requalified; use P0c shared parameter/result/error/replay conformance.
sample.library.roots.set,writes,windows/App/SampleLibrary.inc:63;windows/App/SampleLibraryWindow.hpp:77;windows/Samples/Library.cpp:115,Literal present,"Source literal present; dispatcher, parameter/guard/result/no-op compatibility still needs actual app conformance",Domain phase in parity matrix,evidence/current-api.describe.json; evidence/current-resonance-api.schema.json,Not executed,Not individually requalified; use P0c shared parameter/result/error/replay conformance.
sample.library.rescan,writes,windows/App/SampleLibrary.inc:63;windows/App/SampleLibraryWindow.hpp:91;windows/Samples/Library.cpp:122,Literal present,"Source literal present; dispatcher, parameter/guard/result/no-op compatibility still needs actual app conformance",Domain phase in parity matrix,evidence/current-api.describe.json; evidence/current-resonance-api.schema.json,Not executed,Not individually requalified; use P0c shared parameter/result/error/replay conformance.
sample.library.preview,writes,windows/App/MultisampleImportWindow.hpp:43;windows/App/SampleLibrary.inc:62;windows/App/SampleLibraryWindow.hpp:62,Literal present,"Source literal present; dispatcher, parameter/guard/result/no-op compatibility still needs actual app conformance",Domain phase in parity matrix,evidence/current-api.describe.json; evidence/current-resonance-api.schema.json,Not executed,Not individually requalified; use P0c shared parameter/result/error/replay conformance.
sample.library.preview.stop,writes,windows/App/MultisampleImportWindow.hpp:36;windows/App/SampleLibrary.inc:62;windows/App/SampleLibraryWindow.hpp:54,Literal present,"Source literal present; dispatcher, parameter/guard/result/no-op compatibility still needs actual app conformance",Domain phase in parity matrix,evidence/current-api.describe.json; evidence/current-resonance-api.schema.json,Not executed,Not individually requalified; use P0c shared parameter/result/error/replay conformance.
