reference_row,command,mac_shortcuts,stable_id,owner_surface,windows_source_owners,disposition,phase,acceptance_ids,native_rule,runtime_status,source_navigation_hints,hint_limit
1,ScreamSeq / About ScreamSeq,,ScreamSeq / About ScreamSeq/about,keyboard,windows/App/MusicalTyping.inc;windows/App/WorkspaceView.inc;windows/App/WorkspaceShortcuts.hpp;mac/App/KeyboardSettings.swift,Surface exists; individual command equivalence and availability require A16 (not a one-to-one shortcut mapping),P3,A05/A16,Use semantic action ID and Windows context/shortcut precedence; preserve local text editing and held musical keys,Not executed,windows/App/WorkspaceView.inc:139; windows/App/WorkspaceView.inc:138; windows/App/WorkspaceView.inc:127,Token matches locate candidate controls; no command parity claim
2,ScreamSeq / Keyboard and Display…,"cmd+,",ScreamSeq / Keyboard and Display…/keyboardPreferences,keyboard,windows/App/MusicalTyping.inc;windows/App/WorkspaceView.inc;windows/App/WorkspaceShortcuts.hpp;mac/App/KeyboardSettings.swift,Fixed musical key rows and rowHeight=18 need settings; text/IME/AltGr precedence and no hanging held notes.,P3,A05/A16,Use semantic action ID and Windows context/shortcut precedence; preserve local text editing and held musical keys,Not executed,windows/App/WorkspaceView.inc:241,Token matches locate candidate controls; no command parity claim
3,ScreamSeq / Audio Settings…,,ScreamSeq / Audio Settings…/audioSettings,devices,windows/Audio/WasapiDevice.cpp;windows/App/AudioSettingsWindow.hpp;windows/App/AudioSettings.inc;mac/Audio/AudioDevice.mm,Surface exists; individual command equivalence and availability require A16 (not a one-to-one shortcut mapping),P7,A11/A13/A17,Use semantic action ID and Windows context/shortcut precedence; preserve local text editing and held musical keys,Not executed,windows/App/AudioSettingsWindow.hpp:52; windows/App/AudioSettingsWindow.hpp:49; windows/App/AudioSettingsWindow.hpp:38,Token matches locate candidate controls; no command parity claim
4,ScreamSeq / Quit ScreamSeq,cmd+q,ScreamSeq / Quit ScreamSeq/terminate:,keyboard,windows/App/MusicalTyping.inc;windows/App/WorkspaceView.inc;windows/App/WorkspaceShortcuts.hpp;mac/App/KeyboardSettings.swift,Surface exists; individual command equivalence and availability require A16 (not a one-to-one shortcut mapping),P3,A05/A16,Use semantic action ID and Windows context/shortcut precedence; preserve local text editing and held musical keys,Not executed,windows/App/WorkspaceView.inc:139; windows/App/WorkspaceView.inc:138; windows/App/WorkspaceView.inc:127,Token matches locate candidate controls; no command parity claim
5,File / New,cmd+n,File / New/newFile,files,windows/Project/NativeProject.cpp;windows/Project/NativeProjectRecovery.inc;windows/Session/DocumentOperations.cpp;windows/App/EditingView.inc;mac/Audio/AudioExport.mm;mac/Bridge/ProjectLoadRecovery.inc,No explicit Windows command/controller path found; add protected replacement preserving dirty song and staged takes,P6,A15,Use semantic action ID and Windows context/shortcut precedence; preserve local text editing and held musical keys,Not executed,windows/Project/NativeProject.cpp:207; windows/Project/NativeProject.cpp:205; windows/App/EditingView.inc:278,Token matches locate candidate controls; no command parity claim
6,File / Open…,cmd+o,File / Open…/openFile,files,windows/Project/NativeProject.cpp;windows/Project/NativeProjectRecovery.inc;windows/Session/DocumentOperations.cpp;windows/App/EditingView.inc;mac/Audio/AudioExport.mm;mac/Bridge/ProjectLoadRecovery.inc,Surface exists; individual command equivalence and availability require A16 (not a one-to-one shortcut mapping),P6,A01/A15,Use semantic action ID and Windows context/shortcut precedence; preserve local text editing and held musical keys,Not executed,windows/App/EditingView.inc:274,Token matches locate candidate controls; no command parity claim
7,File / Open Demo,,File / Open Demo/demoFile,files,windows/Project/NativeProject.cpp;windows/Project/NativeProjectRecovery.inc;windows/Session/DocumentOperations.cpp;windows/App/EditingView.inc;mac/Audio/AudioExport.mm;mac/Bridge/ProjectLoadRecovery.inc,No explicit Windows command/controller path found; add protected replacement preserving dirty song and staged takes,P6,A15,Use semantic action ID and Windows context/shortcut precedence; preserve local text editing and held musical keys,Not executed,windows/App/EditingView.inc:274,Token matches locate candidate controls; no command parity claim
8,File / Browse Samples…,cmd+shift+l,File / Browse Samples…/showSampleBrowser,library,windows/App/SampleLibraryWindow.hpp;windows/App/MultisampleImportWindow.hpp;windows/Samples/Library.cpp;windows/Session/AssetOperations.cpp;mac/App/SampleLibrary.swift,Surface exists; individual command equivalence and availability require A16 (not a one-to-one shortcut mapping),P4,A07/A08,Use semantic action ID and Windows context/shortcut precedence; preserve local text editing and held musical keys,Not executed,windows/Session/AssetOperations.cpp:346; windows/Session/AssetOperations.cpp:343; windows/Session/AssetOperations.cpp:215,Token matches locate candidate controls; no command parity claim
9,File / Record Microphone to Sample…,,File / Record Microphone to Sample…/showSampleRecorder,capture,windows/App/SampleRecordingWindow.hpp;windows/App/SampleCaptureIntegration.inc;windows/App/PatternSampleRenderWindow.hpp;windows/Audio/WasapiCapture.cpp;windows/Session/SampleRecordingOperations.cpp;editor/hosted/SelectionRender.cpp,Surface exists; individual command equivalence and availability require A16 (not a one-to-one shortcut mapping),P4/P7,A01/A14,Use semantic action ID and Windows context/shortcut precedence; preserve local text editing and held musical keys,Not executed,windows/App/SampleRecordingWindow.hpp:179; windows/App/SampleRecordingWindow.hpp:178; windows/App/SampleRecordingWindow.hpp:136,Token matches locate candidate controls; no command parity claim
10,File / Recover a Song…,,File / Recover a Song…/recoverDocument,recovery,windows/App/RecoveryWindow.hpp;windows/App/RecoveryIntegration.inc;windows/Session/RecoveryOperations.inc;editor/ProjectLoadRecovery.hpp;mac/App/RecoveryIntegration.swift,Surface exists; individual command equivalence and availability require A16 (not a one-to-one shortcut mapping),P6,A01/A13/A15,Use semantic action ID and Windows context/shortcut precedence; preserve local text editing and held musical keys,Not executed,windows/App/RecoveryWindow.hpp:201; windows/App/RecoveryWindow.hpp:191; windows/Session/RecoveryOperations.inc:55,Token matches locate candidate controls; no command parity claim
11,File / Save,cmd+s,File / Save/saveFile,files,windows/Project/NativeProject.cpp;windows/Project/NativeProjectRecovery.inc;windows/Session/DocumentOperations.cpp;windows/App/EditingView.inc;mac/Audio/AudioExport.mm;mac/Bridge/ProjectLoadRecovery.inc,Surface exists; individual command equivalence and availability require A16 (not a one-to-one shortcut mapping),P6,A01/A15,Use semantic action ID and Windows context/shortcut precedence; preserve local text editing and held musical keys,Not executed,windows/Project/NativeProjectRecovery.inc:16; windows/Project/NativeProject.cpp:207; windows/Project/NativeProject.cpp:205,Token matches locate candidate controls; no command parity claim
12,File / Save As…,cmd+shift+s,File / Save As…/saveAs,files,windows/Project/NativeProject.cpp;windows/Project/NativeProjectRecovery.inc;windows/Session/DocumentOperations.cpp;windows/App/EditingView.inc;mac/Audio/AudioExport.mm;mac/Bridge/ProjectLoadRecovery.inc,Surface exists; individual command equivalence and availability require A16 (not a one-to-one shortcut mapping),P6,A01/A15,Use semantic action ID and Windows context/shortcut precedence; preserve local text editing and held musical keys,Not executed,windows/Project/NativeProjectRecovery.inc:16; windows/Project/NativeProject.cpp:207; windows/Project/NativeProject.cpp:205,Token matches locate candidate controls; no command parity claim
13,File / Export Module…,,File / Export Module…/exportModule,files,windows/Project/NativeProject.cpp;windows/Project/NativeProjectRecovery.inc;windows/Session/DocumentOperations.cpp;windows/App/EditingView.inc;mac/Audio/AudioExport.mm;mac/Bridge/ProjectLoadRecovery.inc,Confirmed user export workflow gap; diagnostic renders are not this workflow,P6,A01/A15,Use semantic action ID and Windows context/shortcut precedence; preserve local text editing and held musical keys,Not executed,windows/Project/NativeProjectRecovery.inc:28; windows/Project/NativeProjectRecovery.inc:16; windows/Project/NativeProjectRecovery.inc:11,Token matches locate candidate controls; no command parity claim
14,File / Export Audio…,cmd+e,File / Export Audio…/exportAudio,files,windows/Project/NativeProject.cpp;windows/Project/NativeProjectRecovery.inc;windows/Session/DocumentOperations.cpp;windows/App/EditingView.inc;mac/Audio/AudioExport.mm;mac/Bridge/ProjectLoadRecovery.inc,Confirmed user export workflow gap; diagnostic renders are not this workflow,P6,A01/A15,Use semantic action ID and Windows context/shortcut precedence; preserve local text editing and held musical keys,Not executed,,Token matches locate candidate controls; no command parity claim
15,File / Close Window,cmd+w,File / Close Window/performClose:,files,windows/Project/NativeProject.cpp;windows/Project/NativeProjectRecovery.inc;windows/Session/DocumentOperations.cpp;windows/App/EditingView.inc;mac/Audio/AudioExport.mm;mac/Bridge/ProjectLoadRecovery.inc,Surface exists; individual command equivalence and availability require A16 (not a one-to-one shortcut mapping),P6,A01/A15,Use semantic action ID and Windows context/shortcut precedence; preserve local text editing and held musical keys,Not executed,windows/App/EditingView.inc:213; windows/App/EditingView.inc:192; windows/App/EditingView.inc:148,Token matches locate candidate controls; no command parity claim
16,Edit / Undo,cmd+z,Edit / Undo/undo,history,editor/TrackerDocument.cpp;windows/Session/PluginOperations.cpp;windows/Session/DocumentController.cpp;mac/Bridge/TrackerSession.mm,Surface exists; individual command equivalence and availability require A16 (not a one-to-one shortcut mapping),P2/P6,A01/A15,Use semantic action ID and Windows context/shortcut precedence; preserve local text editing and held musical keys,Not executed,windows/Session/PluginOperations.cpp:337; windows/Session/PluginOperations.cpp:142; windows/Session/DocumentController.cpp:710,Token matches locate candidate controls; no command parity claim
17,Edit / Redo,cmd+shift+z,Edit / Redo/redo,history,editor/TrackerDocument.cpp;windows/Session/PluginOperations.cpp;windows/Session/DocumentController.cpp;mac/Bridge/TrackerSession.mm,Surface exists; individual command equivalence and availability require A16 (not a one-to-one shortcut mapping),P2/P6,A01/A15,Use semantic action ID and Windows context/shortcut precedence; preserve local text editing and held musical keys,Not executed,windows/Session/PluginOperations.cpp:337; windows/Session/DocumentController.cpp:711; windows/Session/DocumentController.cpp:710,Token matches locate candidate controls; no command parity claim
18,Edit / Cut,cmd+x,Edit / Cut/cut:,history,editor/TrackerDocument.cpp;windows/Session/PluginOperations.cpp;windows/Session/DocumentController.cpp;mac/Bridge/TrackerSession.mm,Surface exists; individual command equivalence and availability require A16 (not a one-to-one shortcut mapping),P2/P6,A01/A15,Use semantic action ID and Windows context/shortcut precedence; preserve local text editing and held musical keys,Not executed,windows/Session/DocumentController.cpp:557,Token matches locate candidate controls; no command parity claim
19,Edit / Copy,cmd+c,Edit / Copy/copy:,history,editor/TrackerDocument.cpp;windows/Session/PluginOperations.cpp;windows/Session/DocumentController.cpp;mac/Bridge/TrackerSession.mm,Surface exists; individual command equivalence and availability require A16 (not a one-to-one shortcut mapping),P2/P6,A01/A15,Use semantic action ID and Windows context/shortcut precedence; preserve local text editing and held musical keys,Not executed,windows/Session/PluginOperations.cpp:232,Token matches locate candidate controls; no command parity claim
20,Edit / Paste,cmd+v,Edit / Paste/paste:,history,editor/TrackerDocument.cpp;windows/Session/PluginOperations.cpp;windows/Session/DocumentController.cpp;mac/Bridge/TrackerSession.mm,Surface exists; individual command equivalence and availability require A16 (not a one-to-one shortcut mapping),P2/P6,A01/A15,Use semantic action ID and Windows context/shortcut precedence; preserve local text editing and held musical keys,Not executed,windows/Session/DocumentController.cpp:557,Token matches locate candidate controls; no command parity claim
21,Edit / Select All,cmd+a,Edit / Select All/selectAll:,history,editor/TrackerDocument.cpp;windows/Session/PluginOperations.cpp;windows/Session/DocumentController.cpp;mac/Bridge/TrackerSession.mm,Surface exists; individual command equivalence and availability require A16 (not a one-to-one shortcut mapping),P2/P6,A01/A15,Use semantic action ID and Windows context/shortcut precedence; preserve local text editing and held musical keys,Not executed,windows/Session/PluginOperations.cpp:456; windows/Session/PluginOperations.cpp:398; windows/Session/PluginOperations.cpp:396,Token matches locate candidate controls; no command parity claim
22,Automation / Pattern Automation…,,Automation / Pattern Automation…/showPatternAutomation,automation,windows/App/ParameterAutomationWindow.hpp;windows/App/AbsoluteAutomationWindow.hpp;windows/App/GraphCurveWindow.hpp;windows/Session/PatternAutomation.inc;editor/AutomationTools.cpp;mac/App/PatternAutomation.swift,Surface exists; individual command equivalence and availability require A16 (not a one-to-one shortcut mapping),P4,A01/A09,Use semantic action ID and Windows context/shortcut precedence; preserve local text editing and held musical keys,Not executed,windows/Session/PatternAutomation.inc:53; windows/Session/PatternAutomation.inc:50; windows/Session/PatternAutomation.inc:47,Token matches locate candidate controls; no command parity claim
23,Automation / Enable Local API,,Automation / Enable Local API/toggleAutomation,automation,windows/App/ParameterAutomationWindow.hpp;windows/App/AbsoluteAutomationWindow.hpp;windows/App/GraphCurveWindow.hpp;windows/Session/PatternAutomation.inc;editor/AutomationTools.cpp;mac/App/PatternAutomation.swift,Surface exists; individual command equivalence and availability require A16 (not a one-to-one shortcut mapping),P4,A01/A09,Use semantic action ID and Windows context/shortcut precedence; preserve local text editing and held musical keys,Not executed,,Token matches locate candidate controls; no command parity claim
24,Playback / Play / Stop,,Playback / Play / Stop/playOrStop,timing,windows/App/SongTimingWindow.hpp;windows/App/SongTools.inc;windows/Session/DocumentOperations.cpp;editor/SongTiming.cpp;mac/App/SongTimingEditor.swift;mac/Bridge/TrackerSessionAPI.inc,Surface exists; individual command equivalence and availability require A16 (not a one-to-one shortcut mapping),P3,A06,Use semantic action ID and Windows context/shortcut precedence; preserve local text editing and held musical keys,Not executed,windows/App/SongTools.inc:142,Token matches locate candidate controls; no command parity claim
25,Playback / Play from Cursor ⇧Space,,Playback / Play from Cursor ⇧Space/playFromCursor,timing,windows/App/SongTimingWindow.hpp;windows/App/SongTools.inc;windows/Session/DocumentOperations.cpp;editor/SongTiming.cpp;mac/App/SongTimingEditor.swift;mac/Bridge/TrackerSessionAPI.inc,Surface exists; individual command equivalence and availability require A16 (not a one-to-one shortcut mapping),P3,A06,Use semantic action ID and Windows context/shortcut precedence; preserve local text editing and held musical keys,Not executed,windows/App/SongTools.inc:121,Token matches locate candidate controls; no command parity claim
26,Playback / Play Selection or Pattern ⌃Space,,Playback / Play Selection or Pattern ⌃Space/playSelection,timing,windows/App/SongTimingWindow.hpp;windows/App/SongTools.inc;windows/Session/DocumentOperations.cpp;editor/SongTiming.cpp;mac/App/SongTimingEditor.swift;mac/Bridge/TrackerSessionAPI.inc,Surface exists; individual command equivalence and availability require A16 (not a one-to-one shortcut mapping),P3,A06,Use semantic action ID and Windows context/shortcut precedence; preserve local text editing and held musical keys,Not executed,windows/Session/DocumentOperations.cpp:359; windows/Session/DocumentOperations.cpp:357; windows/Session/DocumentOperations.cpp:351,Token matches locate candidate controls; no command parity claim
27,Playback / Play Selection or Pattern from Cursor ⌃⇧Space,,Playback / Play Selection or Pattern from Cursor ⌃⇧Space/playSelectionFromCursor,timing,windows/App/SongTimingWindow.hpp;windows/App/SongTools.inc;windows/Session/DocumentOperations.cpp;editor/SongTiming.cpp;mac/App/SongTimingEditor.swift;mac/Bridge/TrackerSessionAPI.inc,Surface exists; individual command equivalence and availability require A16 (not a one-to-one shortcut mapping),P3,A06,Use semantic action ID and Windows context/shortcut precedence; preserve local text editing and held musical keys,Not executed,windows/Session/DocumentOperations.cpp:359; windows/Session/DocumentOperations.cpp:357; windows/Session/DocumentOperations.cpp:351,Token matches locate candidate controls; no command parity claim
28,Playback / Toggle Playback Loop,,Playback / Toggle Playback Loop/togglePlaybackLoop,timing,windows/App/SongTimingWindow.hpp;windows/App/SongTools.inc;windows/Session/DocumentOperations.cpp;editor/SongTiming.cpp;mac/App/SongTimingEditor.swift;mac/Bridge/TrackerSessionAPI.inc,Confirmed live-loop command/API gap; initial playback loop setting exists,P3,A06,Use semantic action ID and Windows context/shortcut precedence; preserve local text editing and held musical keys,Not executed,windows/Session/DocumentOperations.cpp:252; windows/App/SongTimingWindow.hpp:202; windows/App/SongTimingWindow.hpp:127,Token matches locate candidate controls; no command parity claim
29,Pattern / Previous Instrument,opt+up,Pattern / Previous Instrument/previousInputInstrument:,effects,windows/App/PatternEditor.inc;windows/App/PatternFields.hpp;windows/App/PatternGeometry.inc;windows/Session/PatternOperations.cpp;editor/NativePatternCommands.hpp;mac/App/PatternPerformance.swift,Surface exists; individual command equivalence and availability require A16 (not a one-to-one shortcut mapping),P3,A01/A05,Use semantic action ID and Windows context/shortcut precedence; preserve local text editing and held musical keys,Not executed,windows/Session/PatternOperations.cpp:96; windows/Session/PatternOperations.cpp:93; windows/Session/PatternOperations.cpp:86,Token matches locate candidate controls; no command parity claim
30,Pattern / Next Instrument,opt+down,Pattern / Next Instrument/nextInputInstrument:,effects,windows/App/PatternEditor.inc;windows/App/PatternFields.hpp;windows/App/PatternGeometry.inc;windows/Session/PatternOperations.cpp;editor/NativePatternCommands.hpp;mac/App/PatternPerformance.swift,Surface exists; individual command equivalence and availability require A16 (not a one-to-one shortcut mapping),P3,A01/A05,Use semantic action ID and Windows context/shortcut precedence; preserve local text editing and held musical keys,Not executed,windows/Session/PatternOperations.cpp:96; windows/Session/PatternOperations.cpp:133; windows/Session/PatternOperations.cpp:131,Token matches locate candidate controls; no command parity claim
31,Pattern / Octave Down,opt+left,Pattern / Octave Down/previousInputOctave:,effects,windows/App/PatternEditor.inc;windows/App/PatternFields.hpp;windows/App/PatternGeometry.inc;windows/Session/PatternOperations.cpp;editor/NativePatternCommands.hpp;mac/App/PatternPerformance.swift,Surface exists; individual command equivalence and availability require A16 (not a one-to-one shortcut mapping),P3,A01/A05,Use semantic action ID and Windows context/shortcut precedence; preserve local text editing and held musical keys,Not executed,,Token matches locate candidate controls; no command parity claim
32,Pattern / Octave Up,opt+right,Pattern / Octave Up/nextInputOctave:,effects,windows/App/PatternEditor.inc;windows/App/PatternFields.hpp;windows/App/PatternGeometry.inc;windows/Session/PatternOperations.cpp;editor/NativePatternCommands.hpp;mac/App/PatternPerformance.swift,Surface exists; individual command equivalence and availability require A16 (not a one-to-one shortcut mapping),P3,A01/A05,Use semantic action ID and Windows context/shortcut precedence; preserve local text editing and held musical keys,Not executed,,Token matches locate candidate controls; no command parity claim
33,Pattern / Use Instrument from Cursor,,Pattern / Use Instrument from Cursor/useCursorInstrument:,effects,windows/App/PatternEditor.inc;windows/App/PatternFields.hpp;windows/App/PatternGeometry.inc;windows/Session/PatternOperations.cpp;editor/NativePatternCommands.hpp;mac/App/PatternPerformance.swift,Surface exists; individual command equivalence and availability require A16 (not a one-to-one shortcut mapping),P3,A01/A05,Use semantic action ID and Windows context/shortcut precedence; preserve local text editing and held musical keys,Not executed,windows/Session/PatternOperations.cpp:96; windows/Session/PatternOperations.cpp:93; windows/Session/PatternOperations.cpp:86,Token matches locate candidate controls; no command parity claim
34,Pattern / Tempo and Groove…,,Pattern / Tempo and Groove…/showSongTiming,timing,windows/App/SongTimingWindow.hpp;windows/App/SongTools.inc;windows/Session/DocumentOperations.cpp;editor/SongTiming.cpp;mac/App/SongTimingEditor.swift;mac/Bridge/TrackerSessionAPI.inc,Surface exists; individual command equivalence and availability require A16 (not a one-to-one shortcut mapping),P3,A06,Use semantic action ID and Windows context/shortcut precedence; preserve local text editing and held musical keys,Not executed,windows/App/SongTimingWindow.hpp:196; windows/App/SongTimingWindow.hpp:195; windows/App/SongTimingWindow.hpp:147,Token matches locate candidate controls; no command parity claim
35,Pattern / Precise Notes…,cmd+shift+n,Pattern / Precise Notes…/showPreciseNotes,precise,windows/App/PreciseNoteWindow.hpp;windows/App/PreciseNoteOwnerModel.inc;windows/App/PreciseNoteOwnerInteraction.inc;windows/Session/TimelineOperations.cpp;mac/App/PreciseNotes.swift,Surface exists; individual command equivalence and availability require A16 (not a one-to-one shortcut mapping),P3/P4,A01/A05,Use semantic action ID and Windows context/shortcut precedence; preserve local text editing and held musical keys,Not executed,windows/App/PreciseNoteWindow.hpp:149; windows/App/PreciseNoteWindow.hpp:105; windows/App/PreciseNoteWindow.hpp:103,Token matches locate candidate controls; no command parity claim
36,Pattern / Finish Recording Take,,Pattern / Finish Recording Take/retryRecordingFinish,midi,windows/Audio/MidiInput.cpp;windows/App/RecordingIntegration.inc;windows/App/MidiRecordingWindow.hpp;windows/Session/RecordingOperations.inc;editor/NoteRecording.cpp;editor/RecordingClock.hpp;mac/Bridge/RecordingAPI.inc,Surface exists; individual command equivalence and availability require A16 (not a one-to-one shortcut mapping),P7,A01/A13,Use semantic action ID and Windows context/shortcut precedence; preserve local text editing and held musical keys,Not executed,windows/App/RecordingIntegration.inc:227; windows/Session/RecordingOperations.inc:185; windows/Session/RecordingOperations.inc:184,Token matches locate candidate controls; no command parity claim
37,Pattern / Discard Recording Take,,Pattern / Discard Recording Take/discardLiveRecording,midi,windows/Audio/MidiInput.cpp;windows/App/RecordingIntegration.inc;windows/App/MidiRecordingWindow.hpp;windows/Session/RecordingOperations.inc;editor/NoteRecording.cpp;editor/RecordingClock.hpp;mac/Bridge/RecordingAPI.inc,Surface exists; individual command equivalence and availability require A16 (not a one-to-one shortcut mapping),P7,A01/A13,Use semantic action ID and Windows context/shortcut precedence; preserve local text editing and held musical keys,Not executed,windows/Session/RecordingOperations.inc:133; windows/App/RecordingIntegration.inc:239; windows/Session/RecordingOperations.inc:185,Token matches locate candidate controls; no command parity claim
38,Pattern / Extra Effects…,cmd+shift+e,Pattern / Extra Effects…/showPatternPerformance,effects,windows/App/PatternEditor.inc;windows/App/PatternFields.hpp;windows/App/PatternGeometry.inc;windows/Session/PatternOperations.cpp;editor/NativePatternCommands.hpp;mac/App/PatternPerformance.swift,Surface exists; individual command equivalence and availability require A16 (not a one-to-one shortcut mapping),P3,A01/A05,Use semantic action ID and Windows context/shortcut precedence; preserve local text editing and held musical keys,Not executed,windows/Session/PatternOperations.cpp:119; windows/Session/PatternOperations.cpp:117; windows/Session/PatternOperations.cpp:103,Token matches locate candidate controls; no command parity claim
39,Pattern / Scratch phrases…,,Pattern / Scratch phrases…/showScratchGestures,scratch,windows/App/ScratchGestureWindow.hpp;windows/App/ScratchEditorState.hpp;windows/Session/ScratchGestureOperations.hpp;editor/ScratchGesture.cpp;editor/ScratchRuntime.cpp;mac/App/ScratchGestureEditor.swift,Surface exists; individual command equivalence and availability require A16 (not a one-to-one shortcut mapping),P4,A01/A05/A09,Use semantic action ID and Windows context/shortcut precedence; preserve local text editing and held musical keys,Not executed,windows/App/ScratchGestureWindow.hpp:214; windows/Session/ScratchGestureOperations.hpp:48; windows/Session/ScratchGestureOperations.hpp:46,Token matches locate candidate controls; no command parity claim
40,Pattern / Record Selection to Sample,,Pattern / Record Selection to Sample/recordSelectionToSample,capture,windows/App/SampleRecordingWindow.hpp;windows/App/SampleCaptureIntegration.inc;windows/App/PatternSampleRenderWindow.hpp;windows/Audio/WasapiCapture.cpp;windows/Session/SampleRecordingOperations.cpp;editor/hosted/SelectionRender.cpp,Surface exists; individual command equivalence and availability require A16 (not a one-to-one shortcut mapping),P4/P7,A01/A14,Use semantic action ID and Windows context/shortcut precedence; preserve local text editing and held musical keys,Not executed,windows/App/SampleRecordingWindow.hpp:179; windows/App/SampleRecordingWindow.hpp:178; windows/App/SampleRecordingWindow.hpp:136,Token matches locate candidate controls; no command parity claim
41,Pattern / Record Selection to Instrument,,Pattern / Record Selection to Instrument/recordSelectionToInstrument,capture,windows/App/SampleRecordingWindow.hpp;windows/App/SampleCaptureIntegration.inc;windows/App/PatternSampleRenderWindow.hpp;windows/Audio/WasapiCapture.cpp;windows/Session/SampleRecordingOperations.cpp;editor/hosted/SelectionRender.cpp,Surface exists; individual command equivalence and availability require A16 (not a one-to-one shortcut mapping),P4/P7,A01/A14,Use semantic action ID and Windows context/shortcut precedence; preserve local text editing and held musical keys,Not executed,windows/App/SampleCaptureIntegration.inc:56; windows/Session/SampleRecordingOperations.cpp:43; windows/Audio/WasapiCapture.cpp:108,Token matches locate candidate controls; no command parity claim
42,Pattern / Pattern Tools…,cmd+shift+t,Pattern / Pattern Tools…/showPatternTools,tools,windows/App/EditingView.inc;windows/Session/PatternTransform.inc;editor/PatternTools.cpp;mac/App/PatternTools.swift,Confirmed comprehensive scope/operation/interpolation/preview workbench UI gap; use current API.,P3,A01/A04/A05,Use semantic action ID and Windows context/shortcut precedence; preserve local text editing and held musical keys,Not executed,windows/Session/PatternTransform.inc:82; windows/Session/PatternTransform.inc:56; windows/Session/PatternTransform.inc:54,Token matches locate candidate controls; no command parity claim
43,Pattern / Command Picker…,cmd+shift+k,Pattern / Command Picker…/showPatternCommands,effects,windows/App/PatternEditor.inc;windows/App/PatternFields.hpp;windows/App/PatternGeometry.inc;windows/Session/PatternOperations.cpp;editor/NativePatternCommands.hpp;mac/App/PatternPerformance.swift,Surface exists; individual command equivalence and availability require A16 (not a one-to-one shortcut mapping),P3,A01/A05,Use semantic action ID and Windows context/shortcut precedence; preserve local text editing and held musical keys,Not executed,windows/Session/PatternOperations.cpp:131; windows/Session/PatternOperations.cpp:130; windows/Session/PatternOperations.cpp:119,Token matches locate candidate controls; no command parity claim
44,Pattern / New Note Track…,,Pattern / New Note Track…/newNoteTrack,tracks,editor/TrackLayout.cpp;editor/TrackLayout.hpp;mac/Bridge/TrackAPI.inc;windows/App/WorkspaceDraw.inc;windows/Session/HostedProject.cpp;mac/App/NoteTracks.swift,"Confirmed Windows track.* editing API, named/grouped headers and per-column mute UI gap.",P2,A01/A03,Use semantic action ID and Windows context/shortcut precedence; preserve local text editing and held musical keys,Not executed,windows/App/WorkspaceDraw.inc:116; windows/App/WorkspaceDraw.inc:115; windows/App/WorkspaceDraw.inc:112,Token matches locate candidate controls; no command parity claim
45,Pattern / Group Selected Columns…,,Pattern / Group Selected Columns…/groupNoteColumns,tracks,editor/TrackLayout.cpp;editor/TrackLayout.hpp;mac/Bridge/TrackAPI.inc;windows/App/WorkspaceDraw.inc;windows/Session/HostedProject.cpp;mac/App/NoteTracks.swift,"Confirmed Windows track.* editing API, named/grouped headers and per-column mute UI gap.",P2,A01/A03,Use semantic action ID and Windows context/shortcut precedence; preserve local text editing and held musical keys,Not executed,,Token matches locate candidate controls; no command parity claim
46,Pattern / Ungroup Current Track,,Pattern / Ungroup Current Track/ungroupNoteTrack,tracks,editor/TrackLayout.cpp;editor/TrackLayout.hpp;mac/Bridge/TrackAPI.inc;windows/App/WorkspaceDraw.inc;windows/Session/HostedProject.cpp;mac/App/NoteTracks.swift,"Confirmed Windows track.* editing API, named/grouped headers and per-column mute UI gap.",P2,A01/A03,Use semantic action ID and Windows context/shortcut precedence; preserve local text editing and held musical keys,Not executed,,Token matches locate candidate controls; no command parity claim
47,Pattern / Mix Paste (Fill Empty Fields),,Pattern / Mix Paste (Fill Empty Fields)/mixPaste,effects,windows/App/PatternEditor.inc;windows/App/PatternFields.hpp;windows/App/PatternGeometry.inc;windows/Session/PatternOperations.cpp;editor/NativePatternCommands.hpp;mac/App/PatternPerformance.swift,Surface exists; individual command equivalence and availability require A16 (not a one-to-one shortcut mapping),P3,A01/A05,Use semantic action ID and Windows context/shortcut precedence; preserve local text editing and held musical keys,Not executed,windows/App/PatternEditor.inc:205; windows/Session/PatternOperations.cpp:133; windows/Session/PatternOperations.cpp:64,Token matches locate candidate controls; no command parity claim
48,Pattern / Merge Paste (Skip Empty Source Fields),,Pattern / Merge Paste (Skip Empty Source Fields)/mergePaste,effects,windows/App/PatternEditor.inc;windows/App/PatternFields.hpp;windows/App/PatternGeometry.inc;windows/Session/PatternOperations.cpp;editor/NativePatternCommands.hpp;mac/App/PatternPerformance.swift,Surface exists; individual command equivalence and availability require A16 (not a one-to-one shortcut mapping),P3,A01/A05,Use semantic action ID and Windows context/shortcut precedence; preserve local text editing and held musical keys,Not executed,windows/App/PatternEditor.inc:205; windows/Session/PatternOperations.cpp:133; windows/Session/PatternOperations.cpp:64,Token matches locate candidate controls; no command parity claim
49,Pattern / Arrange Orders…,,Pattern / Arrange Orders…/arrangeOrders,arrangement,windows/App/ArrangementWindow.hpp;windows/App/ArrangementMatrixWindow.hpp;windows/Session/DocumentOperations.cpp;editor/ArrangementTools.cpp;mac/App/ArrangementMatrix.swift,Surface exists; individual command equivalence and availability require A16 (not a one-to-one shortcut mapping),P2/P3,A01/A04/A06,Use semantic action ID and Windows context/shortcut precedence; preserve local text editing and held musical keys,Not executed,windows/App/ArrangementWindow.hpp:423; windows/App/ArrangementWindow.hpp:373; windows/App/ArrangementWindow.hpp:359,Token matches locate candidate controls; no command parity claim
50,Pattern / Arrangement Matrix…,,Pattern / Arrangement Matrix…/showArrangementMatrix,arrangement,windows/App/ArrangementWindow.hpp;windows/App/ArrangementMatrixWindow.hpp;windows/Session/DocumentOperations.cpp;editor/ArrangementTools.cpp;mac/App/ArrangementMatrix.swift,Surface exists; individual command equivalence and availability require A16 (not a one-to-one shortcut mapping),P2/P3,A01/A04/A06,Use semantic action ID and Windows context/shortcut precedence; preserve local text editing and held musical keys,Not executed,windows/Session/DocumentOperations.cpp:143; windows/Session/DocumentOperations.cpp:137; windows/App/ArrangementMatrixWindow.hpp:190,Token matches locate candidate controls; no command parity claim
51,Pattern / New Pattern,,Pattern / New Pattern/newPattern,effects,windows/App/PatternEditor.inc;windows/App/PatternFields.hpp;windows/App/PatternGeometry.inc;windows/Session/PatternOperations.cpp;editor/NativePatternCommands.hpp;mac/App/PatternPerformance.swift,Surface exists; individual command equivalence and availability require A16 (not a one-to-one shortcut mapping),P3,A01/A05,Use semantic action ID and Windows context/shortcut precedence; preserve local text editing and held musical keys,Not executed,windows/Session/PatternOperations.cpp:131; windows/Session/PatternOperations.cpp:117; windows/Session/PatternOperations.cpp:103,Token matches locate candidate controls; no command parity claim
52,Pattern / Duplicate Pattern,,Pattern / Duplicate Pattern/duplicatePattern,effects,windows/App/PatternEditor.inc;windows/App/PatternFields.hpp;windows/App/PatternGeometry.inc;windows/Session/PatternOperations.cpp;editor/NativePatternCommands.hpp;mac/App/PatternPerformance.swift,Surface exists; individual command equivalence and availability require A16 (not a one-to-one shortcut mapping),P3,A01/A05,Use semantic action ID and Windows context/shortcut precedence; preserve local text editing and held musical keys,Not executed,windows/Session/PatternOperations.cpp:131; windows/Session/PatternOperations.cpp:117; windows/Session/PatternOperations.cpp:116,Token matches locate candidate controls; no command parity claim
53,Pattern / Transpose Up,,Pattern / Transpose Up/transposeUp,effects,windows/App/PatternEditor.inc;windows/App/PatternFields.hpp;windows/App/PatternGeometry.inc;windows/Session/PatternOperations.cpp;editor/NativePatternCommands.hpp;mac/App/PatternPerformance.swift,Surface exists; individual command equivalence and availability require A16 (not a one-to-one shortcut mapping),P3,A01/A05,Use semantic action ID and Windows context/shortcut precedence; preserve local text editing and held musical keys,Not executed,,Token matches locate candidate controls; no command parity claim
54,Pattern / Transpose Down,,Pattern / Transpose Down/transposeDown,effects,windows/App/PatternEditor.inc;windows/App/PatternFields.hpp;windows/App/PatternGeometry.inc;windows/Session/PatternOperations.cpp;editor/NativePatternCommands.hpp;mac/App/PatternPerformance.swift,Surface exists; individual command equivalence and availability require A16 (not a one-to-one shortcut mapping),P3,A01/A05,Use semantic action ID and Windows context/shortcut precedence; preserve local text editing and held musical keys,Not executed,,Token matches locate candidate controls; no command parity claim
55,Pattern / Clear Field Under Cursor (.),,Pattern / Clear Field Under Cursor (.)/clearCursorField:,effects,windows/App/PatternEditor.inc;windows/App/PatternFields.hpp;windows/App/PatternGeometry.inc;windows/Session/PatternOperations.cpp;editor/NativePatternCommands.hpp;mac/App/PatternPerformance.swift,Surface exists; individual command equivalence and availability require A16 (not a one-to-one shortcut mapping),P3,A01/A05,Use semantic action ID and Windows context/shortcut precedence; preserve local text editing and held musical keys,Not executed,windows/Session/PatternOperations.cpp:116; windows/Session/PatternOperations.cpp:115; windows/Session/PatternOperations.cpp:106,Token matches locate candidate controls; no command parity claim
56,Pattern / Delete Channel Row (⇧Delete),,Pattern / Delete Channel Row (⇧Delete)/deleteChannelRow:,effects,windows/App/PatternEditor.inc;windows/App/PatternFields.hpp;windows/App/PatternGeometry.inc;windows/Session/PatternOperations.cpp;editor/NativePatternCommands.hpp;mac/App/PatternPerformance.swift,Surface exists; individual command equivalence and availability require A16 (not a one-to-one shortcut mapping),P3,A01/A05,Use semantic action ID and Windows context/shortcut precedence; preserve local text editing and held musical keys,Not executed,windows/Session/PatternOperations.cpp:98; windows/Session/PatternOperations.cpp:93; windows/Session/PatternOperations.cpp:73,Token matches locate candidate controls; no command parity claim
57,Pattern / Insert Row,,Pattern / Insert Row/insertRow,effects,windows/App/PatternEditor.inc;windows/App/PatternFields.hpp;windows/App/PatternGeometry.inc;windows/Session/PatternOperations.cpp;editor/NativePatternCommands.hpp;mac/App/PatternPerformance.swift,Surface exists; individual command equivalence and availability require A16 (not a one-to-one shortcut mapping),P3,A01/A05,Use semantic action ID and Windows context/shortcut precedence; preserve local text editing and held musical keys,Not executed,windows/Session/PatternOperations.cpp:131; windows/Session/PatternOperations.cpp:119; windows/Session/PatternOperations.cpp:106,Token matches locate candidate controls; no command parity claim
58,Pattern / Delete Row,,Pattern / Delete Row/deleteRow,effects,windows/App/PatternEditor.inc;windows/App/PatternFields.hpp;windows/App/PatternGeometry.inc;windows/Session/PatternOperations.cpp;editor/NativePatternCommands.hpp;mac/App/PatternPerformance.swift,Surface exists; individual command equivalence and availability require A16 (not a one-to-one shortcut mapping),P3,A01/A05,Use semantic action ID and Windows context/shortcut precedence; preserve local text editing and held musical keys,Not executed,windows/Session/PatternOperations.cpp:119; windows/Session/PatternOperations.cpp:98; windows/Session/PatternOperations.cpp:95,Token matches locate candidate controls; no command parity claim
59,Workspace / Show Notes,ctrl+opt+1,Workspace / Show Notes/focusInspector:,workspace,windows/App/WorkspaceRegions.hpp;windows/App/WorkspaceDocking.inc;windows/App/WorkspaceLayouts.inc;windows/App/WorkspaceCommands.inc;windows/App/WorkspaceShortcutDispatch.inc;windows/App/NativeToolWindow.hpp;mac/App/DockWorkspace.swift,Surface exists; individual command equivalence and availability require A16 (not a one-to-one shortcut mapping),P3/P8,A16,Use semantic action ID and Windows context/shortcut precedence; preserve local text editing and held musical keys,Not executed,windows/App/WorkspaceRegions.hpp:138; windows/App/WorkspaceRegions.hpp:136; windows/App/WorkspaceRegions.hpp:118,Token matches locate candidate controls; no command parity claim
60,Workspace / Show Samples,ctrl+opt+2,Workspace / Show Samples/focusInspector:,workspace,windows/App/WorkspaceRegions.hpp;windows/App/WorkspaceDocking.inc;windows/App/WorkspaceLayouts.inc;windows/App/WorkspaceCommands.inc;windows/App/WorkspaceShortcutDispatch.inc;windows/App/NativeToolWindow.hpp;mac/App/DockWorkspace.swift,Surface exists; individual command equivalence and availability require A16 (not a one-to-one shortcut mapping),P3/P8,A16,Use semantic action ID and Windows context/shortcut precedence; preserve local text editing and held musical keys,Not executed,windows/App/WorkspaceShortcutDispatch.inc:185; windows/App/WorkspaceRegions.hpp:18; windows/App/WorkspaceLayouts.inc:24,Token matches locate candidate controls; no command parity claim
61,Workspace / Show Instruments,ctrl+opt+3,Workspace / Show Instruments/focusInspector:,workspace,windows/App/WorkspaceRegions.hpp;windows/App/WorkspaceDocking.inc;windows/App/WorkspaceLayouts.inc;windows/App/WorkspaceCommands.inc;windows/App/WorkspaceShortcutDispatch.inc;windows/App/NativeToolWindow.hpp;mac/App/DockWorkspace.swift,Surface exists; individual command equivalence and availability require A16 (not a one-to-one shortcut mapping),P3/P8,A16,Use semantic action ID and Windows context/shortcut precedence; preserve local text editing and held musical keys,Not executed,windows/App/WorkspaceRegions.hpp:127; windows/App/WorkspaceRegions.hpp:126; windows/App/WorkspaceRegions.hpp:125,Token matches locate candidate controls; no command parity claim
62,Workspace / Show Plugins,ctrl+opt+4,Workspace / Show Plugins/focusInspector:,workspace,windows/App/WorkspaceRegions.hpp;windows/App/WorkspaceDocking.inc;windows/App/WorkspaceLayouts.inc;windows/App/WorkspaceCommands.inc;windows/App/WorkspaceShortcutDispatch.inc;windows/App/NativeToolWindow.hpp;mac/App/DockWorkspace.swift,Surface exists; individual command equivalence and availability require A16 (not a one-to-one shortcut mapping),P3/P8,A16,Use semantic action ID and Windows context/shortcut precedence; preserve local text editing and held musical keys,Not executed,windows/App/WorkspaceRegions.hpp:18; windows/App/WorkspaceLayouts.inc:24; windows/App/WorkspaceLayouts.inc:9,Token matches locate candidate controls; no command parity claim
63,Workspace / Show Mixer,ctrl+opt+5,Workspace / Show Mixer/focusInspector:,workspace,windows/App/WorkspaceRegions.hpp;windows/App/WorkspaceDocking.inc;windows/App/WorkspaceLayouts.inc;windows/App/WorkspaceCommands.inc;windows/App/WorkspaceShortcutDispatch.inc;windows/App/NativeToolWindow.hpp;mac/App/DockWorkspace.swift,Surface exists; individual command equivalence and availability require A16 (not a one-to-one shortcut mapping),P3/P8,A16,Use semantic action ID and Windows context/shortcut precedence; preserve local text editing and held musical keys,Not executed,windows/App/WorkspaceRegions.hpp:18; windows/App/WorkspaceLayouts.inc:78; windows/App/WorkspaceLayouts.inc:63,Token matches locate candidate controls; no command parity claim
64,Workspace / Show Graph,ctrl+opt+6,Workspace / Show Graph/focusInspector:,workspace,windows/App/WorkspaceRegions.hpp;windows/App/WorkspaceDocking.inc;windows/App/WorkspaceLayouts.inc;windows/App/WorkspaceCommands.inc;windows/App/WorkspaceShortcutDispatch.inc;windows/App/NativeToolWindow.hpp;mac/App/DockWorkspace.swift,Surface exists; individual command equivalence and availability require A16 (not a one-to-one shortcut mapping),P3/P8,A16,Use semantic action ID and Windows context/shortcut precedence; preserve local text editing and held musical keys,Not executed,windows/App/WorkspaceRegions.hpp:142; windows/App/WorkspaceRegions.hpp:112; windows/App/WorkspaceRegions.hpp:22,Token matches locate candidate controls; no command parity claim
65,Workspace / Show FX library,ctrl+opt+7,Workspace / Show FX library/focusInspector:,workspace,windows/App/WorkspaceRegions.hpp;windows/App/WorkspaceDocking.inc;windows/App/WorkspaceLayouts.inc;windows/App/WorkspaceCommands.inc;windows/App/WorkspaceShortcutDispatch.inc;windows/App/NativeToolWindow.hpp;mac/App/DockWorkspace.swift,Surface exists; individual command equivalence and availability require A16 (not a one-to-one shortcut mapping),P3/P8,A16,Use semantic action ID and Windows context/shortcut precedence; preserve local text editing and held musical keys,Not executed,windows/App/WorkspaceCommands.inc:68; windows/App/WorkspaceCommands.inc:31,Token matches locate candidate controls; no command parity claim
66,Workspace / Show Graph lanes,ctrl+opt+8,Workspace / Show Graph lanes/focusInspector:,workspace,windows/App/WorkspaceRegions.hpp;windows/App/WorkspaceDocking.inc;windows/App/WorkspaceLayouts.inc;windows/App/WorkspaceCommands.inc;windows/App/WorkspaceShortcutDispatch.inc;windows/App/NativeToolWindow.hpp;mac/App/DockWorkspace.swift,Surface exists; individual command equivalence and availability require A16 (not a one-to-one shortcut mapping),P3/P8,A16,Use semantic action ID and Windows context/shortcut precedence; preserve local text editing and held musical keys,Not executed,windows/App/WorkspaceCommands.inc:22; windows/App/WorkspaceShortcutDispatch.inc:179; windows/App/WorkspaceRegions.hpp:142,Token matches locate candidate controls; no command parity claim
67,Workspace / Show Automation,ctrl+opt+9,Workspace / Show Automation/focusInspector:,workspace,windows/App/WorkspaceRegions.hpp;windows/App/WorkspaceDocking.inc;windows/App/WorkspaceLayouts.inc;windows/App/WorkspaceCommands.inc;windows/App/WorkspaceShortcutDispatch.inc;windows/App/NativeToolWindow.hpp;mac/App/DockWorkspace.swift,Surface exists; individual command equivalence and availability require A16 (not a one-to-one shortcut mapping),P3/P8,A16,Use semantic action ID and Windows context/shortcut precedence; preserve local text editing and held musical keys,Not executed,windows/App/WorkspaceRegions.hpp:127; windows/App/WorkspaceRegions.hpp:126; windows/App/WorkspaceRegions.hpp:125,Token matches locate candidate controls; no command parity claim
68,Workspace / Show Param activity,ctrl+opt+0,Workspace / Show Param activity/focusInspector:,workspace,windows/App/WorkspaceRegions.hpp;windows/App/WorkspaceDocking.inc;windows/App/WorkspaceLayouts.inc;windows/App/WorkspaceCommands.inc;windows/App/WorkspaceShortcutDispatch.inc;windows/App/NativeToolWindow.hpp;mac/App/DockWorkspace.swift,Surface exists; individual command equivalence and availability require A16 (not a one-to-one shortcut mapping),P3/P8,A16,Use semantic action ID and Windows context/shortcut precedence; preserve local text editing and held musical keys,Not executed,windows/App/WorkspaceCommands.inc:18,Token matches locate candidate controls; no command parity claim
69,Workspace / Audio & Modulation Graph,cmd+opt+g,Workspace / Audio & Modulation Graph/showSignalGraph,workspace,windows/App/WorkspaceRegions.hpp;windows/App/WorkspaceDocking.inc;windows/App/WorkspaceLayouts.inc;windows/App/WorkspaceCommands.inc;windows/App/WorkspaceShortcutDispatch.inc;windows/App/NativeToolWindow.hpp;mac/App/DockWorkspace.swift,Surface exists; individual command equivalence and availability require A16 (not a one-to-one shortcut mapping),P3/P8,A16,Use semantic action ID and Windows context/shortcut precedence; preserve local text editing and held musical keys,Not executed,windows/App/WorkspaceCommands.inc:17; windows/App/WorkspaceCommands.inc:16; windows/App/WorkspaceCommands.inc:15,Token matches locate candidate controls; no command parity claim
70,Workspace / Pattern Graph Commands,cmd+shift+g,Workspace / Pattern Graph Commands/showGraphCommands,workspace,windows/App/WorkspaceRegions.hpp;windows/App/WorkspaceDocking.inc;windows/App/WorkspaceLayouts.inc;windows/App/WorkspaceCommands.inc;windows/App/WorkspaceShortcutDispatch.inc;windows/App/NativeToolWindow.hpp;mac/App/DockWorkspace.swift,Surface exists; individual command equivalence and availability require A16 (not a one-to-one shortcut mapping),P3/P8,A16,Use semantic action ID and Windows context/shortcut precedence; preserve local text editing and held musical keys,Not executed,windows/App/WorkspaceDocking.inc:638; windows/App/WorkspaceDocking.inc:631; windows/App/WorkspaceDocking.inc:379,Token matches locate candidate controls; no command parity claim
71,Workspace / Command Palette…,cmd+k,Workspace / Command Palette…/showCommandPalette,workspace,windows/App/WorkspaceRegions.hpp;windows/App/WorkspaceDocking.inc;windows/App/WorkspaceLayouts.inc;windows/App/WorkspaceCommands.inc;windows/App/WorkspaceShortcutDispatch.inc;windows/App/NativeToolWindow.hpp;mac/App/DockWorkspace.swift,Surface exists; individual command equivalence and availability require A16 (not a one-to-one shortcut mapping),P3/P8,A16,Use semantic action ID and Windows context/shortcut precedence; preserve local text editing and held musical keys,Not executed,windows/App/WorkspaceShortcutDispatch.inc:187; windows/App/WorkspaceShortcutDispatch.inc:185; windows/App/WorkspaceShortcutDispatch.inc:179,Token matches locate candidate controls; no command parity claim
72,Workspace / Focus Pattern,cmd+opt+1,Workspace / Focus Pattern/focusPattern,workspace,windows/App/WorkspaceRegions.hpp;windows/App/WorkspaceDocking.inc;windows/App/WorkspaceLayouts.inc;windows/App/WorkspaceCommands.inc;windows/App/WorkspaceShortcutDispatch.inc;windows/App/NativeToolWindow.hpp;mac/App/DockWorkspace.swift,Surface exists; individual command equivalence and availability require A16 (not a one-to-one shortcut mapping),P3/P8,A16,Use semantic action ID and Windows context/shortcut precedence; preserve local text editing and held musical keys,Not executed,windows/App/WorkspaceShortcutDispatch.inc:188; windows/App/WorkspaceShortcutDispatch.inc:187; windows/App/WorkspaceShortcutDispatch.inc:186,Token matches locate candidate controls; no command parity claim
73,Workspace / Next Panel,ctrl+tab,Workspace / Next Panel/focusNextPanel,workspace,windows/App/WorkspaceRegions.hpp;windows/App/WorkspaceDocking.inc;windows/App/WorkspaceLayouts.inc;windows/App/WorkspaceCommands.inc;windows/App/WorkspaceShortcutDispatch.inc;windows/App/NativeToolWindow.hpp;mac/App/DockWorkspace.swift,Surface exists; individual command equivalence and availability require A16 (not a one-to-one shortcut mapping),P3/P8,A16,Use semantic action ID and Windows context/shortcut precedence; preserve local text editing and held musical keys,Not executed,windows/App/WorkspaceCommands.inc:91; windows/App/WorkspaceCommands.inc:39,Token matches locate candidate controls; no command parity claim
74,Workspace / Pin Focused Panel,cmd+opt+p,Workspace / Pin Focused Panel/pinFocusedPanel,workspace,windows/App/WorkspaceRegions.hpp;windows/App/WorkspaceDocking.inc;windows/App/WorkspaceLayouts.inc;windows/App/WorkspaceCommands.inc;windows/App/WorkspaceShortcutDispatch.inc;windows/App/NativeToolWindow.hpp;mac/App/DockWorkspace.swift,Surface exists; individual command equivalence and availability require A16 (not a one-to-one shortcut mapping),P3/P8,A16,Use semantic action ID and Windows context/shortcut precedence; preserve local text editing and held musical keys,Not executed,windows/App/WorkspaceShortcutDispatch.inc:32; windows/App/WorkspaceShortcutDispatch.inc:31; windows/App/WorkspaceShortcutDispatch.inc:30,Token matches locate candidate controls; no command parity claim
75,Workspace / Follow Cursor in Panel,cmd+opt+f,Workspace / Follow Cursor in Panel/followFocusedPanel,workspace,windows/App/WorkspaceRegions.hpp;windows/App/WorkspaceDocking.inc;windows/App/WorkspaceLayouts.inc;windows/App/WorkspaceCommands.inc;windows/App/WorkspaceShortcutDispatch.inc;windows/App/NativeToolWindow.hpp;mac/App/DockWorkspace.swift,Surface exists; individual command equivalence and availability require A16 (not a one-to-one shortcut mapping),P3/P8,A16,Use semantic action ID and Windows context/shortcut precedence; preserve local text editing and held musical keys,Not executed,windows/App/WorkspaceDocking.inc:596; windows/App/WorkspaceDocking.inc:584; windows/App/WorkspaceDocking.inc:554,Token matches locate candidate controls; no command parity claim
76,Workspace / Return to Panel Opening Row,cmd+opt+r,Workspace / Return to Panel Opening Row/returnFocusedPanel,workspace,windows/App/WorkspaceRegions.hpp;windows/App/WorkspaceDocking.inc;windows/App/WorkspaceLayouts.inc;windows/App/WorkspaceCommands.inc;windows/App/WorkspaceShortcutDispatch.inc;windows/App/NativeToolWindow.hpp;mac/App/DockWorkspace.swift,Surface exists; individual command equivalence and availability require A16 (not a one-to-one shortcut mapping),P3/P8,A16,Use semantic action ID and Windows context/shortcut precedence; preserve local text editing and held musical keys,Not executed,windows/App/WorkspaceDocking.inc:584; windows/App/WorkspaceCommands.inc:90; windows/App/WorkspaceShortcutDispatch.inc:166,Token matches locate candidate controls; no command parity claim
77,Workspace / Float Focused Panel,cmd+opt+d,Workspace / Float Focused Panel/floatFocusedPanel,workspace,windows/App/WorkspaceRegions.hpp;windows/App/WorkspaceDocking.inc;windows/App/WorkspaceLayouts.inc;windows/App/WorkspaceCommands.inc;windows/App/WorkspaceShortcutDispatch.inc;windows/App/NativeToolWindow.hpp;mac/App/DockWorkspace.swift,Surface exists; individual command equivalence and availability require A16 (not a one-to-one shortcut mapping),P3/P8,A16,Use semantic action ID and Windows context/shortcut precedence; preserve local text editing and held musical keys,Not executed,windows/App/WorkspaceShortcutDispatch.inc:32; windows/App/WorkspaceShortcutDispatch.inc:31; windows/App/WorkspaceShortcutDispatch.inc:30,Token matches locate candidate controls; no command parity claim
78,Workspace / Dock Focused Panel,cmd+opt+shift+d,Workspace / Dock Focused Panel/dockFocusedPanel,workspace,windows/App/WorkspaceRegions.hpp;windows/App/WorkspaceDocking.inc;windows/App/WorkspaceLayouts.inc;windows/App/WorkspaceCommands.inc;windows/App/WorkspaceShortcutDispatch.inc;windows/App/NativeToolWindow.hpp;mac/App/DockWorkspace.swift,Surface exists; individual command equivalence and availability require A16 (not a one-to-one shortcut mapping),P3/P8,A16,Use semantic action ID and Windows context/shortcut precedence; preserve local text editing and held musical keys,Not executed,windows/App/WorkspaceShortcutDispatch.inc:32; windows/App/WorkspaceShortcutDispatch.inc:31; windows/App/WorkspaceShortcutDispatch.inc:30,Token matches locate candidate controls; no command parity claim
79,Workspace / Toggle Playback Follow,ctrl+opt+f,Workspace / Toggle Playback Follow/toggleFollow,workspace,windows/App/WorkspaceRegions.hpp;windows/App/WorkspaceDocking.inc;windows/App/WorkspaceLayouts.inc;windows/App/WorkspaceCommands.inc;windows/App/WorkspaceShortcutDispatch.inc;windows/App/NativeToolWindow.hpp;mac/App/DockWorkspace.swift,Surface exists; individual command equivalence and availability require A16 (not a one-to-one shortcut mapping),P3/P8,A16,Use semantic action ID and Windows context/shortcut precedence; preserve local text editing and held musical keys,Not executed,windows/App/WorkspaceCommands.inc:92; windows/App/WorkspaceShortcutDispatch.inc:84; windows/App/WorkspaceShortcutDispatch.inc:45,Token matches locate candidate controls; no command parity claim
80,Workspace / Live Musical Keyboard,cmd+opt+l,Workspace / Live Musical Keyboard/toggleLiveKeyboard,workspace,windows/App/WorkspaceRegions.hpp;windows/App/WorkspaceDocking.inc;windows/App/WorkspaceLayouts.inc;windows/App/WorkspaceCommands.inc;windows/App/WorkspaceShortcutDispatch.inc;windows/App/NativeToolWindow.hpp;mac/App/DockWorkspace.swift,Surface exists; individual command equivalence and availability require A16 (not a one-to-one shortcut mapping),P3/P8,A16,Use semantic action ID and Windows context/shortcut precedence; preserve local text editing and held musical keys,Not executed,windows/App/WorkspaceCommands.inc:14,Token matches locate candidate controls; no command parity claim
81,Workspace / Compose Layout,cmd+opt+2,Workspace / Compose Layout/composeLayout,workspace,windows/App/WorkspaceRegions.hpp;windows/App/WorkspaceDocking.inc;windows/App/WorkspaceLayouts.inc;windows/App/WorkspaceCommands.inc;windows/App/WorkspaceShortcutDispatch.inc;windows/App/NativeToolWindow.hpp;mac/App/DockWorkspace.swift,Surface exists; individual command equivalence and availability require A16 (not a one-to-one shortcut mapping),P3/P8,A16,Use semantic action ID and Windows context/shortcut precedence; preserve local text editing and held musical keys,Not executed,windows/App/WorkspaceDocking.inc:635; windows/App/WorkspaceDocking.inc:628; windows/App/WorkspaceDocking.inc:332,Token matches locate candidate controls; no command parity claim
82,Workspace / Sound Design Layout,cmd+opt+3,Workspace / Sound Design Layout/soundLayout,workspace,windows/App/WorkspaceRegions.hpp;windows/App/WorkspaceDocking.inc;windows/App/WorkspaceLayouts.inc;windows/App/WorkspaceCommands.inc;windows/App/WorkspaceShortcutDispatch.inc;windows/App/NativeToolWindow.hpp;mac/App/DockWorkspace.swift,Surface exists; individual command equivalence and availability require A16 (not a one-to-one shortcut mapping),P3/P8,A16,Use semantic action ID and Windows context/shortcut precedence; preserve local text editing and held musical keys,Not executed,windows/App/WorkspaceLayouts.inc:23; windows/App/WorkspaceCommands.inc:88; windows/App/WorkspaceLayouts.inc:103,Token matches locate candidate controls; no command parity claim
83,Workspace / Pattern Focus Layout,cmd+opt+4,Workspace / Pattern Focus Layout/patternLayout,workspace,windows/App/WorkspaceRegions.hpp;windows/App/WorkspaceDocking.inc;windows/App/WorkspaceLayouts.inc;windows/App/WorkspaceCommands.inc;windows/App/WorkspaceShortcutDispatch.inc;windows/App/NativeToolWindow.hpp;mac/App/DockWorkspace.swift,Surface exists; individual command equivalence and availability require A16 (not a one-to-one shortcut mapping),P3/P8,A16,Use semantic action ID and Windows context/shortcut precedence; preserve local text editing and held musical keys,Not executed,windows/App/WorkspaceDocking.inc:332; windows/App/WorkspaceDocking.inc:270; windows/App/WorkspaceDocking.inc:114,Token matches locate candidate controls; no command parity claim
84,Workspace / Save Custom Layout,,Workspace / Save Custom Layout/saveWorkspaceLayout,workspace,windows/App/WorkspaceRegions.hpp;windows/App/WorkspaceDocking.inc;windows/App/WorkspaceLayouts.inc;windows/App/WorkspaceCommands.inc;windows/App/WorkspaceShortcutDispatch.inc;windows/App/NativeToolWindow.hpp;mac/App/DockWorkspace.swift,Surface exists; individual command equivalence and availability require A16 (not a one-to-one shortcut mapping),P3/P8,A16,Use semantic action ID and Windows context/shortcut precedence; preserve local text editing and held musical keys,Not executed,windows/App/WorkspaceCommands.inc:12; windows/App/WorkspaceLayouts.inc:103; windows/App/WorkspaceLayouts.inc:48,Token matches locate candidate controls; no command parity claim
85,Workspace / Restore Custom Layout,,Workspace / Restore Custom Layout/restoreWorkspaceLayout,workspace,windows/App/WorkspaceRegions.hpp;windows/App/WorkspaceDocking.inc;windows/App/WorkspaceLayouts.inc;windows/App/WorkspaceCommands.inc;windows/App/WorkspaceShortcutDispatch.inc;windows/App/NativeToolWindow.hpp;mac/App/DockWorkspace.swift,Surface exists; individual command equivalence and availability require A16 (not a one-to-one shortcut mapping),P3/P8,A16,Use semantic action ID and Windows context/shortcut precedence; preserve local text editing and held musical keys,Not executed,windows/App/WorkspaceCommands.inc:12; windows/App/WorkspaceLayouts.inc:103; windows/App/WorkspaceLayouts.inc:48,Token matches locate candidate controls; no command parity claim
86,Window / Mixer…,cmd+shift+m,Window / Mixer…/showMixer,workspace,windows/App/WorkspaceRegions.hpp;windows/App/WorkspaceDocking.inc;windows/App/WorkspaceLayouts.inc;windows/App/WorkspaceCommands.inc;windows/App/WorkspaceShortcutDispatch.inc;windows/App/NativeToolWindow.hpp;mac/App/DockWorkspace.swift,Surface exists; individual command equivalence and availability require A16 (not a one-to-one shortcut mapping),P3/P8,A16,Use semantic action ID and Windows context/shortcut precedence; preserve local text editing and held musical keys,Not executed,windows/App/WorkspaceRegions.hpp:18; windows/App/WorkspaceLayouts.inc:78; windows/App/WorkspaceLayouts.inc:63,Token matches locate candidate controls; no command parity claim
87,Window / Minimize,cmd+m,Window / Minimize/performMiniaturize:,workspace,windows/App/WorkspaceRegions.hpp;windows/App/WorkspaceDocking.inc;windows/App/WorkspaceLayouts.inc;windows/App/WorkspaceCommands.inc;windows/App/WorkspaceShortcutDispatch.inc;windows/App/NativeToolWindow.hpp;mac/App/DockWorkspace.swift,Surface exists; individual command equivalence and availability require A16 (not a one-to-one shortcut mapping),P3/P8,A16,Use semantic action ID and Windows context/shortcut precedence; preserve local text editing and held musical keys,Not executed,,Token matches locate candidate controls; no command parity claim
88,Note inspector / Use current cursor,,Note inspector / Use current cursor/invoke,precise,windows/App/PreciseNoteWindow.hpp;windows/App/PreciseNoteOwnerModel.inc;windows/App/PreciseNoteOwnerInteraction.inc;windows/Session/TimelineOperations.cpp;mac/App/PreciseNotes.swift,Surface exists; individual command equivalence and availability require A16 (not a one-to-one shortcut mapping),P3/P4,A01/A05,Use semantic action ID and Windows context/shortcut precedence; preserve local text editing and held musical keys,Not executed,,Token matches locate candidate controls; no command parity claim
89,Note inspector / Add hit,,Note inspector / Add hit/invoke,precise,windows/App/PreciseNoteWindow.hpp;windows/App/PreciseNoteOwnerModel.inc;windows/App/PreciseNoteOwnerInteraction.inc;windows/Session/TimelineOperations.cpp;mac/App/PreciseNotes.swift,Surface exists; individual command equivalence and availability require A16 (not a one-to-one shortcut mapping),P3/P4,A01/A05,Use semantic action ID and Windows context/shortcut precedence; preserve local text editing and held musical keys,Not executed,windows/App/PreciseNoteWindow.hpp:112; windows/Session/TimelineOperations.cpp:62; windows/App/PreciseNoteWindow.hpp:172,Token matches locate candidate controls; no command parity claim
90,Note inspector / Remove,,Note inspector / Remove/invoke,precise,windows/App/PreciseNoteWindow.hpp;windows/App/PreciseNoteOwnerModel.inc;windows/App/PreciseNoteOwnerInteraction.inc;windows/Session/TimelineOperations.cpp;mac/App/PreciseNotes.swift,Surface exists; individual command equivalence and availability require A16 (not a one-to-one shortcut mapping),P3/P4,A01/A05,Use semantic action ID and Windows context/shortcut precedence; preserve local text editing and held musical keys,Not executed,windows/App/PreciseNoteWindow.hpp:112,Token matches locate candidate controls; no command parity claim
91,Note inspector / Selected hit details / Replace the ordinary note in this row,,Note inspector / Selected hit details / Replace the ordinary note in this row/invoke,precise,windows/App/PreciseNoteWindow.hpp;windows/App/PreciseNoteOwnerModel.inc;windows/App/PreciseNoteOwnerInteraction.inc;windows/Session/TimelineOperations.cpp;mac/App/PreciseNotes.swift,Surface exists; individual command equivalence and availability require A16 (not a one-to-one shortcut mapping),P3/P4,A01/A05,Use semantic action ID and Windows context/shortcut precedence; preserve local text editing and held musical keys,Not executed,windows/Session/TimelineOperations.cpp:62; windows/App/PreciseNoteWindow.hpp:113; windows/App/PreciseNoteOwnerModel.inc:154,Token matches locate candidate controls; no command parity claim
92,Note inspector / Fill to row end,,Note inspector / Fill to row end/invoke,precise,windows/App/PreciseNoteWindow.hpp;windows/App/PreciseNoteOwnerModel.inc;windows/App/PreciseNoteOwnerInteraction.inc;windows/Session/TimelineOperations.cpp;mac/App/PreciseNotes.swift,Surface exists; individual command equivalence and availability require A16 (not a one-to-one shortcut mapping),P3/P4,A01/A05,Use semantic action ID and Windows context/shortcut precedence; preserve local text editing and held musical keys,Not executed,windows/App/PreciseNoteWindow.hpp:113; windows/Session/TimelineOperations.cpp:162; windows/Session/TimelineOperations.cpp:155,Token matches locate candidate controls; no command parity claim
93,Note inspector / Note inspector panel / Pin current target,,Note inspector / Note inspector panel / Pin current target/invoke,workspace,windows/App/WorkspaceRegions.hpp;windows/App/WorkspaceDocking.inc;windows/App/WorkspaceLayouts.inc;windows/App/WorkspaceCommands.inc;windows/App/WorkspaceShortcutDispatch.inc;windows/App/NativeToolWindow.hpp;mac/App/DockWorkspace.swift,Surface exists; individual command equivalence and availability require A16 (not a one-to-one shortcut mapping),P3/P8,A16,Use semantic action ID and Windows context/shortcut precedence; preserve local text editing and held musical keys,Not executed,windows/App/WorkspaceDocking.inc:584; windows/App/WorkspaceDocking.inc:595; windows/App/WorkspaceDocking.inc:580,Token matches locate candidate controls; no command parity claim
94,Note inspector / Note inspector panel / Inspect editing cursor,,Note inspector / Note inspector panel / Inspect editing cursor/invoke,workspace,windows/App/WorkspaceRegions.hpp;windows/App/WorkspaceDocking.inc;windows/App/WorkspaceLayouts.inc;windows/App/WorkspaceCommands.inc;windows/App/WorkspaceShortcutDispatch.inc;windows/App/NativeToolWindow.hpp;mac/App/DockWorkspace.swift,Surface exists; individual command equivalence and availability require A16 (not a one-to-one shortcut mapping),P3/P8,A16,Use semantic action ID and Windows context/shortcut precedence; preserve local text editing and held musical keys,Not executed,windows/App/WorkspaceCommands.inc:90; windows/App/WorkspaceDocking.inc:596; windows/App/WorkspaceDocking.inc:584,Token matches locate candidate controls; no command parity claim
95,Note inspector / Note inspector panel / Return to opening row,,Note inspector / Note inspector panel / Return to opening row/invoke,workspace,windows/App/WorkspaceRegions.hpp;windows/App/WorkspaceDocking.inc;windows/App/WorkspaceLayouts.inc;windows/App/WorkspaceCommands.inc;windows/App/WorkspaceShortcutDispatch.inc;windows/App/NativeToolWindow.hpp;mac/App/DockWorkspace.swift,Surface exists; individual command equivalence and availability require A16 (not a one-to-one shortcut mapping),P3/P8,A16,Use semantic action ID and Windows context/shortcut precedence; preserve local text editing and held musical keys,Not executed,windows/App/WorkspaceDocking.inc:584; windows/App/WorkspaceCommands.inc:90; windows/App/WorkspaceShortcutDispatch.inc:166,Token matches locate candidate controls; no command parity claim
96,Note inspector / Note inspector panel / Dock right,,Note inspector / Note inspector panel / Dock right/invoke,workspace,windows/App/WorkspaceRegions.hpp;windows/App/WorkspaceDocking.inc;windows/App/WorkspaceLayouts.inc;windows/App/WorkspaceCommands.inc;windows/App/WorkspaceShortcutDispatch.inc;windows/App/NativeToolWindow.hpp;mac/App/DockWorkspace.swift,Surface exists; individual command equivalence and availability require A16 (not a one-to-one shortcut mapping),P3/P8,A16,Use semantic action ID and Windows context/shortcut precedence; preserve local text editing and held musical keys,Not executed,windows/App/WorkspaceDocking.inc:584; windows/App/WorkspaceShortcutDispatch.inc:20; windows/App/WorkspaceRegions.hpp:128,Token matches locate candidate controls; no command parity claim
97,Note inspector / Note inspector panel / Dock below,,Note inspector / Note inspector panel / Dock below/invoke,workspace,windows/App/WorkspaceRegions.hpp;windows/App/WorkspaceDocking.inc;windows/App/WorkspaceLayouts.inc;windows/App/WorkspaceCommands.inc;windows/App/WorkspaceShortcutDispatch.inc;windows/App/NativeToolWindow.hpp;mac/App/DockWorkspace.swift,Surface exists; individual command equivalence and availability require A16 (not a one-to-one shortcut mapping),P3/P8,A16,Use semantic action ID and Windows context/shortcut precedence; preserve local text editing and held musical keys,Not executed,windows/App/WorkspaceDocking.inc:584; windows/App/WorkspaceDocking.inc:329; windows/App/WorkspaceCommands.inc:94,Token matches locate candidate controls; no command parity claim
98,Note inspector / Note inspector panel / Float,,Note inspector / Note inspector panel / Float/invoke,workspace,windows/App/WorkspaceRegions.hpp;windows/App/WorkspaceDocking.inc;windows/App/WorkspaceLayouts.inc;windows/App/WorkspaceCommands.inc;windows/App/WorkspaceShortcutDispatch.inc;windows/App/NativeToolWindow.hpp;mac/App/DockWorkspace.swift,Surface exists; individual command equivalence and availability require A16 (not a one-to-one shortcut mapping),P3/P8,A16,Use semantic action ID and Windows context/shortcut precedence; preserve local text editing and held musical keys,Not executed,windows/App/WorkspaceRegions.hpp:116; windows/App/WorkspaceRegions.hpp:112; windows/App/WorkspaceRegions.hpp:60,Token matches locate candidate controls; no command parity claim
99,Note inspector / Note inspector panel / Hide,,Note inspector / Note inspector panel / Hide/invoke,workspace,windows/App/WorkspaceRegions.hpp;windows/App/WorkspaceDocking.inc;windows/App/WorkspaceLayouts.inc;windows/App/WorkspaceCommands.inc;windows/App/WorkspaceShortcutDispatch.inc;windows/App/NativeToolWindow.hpp;mac/App/DockWorkspace.swift,Surface exists; individual command equivalence and availability require A16 (not a one-to-one shortcut mapping),P3/P8,A16,Use semantic action ID and Windows context/shortcut precedence; preserve local text editing and held musical keys,Not executed,windows/App/WorkspaceRegions.hpp:116; windows/App/WorkspaceRegions.hpp:61; windows/App/WorkspaceRegions.hpp:55,Token matches locate candidate controls; no command parity claim
100,Sample & loops / Record…,,Sample & loops / Record…/invoke,sample,windows/App/SampleDetailWindow.hpp;windows/App/SampleDetailWorkflows.inc;windows/App/SampleWorkflowDraft.hpp;windows/Session/AssetOperations.cpp;editor/SampleProcessing.cpp;mac/App/SampleWaveformEditor.swift,Surface exists; individual command equivalence and availability require A16 (not a one-to-one shortcut mapping),P4,A01/A07,Use semantic action ID and Windows context/shortcut precedence; preserve local text editing and held musical keys,Not executed,windows/App/SampleDetailWindow.hpp:238,Token matches locate candidate controls; no command parity claim
101,Sample & loops / Browse…,,Sample & loops / Browse…/invoke,sample,windows/App/SampleDetailWindow.hpp;windows/App/SampleDetailWorkflows.inc;windows/App/SampleWorkflowDraft.hpp;windows/Session/AssetOperations.cpp;editor/SampleProcessing.cpp;mac/App/SampleWaveformEditor.swift,Surface exists; individual command equivalence and availability require A16 (not a one-to-one shortcut mapping),P4,A01/A07,Use semantic action ID and Windows context/shortcut precedence; preserve local text editing and held musical keys,Not executed,,Token matches locate candidate controls; no command parity claim
102,Sample & loops / Replace…,,Sample & loops / Replace…/invoke,sample,windows/App/SampleDetailWindow.hpp;windows/App/SampleDetailWorkflows.inc;windows/App/SampleWorkflowDraft.hpp;windows/Session/AssetOperations.cpp;editor/SampleProcessing.cpp;mac/App/SampleWaveformEditor.swift,Surface exists; individual command equivalence and availability require A16 (not a one-to-one shortcut mapping),P4,A01/A07,Use semantic action ID and Windows context/shortcut precedence; preserve local text editing and held musical keys,Not executed,windows/Session/AssetOperations.cpp:402; windows/Session/AssetOperations.cpp:401; windows/Session/AssetOperations.cpp:400,Token matches locate candidate controls; no command parity claim
103,Sample & loops / Audition,,Sample & loops / Audition/invoke,sample,windows/App/SampleDetailWindow.hpp;windows/App/SampleDetailWorkflows.inc;windows/App/SampleWorkflowDraft.hpp;windows/Session/AssetOperations.cpp;editor/SampleProcessing.cpp;mac/App/SampleWaveformEditor.swift,Surface exists; individual command equivalence and availability require A16 (not a one-to-one shortcut mapping),P4,A01/A07,Use semantic action ID and Windows context/shortcut precedence; preserve local text editing and held musical keys,Not executed,windows/App/SampleDetailWindow.hpp:234; windows/App/SampleDetailWindow.hpp:170; windows/App/SampleDetailWindow.hpp:107,Token matches locate candidate controls; no command parity claim
104,Sample & loops / Whole,,Sample & loops / Whole/invoke,sample,windows/App/SampleDetailWindow.hpp;windows/App/SampleDetailWorkflows.inc;windows/App/SampleWorkflowDraft.hpp;windows/Session/AssetOperations.cpp;editor/SampleProcessing.cpp;mac/App/SampleWaveformEditor.swift,Surface exists; individual command equivalence and availability require A16 (not a one-to-one shortcut mapping),P4,A01/A07,Use semantic action ID and Windows context/shortcut precedence; preserve local text editing and held musical keys,Not executed,windows/Session/AssetOperations.cpp:248; windows/Session/AssetOperations.cpp:132; windows/App/SampleWorkflowDraft.hpp:50,Token matches locate candidate controls; no command parity claim
105,Sample & loops / Selection,,Sample & loops / Selection/invoke,sample,windows/App/SampleDetailWindow.hpp;windows/App/SampleDetailWorkflows.inc;windows/App/SampleWorkflowDraft.hpp;windows/Session/AssetOperations.cpp;editor/SampleProcessing.cpp;mac/App/SampleWaveformEditor.swift,Surface exists; individual command equivalence and availability require A16 (not a one-to-one shortcut mapping),P4,A01/A07,Use semantic action ID and Windows context/shortcut precedence; preserve local text editing and held musical keys,Not executed,windows/Session/AssetOperations.cpp:39; windows/App/SampleDetailWorkflows.inc:68; windows/App/SampleDetailWorkflows.inc:67,Token matches locate candidate controls; no command parity claim
106,Sample & loops / −,,Sample & loops / −/invoke,sample,windows/App/SampleDetailWindow.hpp;windows/App/SampleDetailWorkflows.inc;windows/App/SampleWorkflowDraft.hpp;windows/Session/AssetOperations.cpp;editor/SampleProcessing.cpp;mac/App/SampleWaveformEditor.swift,Surface exists; individual command equivalence and availability require A16 (not a one-to-one shortcut mapping),P4,A01/A07,Use semantic action ID and Windows context/shortcut precedence; preserve local text editing and held musical keys,Not executed,,Token matches locate candidate controls; no command parity claim
107,Sample & loops / +,,Sample & loops / +/invoke,sample,windows/App/SampleDetailWindow.hpp;windows/App/SampleDetailWorkflows.inc;windows/App/SampleWorkflowDraft.hpp;windows/Session/AssetOperations.cpp;editor/SampleProcessing.cpp;mac/App/SampleWaveformEditor.swift,Surface exists; individual command equivalence and availability require A16 (not a one-to-one shortcut mapping),P4,A01/A07,Use semantic action ID and Windows context/shortcut precedence; preserve local text editing and held musical keys,Not executed,,Token matches locate candidate controls; no command parity claim
108,Sample & loops / ←,,Sample & loops / ←/invoke,sample,windows/App/SampleDetailWindow.hpp;windows/App/SampleDetailWorkflows.inc;windows/App/SampleWorkflowDraft.hpp;windows/Session/AssetOperations.cpp;editor/SampleProcessing.cpp;mac/App/SampleWaveformEditor.swift,Surface exists; individual command equivalence and availability require A16 (not a one-to-one shortcut mapping),P4,A01/A07,Use semantic action ID and Windows context/shortcut precedence; preserve local text editing and held musical keys,Not executed,,Token matches locate candidate controls; no command parity claim
109,Sample & loops / →,,Sample & loops / →/invoke,sample,windows/App/SampleDetailWindow.hpp;windows/App/SampleDetailWorkflows.inc;windows/App/SampleWorkflowDraft.hpp;windows/Session/AssetOperations.cpp;editor/SampleProcessing.cpp;mac/App/SampleWaveformEditor.swift,Surface exists; individual command equivalence and availability require A16 (not a one-to-one shortcut mapping),P4,A01/A07,Use semantic action ID and Windows context/shortcut precedence; preserve local text editing and held musical keys,Not executed,,Token matches locate candidate controls; no command parity claim
110,Sample & loops / Draw,,Sample & loops / Draw/invoke,sample,windows/App/SampleDetailWindow.hpp;windows/App/SampleDetailWorkflows.inc;windows/App/SampleWorkflowDraft.hpp;windows/Session/AssetOperations.cpp;editor/SampleProcessing.cpp;mac/App/SampleWaveformEditor.swift,Surface exists; individual command equivalence and availability require A16 (not a one-to-one shortcut mapping),P4,A01/A07,Use semantic action ID and Windows context/shortcut precedence; preserve local text editing and held musical keys,Not executed,windows/Session/AssetOperations.cpp:277; windows/Session/AssetOperations.cpp:174; windows/App/SampleDetailWorkflows.inc:3,Token matches locate candidate controls; no command parity claim
111,Sample & loops / Select all,cmd+a,Sample & loops / Select all/invoke,sample,windows/App/SampleDetailWindow.hpp;windows/App/SampleDetailWorkflows.inc;windows/App/SampleWorkflowDraft.hpp;windows/Session/AssetOperations.cpp;editor/SampleProcessing.cpp;mac/App/SampleWaveformEditor.swift,Surface exists; individual command equivalence and availability require A16 (not a one-to-one shortcut mapping),P4,A01/A07,Use semantic action ID and Windows context/shortcut precedence; preserve local text editing and held musical keys,Not executed,windows/App/SampleDetailWindow.hpp:162; windows/Session/AssetOperations.cpp:452; windows/Session/AssetOperations.cpp:248,Token matches locate candidate controls; no command parity claim
112,Sample & loops / Loops / Normal,,Sample & loops / Loops / Normal/invoke,sample,windows/App/SampleDetailWindow.hpp;windows/App/SampleDetailWorkflows.inc;windows/App/SampleWorkflowDraft.hpp;windows/Session/AssetOperations.cpp;editor/SampleProcessing.cpp;mac/App/SampleWaveformEditor.swift,Surface exists; individual command equivalence and availability require A16 (not a one-to-one shortcut mapping),P4,A01/A07,Use semantic action ID and Windows context/shortcut precedence; preserve local text editing and held musical keys,Not executed,windows/Session/AssetOperations.cpp:291; windows/Session/AssetOperations.cpp:290; windows/Session/AssetOperations.cpp:267,Token matches locate candidate controls; no command parity claim
113,Sample & loops / Loops / Ping-pong,,Sample & loops / Loops / Ping-pong/invoke,sample,windows/App/SampleDetailWindow.hpp;windows/App/SampleDetailWorkflows.inc;windows/App/SampleWorkflowDraft.hpp;windows/Session/AssetOperations.cpp;editor/SampleProcessing.cpp;mac/App/SampleWaveformEditor.swift,Surface exists; individual command equivalence and availability require A16 (not a one-to-one shortcut mapping),P4,A01/A07,Use semantic action ID and Windows context/shortcut precedence; preserve local text editing and held musical keys,Not executed,windows/App/SampleWorkflowDraft.hpp:62; windows/App/SampleDetailWorkflows.inc:88,Token matches locate candidate controls; no command parity claim
114,Sample & loops / Loops / Reverse,,Sample & loops / Loops / Reverse/invoke,sample,windows/App/SampleDetailWindow.hpp;windows/App/SampleDetailWorkflows.inc;windows/App/SampleWorkflowDraft.hpp;windows/Session/AssetOperations.cpp;editor/SampleProcessing.cpp;mac/App/SampleWaveformEditor.swift,Surface exists; individual command equivalence and availability require A16 (not a one-to-one shortcut mapping),P4,A01/A07,Use semantic action ID and Windows context/shortcut precedence; preserve local text editing and held musical keys,Not executed,windows/Session/AssetOperations.cpp:268; windows/Session/AssetOperations.cpp:267; windows/Session/AssetOperations.cpp:263,Token matches locate candidate controls; no command parity claim
115,Sample & loops / Loops / Use selection,,Sample & loops / Loops / Use selection/invoke,sample,windows/App/SampleDetailWindow.hpp;windows/App/SampleDetailWorkflows.inc;windows/App/SampleWorkflowDraft.hpp;windows/Session/AssetOperations.cpp;editor/SampleProcessing.cpp;mac/App/SampleWaveformEditor.swift,Surface exists; individual command equivalence and availability require A16 (not a one-to-one shortcut mapping),P4,A01/A07,Use semantic action ID and Windows context/shortcut precedence; preserve local text editing and held musical keys,Not executed,windows/Session/AssetOperations.cpp:39; windows/App/SampleDetailWorkflows.inc:68; windows/App/SampleDetailWorkflows.inc:67,Token matches locate candidate controls; no command parity claim
116,Sample & loops / Loops / Sustain,,Sample & loops / Loops / Sustain/invoke,sample,windows/App/SampleDetailWindow.hpp;windows/App/SampleDetailWorkflows.inc;windows/App/SampleWorkflowDraft.hpp;windows/Session/AssetOperations.cpp;editor/SampleProcessing.cpp;mac/App/SampleWaveformEditor.swift,Surface exists; individual command equivalence and availability require A16 (not a one-to-one shortcut mapping),P4,A01/A07,Use semantic action ID and Windows context/shortcut precedence; preserve local text editing and held musical keys,Not executed,windows/Session/AssetOperations.cpp:477; windows/Session/AssetOperations.cpp:473; windows/Session/AssetOperations.cpp:454,Token matches locate candidate controls; no command parity claim
117,Sample & loops / Loops / Ping-pong,,Sample & loops / Loops / Ping-pong/invoke,sample,windows/App/SampleDetailWindow.hpp;windows/App/SampleDetailWorkflows.inc;windows/App/SampleWorkflowDraft.hpp;windows/Session/AssetOperations.cpp;editor/SampleProcessing.cpp;mac/App/SampleWaveformEditor.swift,Surface exists; individual command equivalence and availability require A16 (not a one-to-one shortcut mapping),P4,A01/A07,Use semantic action ID and Windows context/shortcut precedence; preserve local text editing and held musical keys,Not executed,windows/App/SampleWorkflowDraft.hpp:62; windows/App/SampleDetailWorkflows.inc:88,Token matches locate candidate controls; no command parity claim
118,Sample & loops / Loops / Reverse,,Sample & loops / Loops / Reverse/invoke,sample,windows/App/SampleDetailWindow.hpp;windows/App/SampleDetailWorkflows.inc;windows/App/SampleWorkflowDraft.hpp;windows/Session/AssetOperations.cpp;editor/SampleProcessing.cpp;mac/App/SampleWaveformEditor.swift,Surface exists; individual command equivalence and availability require A16 (not a one-to-one shortcut mapping),P4,A01/A07,Use semantic action ID and Windows context/shortcut precedence; preserve local text editing and held musical keys,Not executed,windows/Session/AssetOperations.cpp:268; windows/Session/AssetOperations.cpp:267; windows/Session/AssetOperations.cpp:263,Token matches locate candidate controls; no command parity claim
119,Sample & loops / Loops / Use selection,,Sample & loops / Loops / Use selection/invoke,sample,windows/App/SampleDetailWindow.hpp;windows/App/SampleDetailWorkflows.inc;windows/App/SampleWorkflowDraft.hpp;windows/Session/AssetOperations.cpp;editor/SampleProcessing.cpp;mac/App/SampleWaveformEditor.swift,Surface exists; individual command equivalence and availability require A16 (not a one-to-one shortcut mapping),P4,A01/A07,Use semantic action ID and Windows context/shortcut precedence; preserve local text editing and held musical keys,Not executed,windows/Session/AssetOperations.cpp:39; windows/App/SampleDetailWorkflows.inc:68; windows/App/SampleDetailWorkflows.inc:67,Token matches locate candidate controls; no command parity claim
120,Sample & loops / Loops / Reload loops,,Sample & loops / Loops / Reload loops/invoke,sample,windows/App/SampleDetailWindow.hpp;windows/App/SampleDetailWorkflows.inc;windows/App/SampleWorkflowDraft.hpp;windows/Session/AssetOperations.cpp;editor/SampleProcessing.cpp;mac/App/SampleWaveformEditor.swift,Surface exists; individual command equivalence and availability require A16 (not a one-to-one shortcut mapping),P4,A01/A07,Use semantic action ID and Windows context/shortcut precedence; preserve local text editing and held musical keys,Not executed,windows/App/SampleWorkflowDraft.hpp:123; windows/App/SampleDetailWorkflows.inc:85; windows/App/SampleDetailWindow.hpp:166,Token matches locate candidate controls; no command parity claim
121,Sample & loops / Edit audio / Preview edit,,Sample & loops / Edit audio / Preview edit/invoke,sample,windows/App/SampleDetailWindow.hpp;windows/App/SampleDetailWorkflows.inc;windows/App/SampleWorkflowDraft.hpp;windows/Session/AssetOperations.cpp;editor/SampleProcessing.cpp;mac/App/SampleWaveformEditor.swift,Surface exists; individual command equivalence and availability require A16 (not a one-to-one shortcut mapping),P4,A01/A07,Use semantic action ID and Windows context/shortcut precedence; preserve local text editing and held musical keys,Not executed,windows/Session/AssetOperations.cpp:413; windows/Session/AssetOperations.cpp:410; windows/Session/AssetOperations.cpp:153,Token matches locate candidate controls; no command parity claim
122,Sample & loops / Edit audio / Apply edit,,Sample & loops / Edit audio / Apply edit/invoke,sample,windows/App/SampleDetailWindow.hpp;windows/App/SampleDetailWorkflows.inc;windows/App/SampleWorkflowDraft.hpp;windows/Session/AssetOperations.cpp;editor/SampleProcessing.cpp;mac/App/SampleWaveformEditor.swift,Surface exists; individual command equivalence and availability require A16 (not a one-to-one shortcut mapping),P4,A01/A07,Use semantic action ID and Windows context/shortcut precedence; preserve local text editing and held musical keys,Not executed,windows/Session/AssetOperations.cpp:307; windows/Session/AssetOperations.cpp:306; windows/App/SampleDetailWorkflows.inc:86,Token matches locate candidate controls; no command parity claim
123,Sample & loops / Selection snapping / Snap selection,,Sample & loops / Selection snapping / Snap selection/invoke,sample,windows/App/SampleDetailWindow.hpp;windows/App/SampleDetailWorkflows.inc;windows/App/SampleWorkflowDraft.hpp;windows/Session/AssetOperations.cpp;editor/SampleProcessing.cpp;mac/App/SampleWaveformEditor.swift,Surface exists; individual command equivalence and availability require A16 (not a one-to-one shortcut mapping),P4,A01/A07,Use semantic action ID and Windows context/shortcut precedence; preserve local text editing and held musical keys,Not executed,windows/App/SampleDetailWorkflows.inc:51; windows/App/SampleDetailWindow.hpp:234; windows/App/SampleDetailWindow.hpp:233,Token matches locate candidate controls; no command parity claim
124,Sample & loops / Selection snapping / Snap loop,,Sample & loops / Selection snapping / Snap loop/invoke,sample,windows/App/SampleDetailWindow.hpp;windows/App/SampleDetailWorkflows.inc;windows/App/SampleWorkflowDraft.hpp;windows/Session/AssetOperations.cpp;editor/SampleProcessing.cpp;mac/App/SampleWaveformEditor.swift,Surface exists; individual command equivalence and availability require A16 (not a one-to-one shortcut mapping),P4,A01/A07,Use semantic action ID and Windows context/shortcut precedence; preserve local text editing and held musical keys,Not executed,windows/App/SampleDetailWindow.hpp:233; windows/Session/AssetOperations.cpp:481; windows/Session/AssetOperations.cpp:473,Token matches locate candidate controls; no command parity claim
125,Sample & loops / Selection snapping / Snap after selecting,,Sample & loops / Selection snapping / Snap after selecting/invoke,sample,windows/App/SampleDetailWindow.hpp;windows/App/SampleDetailWorkflows.inc;windows/App/SampleWorkflowDraft.hpp;windows/Session/AssetOperations.cpp;editor/SampleProcessing.cpp;mac/App/SampleWaveformEditor.swift,Surface exists; individual command equivalence and availability require A16 (not a one-to-one shortcut mapping),P4,A01/A07,Use semantic action ID and Windows context/shortcut precedence; preserve local text editing and held musical keys,Not executed,windows/App/SampleDetailWorkflows.inc:85; windows/App/SampleDetailWindow.hpp:197; windows/App/SampleDetailWindow.hpp:174,Token matches locate candidate controls; no command parity claim
126,Sample & loops / Clipboard & mixing / Copy,cmd+c,Sample & loops / Clipboard & mixing / Copy/invoke,sample,windows/App/SampleDetailWindow.hpp;windows/App/SampleDetailWorkflows.inc;windows/App/SampleWorkflowDraft.hpp;windows/Session/AssetOperations.cpp;editor/SampleProcessing.cpp;mac/App/SampleWaveformEditor.swift,Surface exists; individual command equivalence and availability require A16 (not a one-to-one shortcut mapping),P4,A01/A07,Use semantic action ID and Windows context/shortcut precedence; preserve local text editing and held musical keys,Not executed,windows/Session/AssetOperations.cpp:490; windows/Session/AssetOperations.cpp:489; windows/Session/AssetOperations.cpp:488,Token matches locate candidate controls; no command parity claim
127,Sample & loops / Clipboard & mixing / Cut,cmd+x,Sample & loops / Clipboard & mixing / Cut/invoke,sample,windows/App/SampleDetailWindow.hpp;windows/App/SampleDetailWorkflows.inc;windows/App/SampleWorkflowDraft.hpp;windows/Session/AssetOperations.cpp;editor/SampleProcessing.cpp;mac/App/SampleWaveformEditor.swift,Surface exists; individual command equivalence and availability require A16 (not a one-to-one shortcut mapping),P4,A01/A07,Use semantic action ID and Windows context/shortcut precedence; preserve local text editing and held musical keys,Not executed,windows/Session/AssetOperations.cpp:416; windows/Session/AssetOperations.cpp:393; windows/Session/AssetOperations.cpp:392,Token matches locate candidate controls; no command parity claim
128,Sample & loops / Clipboard & mixing / Delete,,Sample & loops / Clipboard & mixing / Delete/invoke,sample,windows/App/SampleDetailWindow.hpp;windows/App/SampleDetailWorkflows.inc;windows/App/SampleWorkflowDraft.hpp;windows/Session/AssetOperations.cpp;editor/SampleProcessing.cpp;mac/App/SampleWaveformEditor.swift,Surface exists; individual command equivalence and availability require A16 (not a one-to-one shortcut mapping),P4,A01/A07,Use semantic action ID and Windows context/shortcut precedence; preserve local text editing and held musical keys,Not executed,windows/Session/AssetOperations.cpp:392; windows/Session/AssetOperations.cpp:175; windows/App/SampleDetailWorkflows.inc:78,Token matches locate candidate controls; no command parity claim
129,Sample & loops / Clipboard & mixing / Copy to new,,Sample & loops / Clipboard & mixing / Copy to new/invoke,sample,windows/App/SampleDetailWindow.hpp;windows/App/SampleDetailWorkflows.inc;windows/App/SampleWorkflowDraft.hpp;windows/Session/AssetOperations.cpp;editor/SampleProcessing.cpp;mac/App/SampleWaveformEditor.swift,Surface exists; individual command equivalence and availability require A16 (not a one-to-one shortcut mapping),P4,A01/A07,Use semantic action ID and Windows context/shortcut precedence; preserve local text editing and held musical keys,Not executed,windows/App/SampleDetailWindow.hpp:234; windows/App/SampleDetailWindow.hpp:165; windows/Session/AssetOperations.cpp:490,Token matches locate candidate controls; no command parity claim
130,Sample & loops / Clipboard & mixing / Preview paste,,Sample & loops / Clipboard & mixing / Preview paste/invoke,sample,windows/App/SampleDetailWindow.hpp;windows/App/SampleDetailWorkflows.inc;windows/App/SampleWorkflowDraft.hpp;windows/Session/AssetOperations.cpp;editor/SampleProcessing.cpp;mac/App/SampleWaveformEditor.swift,Surface exists; individual command equivalence and availability require A16 (not a one-to-one shortcut mapping),P4,A01/A07,Use semantic action ID and Windows context/shortcut precedence; preserve local text editing and held musical keys,Not executed,windows/App/SampleDetailWorkflows.inc:85; windows/App/SampleDetailWorkflows.inc:72; windows/App/SampleDetailWorkflows.inc:68,Token matches locate candidate controls; no command parity claim
131,Sample & loops / Clipboard & mixing / Paste,cmd+v,Sample & loops / Clipboard & mixing / Paste/invoke,sample,windows/App/SampleDetailWindow.hpp;windows/App/SampleDetailWorkflows.inc;windows/App/SampleWorkflowDraft.hpp;windows/Session/AssetOperations.cpp;editor/SampleProcessing.cpp;mac/App/SampleWaveformEditor.swift,Surface exists; individual command equivalence and availability require A16 (not a one-to-one shortcut mapping),P4,A01/A07,Use semantic action ID and Windows context/shortcut precedence; preserve local text editing and held musical keys,Not executed,windows/Session/AssetOperations.cpp:414; windows/Session/AssetOperations.cpp:400; windows/Session/AssetOperations.cpp:398,Token matches locate candidate controls; no command parity claim
132,Sample & loops / Loop crossfade / Preview crossfade,,Sample & loops / Loop crossfade / Preview crossfade/invoke,sample,windows/App/SampleDetailWindow.hpp;windows/App/SampleDetailWorkflows.inc;windows/App/SampleWorkflowDraft.hpp;windows/Session/AssetOperations.cpp;editor/SampleProcessing.cpp;mac/App/SampleWaveformEditor.swift,Surface exists; individual command equivalence and availability require A16 (not a one-to-one shortcut mapping),P4,A01/A07,Use semantic action ID and Windows context/shortcut precedence; preserve local text editing and held musical keys,Not executed,windows/App/SampleDetailWindow.hpp:167; windows/Session/AssetOperations.cpp:413; windows/Session/AssetOperations.cpp:410,Token matches locate candidate controls; no command parity claim
133,Sample & loops / Loop crossfade / Apply crossfade,,Sample & loops / Loop crossfade / Apply crossfade/invoke,sample,windows/App/SampleDetailWindow.hpp;windows/App/SampleDetailWorkflows.inc;windows/App/SampleWorkflowDraft.hpp;windows/Session/AssetOperations.cpp;editor/SampleProcessing.cpp;mac/App/SampleWaveformEditor.swift,Surface exists; individual command equivalence and availability require A16 (not a one-to-one shortcut mapping),P4,A01/A07,Use semantic action ID and Windows context/shortcut precedence; preserve local text editing and held musical keys,Not executed,windows/App/SampleDetailWindow.hpp:167; windows/App/SampleDetailWindow.hpp:125; windows/Session/AssetOperations.cpp:307,Token matches locate candidate controls; no command parity claim
134,Sample & loops / Sample settings / Create instrument,,Sample & loops / Sample settings / Create instrument/invoke,sample,windows/App/SampleDetailWindow.hpp;windows/App/SampleDetailWorkflows.inc;windows/App/SampleWorkflowDraft.hpp;windows/Session/AssetOperations.cpp;editor/SampleProcessing.cpp;mac/App/SampleWaveformEditor.swift,Surface exists; individual command equivalence and availability require A16 (not a one-to-one shortcut mapping),P4,A01/A07,Use semantic action ID and Windows context/shortcut precedence; preserve local text editing and held musical keys,Not executed,windows/Session/AssetOperations.cpp:419; windows/Session/AssetOperations.cpp:176; windows/App/SampleDetailWindow.hpp:237,Token matches locate candidate controls; no command parity claim
135,Sample & loops / Sample settings / Apply settings,,Sample & loops / Sample settings / Apply settings/invoke,sample,windows/App/SampleDetailWindow.hpp;windows/App/SampleDetailWorkflows.inc;windows/App/SampleWorkflowDraft.hpp;windows/Session/AssetOperations.cpp;editor/SampleProcessing.cpp;mac/App/SampleWaveformEditor.swift,Surface exists; individual command equivalence and availability require A16 (not a one-to-one shortcut mapping),P4,A01/A07,Use semantic action ID and Windows context/shortcut precedence; preserve local text editing and held musical keys,Not executed,windows/App/SampleDetailWindow.hpp:237; windows/App/SampleDetailWindow.hpp:168; windows/App/SampleDetailWindow.hpp:116,Token matches locate candidate controls; no command parity claim
136,Sample & loops / Sample & loops panel / Pin current target,,Sample & loops / Sample & loops panel / Pin current target/invoke,workspace,windows/App/WorkspaceRegions.hpp;windows/App/WorkspaceDocking.inc;windows/App/WorkspaceLayouts.inc;windows/App/WorkspaceCommands.inc;windows/App/WorkspaceShortcutDispatch.inc;windows/App/NativeToolWindow.hpp;mac/App/DockWorkspace.swift,Surface exists; individual command equivalence and availability require A16 (not a one-to-one shortcut mapping),P3/P8,A16,Use semantic action ID and Windows context/shortcut precedence; preserve local text editing and held musical keys,Not executed,windows/App/WorkspaceDocking.inc:584; windows/App/WorkspaceDocking.inc:595; windows/App/WorkspaceDocking.inc:580,Token matches locate candidate controls; no command parity claim
137,Sample & loops / Sample & loops panel / Inspect editing cursor,,Sample & loops / Sample & loops panel / Inspect editing cursor/invoke,workspace,windows/App/WorkspaceRegions.hpp;windows/App/WorkspaceDocking.inc;windows/App/WorkspaceLayouts.inc;windows/App/WorkspaceCommands.inc;windows/App/WorkspaceShortcutDispatch.inc;windows/App/NativeToolWindow.hpp;mac/App/DockWorkspace.swift,Surface exists; individual command equivalence and availability require A16 (not a one-to-one shortcut mapping),P3/P8,A16,Use semantic action ID and Windows context/shortcut precedence; preserve local text editing and held musical keys,Not executed,windows/App/WorkspaceCommands.inc:90; windows/App/WorkspaceDocking.inc:596; windows/App/WorkspaceDocking.inc:584,Token matches locate candidate controls; no command parity claim
138,Sample & loops / Sample & loops panel / Return to opening row,,Sample & loops / Sample & loops panel / Return to opening row/invoke,workspace,windows/App/WorkspaceRegions.hpp;windows/App/WorkspaceDocking.inc;windows/App/WorkspaceLayouts.inc;windows/App/WorkspaceCommands.inc;windows/App/WorkspaceShortcutDispatch.inc;windows/App/NativeToolWindow.hpp;mac/App/DockWorkspace.swift,Surface exists; individual command equivalence and availability require A16 (not a one-to-one shortcut mapping),P3/P8,A16,Use semantic action ID and Windows context/shortcut precedence; preserve local text editing and held musical keys,Not executed,windows/App/WorkspaceDocking.inc:584; windows/App/WorkspaceCommands.inc:90; windows/App/WorkspaceShortcutDispatch.inc:166,Token matches locate candidate controls; no command parity claim
139,Sample & loops / Sample & loops panel / Dock right,,Sample & loops / Sample & loops panel / Dock right/invoke,workspace,windows/App/WorkspaceRegions.hpp;windows/App/WorkspaceDocking.inc;windows/App/WorkspaceLayouts.inc;windows/App/WorkspaceCommands.inc;windows/App/WorkspaceShortcutDispatch.inc;windows/App/NativeToolWindow.hpp;mac/App/DockWorkspace.swift,Surface exists; individual command equivalence and availability require A16 (not a one-to-one shortcut mapping),P3/P8,A16,Use semantic action ID and Windows context/shortcut precedence; preserve local text editing and held musical keys,Not executed,windows/App/WorkspaceDocking.inc:584; windows/App/WorkspaceShortcutDispatch.inc:20; windows/App/WorkspaceRegions.hpp:128,Token matches locate candidate controls; no command parity claim
140,Sample & loops / Sample & loops panel / Dock below,,Sample & loops / Sample & loops panel / Dock below/invoke,workspace,windows/App/WorkspaceRegions.hpp;windows/App/WorkspaceDocking.inc;windows/App/WorkspaceLayouts.inc;windows/App/WorkspaceCommands.inc;windows/App/WorkspaceShortcutDispatch.inc;windows/App/NativeToolWindow.hpp;mac/App/DockWorkspace.swift,Surface exists; individual command equivalence and availability require A16 (not a one-to-one shortcut mapping),P3/P8,A16,Use semantic action ID and Windows context/shortcut precedence; preserve local text editing and held musical keys,Not executed,windows/App/WorkspaceDocking.inc:584; windows/App/WorkspaceDocking.inc:329; windows/App/WorkspaceCommands.inc:94,Token matches locate candidate controls; no command parity claim
141,Sample & loops / Sample & loops panel / Float,,Sample & loops / Sample & loops panel / Float/invoke,workspace,windows/App/WorkspaceRegions.hpp;windows/App/WorkspaceDocking.inc;windows/App/WorkspaceLayouts.inc;windows/App/WorkspaceCommands.inc;windows/App/WorkspaceShortcutDispatch.inc;windows/App/NativeToolWindow.hpp;mac/App/DockWorkspace.swift,Surface exists; individual command equivalence and availability require A16 (not a one-to-one shortcut mapping),P3/P8,A16,Use semantic action ID and Windows context/shortcut precedence; preserve local text editing and held musical keys,Not executed,windows/App/WorkspaceRegions.hpp:116; windows/App/WorkspaceRegions.hpp:112; windows/App/WorkspaceRegions.hpp:60,Token matches locate candidate controls; no command parity claim
142,Sample & loops / Sample & loops panel / Hide,,Sample & loops / Sample & loops panel / Hide/invoke,workspace,windows/App/WorkspaceRegions.hpp;windows/App/WorkspaceDocking.inc;windows/App/WorkspaceLayouts.inc;windows/App/WorkspaceCommands.inc;windows/App/WorkspaceShortcutDispatch.inc;windows/App/NativeToolWindow.hpp;mac/App/DockWorkspace.swift,Surface exists; individual command equivalence and availability require A16 (not a one-to-one shortcut mapping),P3/P8,A16,Use semantic action ID and Windows context/shortcut precedence; preserve local text editing and held musical keys,Not executed,windows/App/WorkspaceRegions.hpp:116; windows/App/WorkspaceRegions.hpp:61; windows/App/WorkspaceRegions.hpp:55,Token matches locate candidate controls; no command parity claim
143,Instrument & envelopes / New sample instrument,,Instrument & envelopes / New sample instrument/invoke,instrument,windows/App/InstrumentEnvelopeWindow.hpp;windows/Session/EnvelopeOperations.cpp;editor/InstrumentEnvelopeTools.cpp;mac/App/InstrumentEnvelopeToolsEditor.swift,Surface exists; individual command equivalence and availability require A16 (not a one-to-one shortcut mapping),P4,A01/A08,Use semantic action ID and Windows context/shortcut precedence; preserve local text editing and held musical keys,Not executed,windows/App/InstrumentEnvelopeWindow.hpp:338; windows/App/InstrumentEnvelopeWindow.hpp:141; windows/App/InstrumentEnvelopeWindow.hpp:79,Token matches locate candidate controls; no command parity claim
144,Instrument & envelopes / New plugin instrument…,,Instrument & envelopes / New plugin instrument…/invoke,instrument,windows/App/InstrumentEnvelopeWindow.hpp;windows/Session/EnvelopeOperations.cpp;editor/InstrumentEnvelopeTools.cpp;mac/App/InstrumentEnvelopeToolsEditor.swift,Surface exists; individual command equivalence and availability require A16 (not a one-to-one shortcut mapping),P4,A01/A08,Use semantic action ID and Windows context/shortcut precedence; preserve local text editing and held musical keys,Not executed,windows/App/InstrumentEnvelopeWindow.hpp:341; windows/App/InstrumentEnvelopeWindow.hpp:338; windows/App/InstrumentEnvelopeWindow.hpp:337,Token matches locate candidate controls; no command parity claim
145,Instrument & envelopes / Import…,,Instrument & envelopes / Import…/invoke,instrument,windows/App/InstrumentEnvelopeWindow.hpp;windows/Session/EnvelopeOperations.cpp;editor/InstrumentEnvelopeTools.cpp;mac/App/InstrumentEnvelopeToolsEditor.swift,Surface exists; individual command equivalence and availability require A16 (not a one-to-one shortcut mapping),P4,A01/A08,Use semantic action ID and Windows context/shortcut precedence; preserve local text editing and held musical keys,Not executed,windows/Session/EnvelopeOperations.cpp:401; windows/Session/EnvelopeOperations.cpp:350; windows/App/InstrumentEnvelopeWindow.hpp:361,Token matches locate candidate controls; no command parity claim
146,Instrument & envelopes / Record…,,Instrument & envelopes / Record…/invoke,instrument,windows/App/InstrumentEnvelopeWindow.hpp;windows/Session/EnvelopeOperations.cpp;editor/InstrumentEnvelopeTools.cpp;mac/App/InstrumentEnvelopeToolsEditor.swift,Surface exists; individual command equivalence and availability require A16 (not a one-to-one shortcut mapping),P4,A01/A08,Use semantic action ID and Windows context/shortcut precedence; preserve local text editing and held musical keys,Not executed,,Token matches locate candidate controls; no command parity claim
147,Instrument & envelopes / Play instrument with keys,,Instrument & envelopes / Play instrument with keys/invoke,instrument,windows/App/InstrumentEnvelopeWindow.hpp;windows/Session/EnvelopeOperations.cpp;editor/InstrumentEnvelopeTools.cpp;mac/App/InstrumentEnvelopeToolsEditor.swift,Surface exists; individual command equivalence and availability require A16 (not a one-to-one shortcut mapping),P4,A01/A08,Use semantic action ID and Windows context/shortcut precedence; preserve local text editing and held musical keys,Not executed,windows/Session/EnvelopeOperations.cpp:305; windows/Session/EnvelopeOperations.cpp:65; windows/App/InstrumentEnvelopeWindow.hpp:170,Token matches locate candidate controls; no command parity claim
148,Instrument & envelopes / Assign instrument plugin…,,Instrument & envelopes / Assign instrument plugin…/invoke,instrument,windows/App/InstrumentEnvelopeWindow.hpp;windows/Session/EnvelopeOperations.cpp;editor/InstrumentEnvelopeTools.cpp;mac/App/InstrumentEnvelopeToolsEditor.swift,Surface exists; individual command equivalence and availability require A16 (not a one-to-one shortcut mapping),P4,A01/A08,Use semantic action ID and Windows context/shortcut precedence; preserve local text editing and held musical keys,Not executed,windows/App/InstrumentEnvelopeWindow.hpp:337; windows/Session/EnvelopeOperations.cpp:454; windows/Session/EnvelopeOperations.cpp:430,Token matches locate candidate controls; no command parity claim
149,Instrument & envelopes / Envelope tools…,,Instrument & envelopes / Envelope tools…/invoke,instrument,windows/App/InstrumentEnvelopeWindow.hpp;windows/Session/EnvelopeOperations.cpp;editor/InstrumentEnvelopeTools.cpp;mac/App/InstrumentEnvelopeToolsEditor.swift,Surface exists; individual command equivalence and availability require A16 (not a one-to-one shortcut mapping),P4,A01/A08,Use semantic action ID and Windows context/shortcut precedence; preserve local text editing and held musical keys,Not executed,windows/App/InstrumentEnvelopeWindow.hpp:339; windows/App/InstrumentEnvelopeWindow.hpp:134; windows/App/InstrumentEnvelopeWindow.hpp:33,Token matches locate candidate controls; no command parity claim
150,Instrument & envelopes / Envelope bank…,,Instrument & envelopes / Envelope bank…/invoke,bank,windows/App/EnvelopeBankWindow.hpp;windows/Session/EnvelopeOperations.cpp;editor/EnvelopeBank.cpp;mac/Bridge/EnvelopeBankAPI.inc;mac/App/EnvelopeBank.swift,Surface exists; individual command equivalence and availability require A16 (not a one-to-one shortcut mapping),P4,A01/A08/A09,Use semantic action ID and Windows context/shortcut precedence; preserve local text editing and held musical keys,Not executed,windows/Session/EnvelopeOperations.cpp:445; windows/Session/EnvelopeOperations.cpp:438; windows/Session/EnvelopeOperations.cpp:426,Token matches locate candidate controls; no command parity claim
151,Instrument & envelopes / Filter envelope,,Instrument & envelopes / Filter envelope/invoke,instrument,windows/App/InstrumentEnvelopeWindow.hpp;windows/Session/EnvelopeOperations.cpp;editor/InstrumentEnvelopeTools.cpp;mac/App/InstrumentEnvelopeToolsEditor.swift,Surface exists; individual command equivalence and availability require A16 (not a one-to-one shortcut mapping),P4,A01/A08,Use semantic action ID and Windows context/shortcut precedence; preserve local text editing and held musical keys,Not executed,windows/App/InstrumentEnvelopeWindow.hpp:338; windows/App/InstrumentEnvelopeWindow.hpp:337; windows/App/InstrumentEnvelopeWindow.hpp:312,Token matches locate candidate controls; no command parity claim
152,Instrument & envelopes / Delete node,,Instrument & envelopes / Delete node/invoke,instrument,windows/App/InstrumentEnvelopeWindow.hpp;windows/Session/EnvelopeOperations.cpp;editor/InstrumentEnvelopeTools.cpp;mac/App/InstrumentEnvelopeToolsEditor.swift,Surface exists; individual command equivalence and availability require A16 (not a one-to-one shortcut mapping),P4,A01/A08,Use semantic action ID and Windows context/shortcut precedence; preserve local text editing and held musical keys,Not executed,windows/App/InstrumentEnvelopeWindow.hpp:311; windows/Session/EnvelopeOperations.cpp:313; windows/App/InstrumentEnvelopeWindow.hpp:341,Token matches locate candidate controls; no command parity claim
153,Instrument & envelopes / Enable envelope,,Instrument & envelopes / Enable envelope/invoke,instrument,windows/App/InstrumentEnvelopeWindow.hpp;windows/Session/EnvelopeOperations.cpp;editor/InstrumentEnvelopeTools.cpp;mac/App/InstrumentEnvelopeToolsEditor.swift,Surface exists; individual command equivalence and availability require A16 (not a one-to-one shortcut mapping),P4,A01/A08,Use semantic action ID and Windows context/shortcut precedence; preserve local text editing and held musical keys,Not executed,windows/Session/EnvelopeOperations.cpp:455; windows/Session/EnvelopeOperations.cpp:453; windows/Session/EnvelopeOperations.cpp:445,Token matches locate candidate controls; no command parity claim
154,Instrument & envelopes / Sustain,,Instrument & envelopes / Sustain/invoke,instrument,windows/App/InstrumentEnvelopeWindow.hpp;windows/Session/EnvelopeOperations.cpp;editor/InstrumentEnvelopeTools.cpp;mac/App/InstrumentEnvelopeToolsEditor.swift,Surface exists; individual command equivalence and availability require A16 (not a one-to-one shortcut mapping),P4,A01/A08,Use semantic action ID and Windows context/shortcut precedence; preserve local text editing and held musical keys,Not executed,windows/App/InstrumentEnvelopeWindow.hpp:341; windows/App/InstrumentEnvelopeWindow.hpp:338; windows/App/InstrumentEnvelopeWindow.hpp:331,Token matches locate candidate controls; no command parity claim
155,Instrument & envelopes / ADSR preset,,Instrument & envelopes / ADSR preset/invoke,instrument,windows/App/InstrumentEnvelopeWindow.hpp;windows/Session/EnvelopeOperations.cpp;editor/InstrumentEnvelopeTools.cpp;mac/App/InstrumentEnvelopeToolsEditor.swift,Surface exists; individual command equivalence and availability require A16 (not a one-to-one shortcut mapping),P4,A01/A08,Use semantic action ID and Windows context/shortcut precedence; preserve local text editing and held musical keys,Not executed,windows/App/InstrumentEnvelopeWindow.hpp:338; windows/App/InstrumentEnvelopeWindow.hpp:139; windows/App/InstrumentEnvelopeWindow.hpp:168,Token matches locate candidate controls; no command parity claim
156,Instrument & envelopes / Loop,,Instrument & envelopes / Loop/invoke,instrument,windows/App/InstrumentEnvelopeWindow.hpp;windows/Session/EnvelopeOperations.cpp;editor/InstrumentEnvelopeTools.cpp;mac/App/InstrumentEnvelopeToolsEditor.swift,Surface exists; individual command equivalence and availability require A16 (not a one-to-one shortcut mapping),P4,A01/A08,Use semantic action ID and Windows context/shortcut precedence; preserve local text editing and held musical keys,Not executed,windows/App/InstrumentEnvelopeWindow.hpp:341; windows/App/InstrumentEnvelopeWindow.hpp:338; windows/App/InstrumentEnvelopeWindow.hpp:331,Token matches locate candidate controls; no command parity claim
157,Instrument & envelopes / Sample keymap / Assign range,,Instrument & envelopes / Sample keymap / Assign range/invoke,instrument,windows/App/InstrumentEnvelopeWindow.hpp;windows/Session/EnvelopeOperations.cpp;editor/InstrumentEnvelopeTools.cpp;mac/App/InstrumentEnvelopeToolsEditor.swift,Surface exists; individual command equivalence and availability require A16 (not a one-to-one shortcut mapping),P4,A01/A08,Use semantic action ID and Windows context/shortcut precedence; preserve local text editing and held musical keys,Not executed,windows/Session/EnvelopeOperations.cpp:180; windows/Session/EnvelopeOperations.cpp:34; windows/Session/EnvelopeOperations.cpp:30,Token matches locate candidate controls; no command parity claim
158,Instrument & envelopes / Instrument & envelopes panel / Pin current target,,Instrument & envelopes / Instrument & envelopes panel / Pin current target/invoke,workspace,windows/App/WorkspaceRegions.hpp;windows/App/WorkspaceDocking.inc;windows/App/WorkspaceLayouts.inc;windows/App/WorkspaceCommands.inc;windows/App/WorkspaceShortcutDispatch.inc;windows/App/NativeToolWindow.hpp;mac/App/DockWorkspace.swift,Surface exists; individual command equivalence and availability require A16 (not a one-to-one shortcut mapping),P3/P8,A16,Use semantic action ID and Windows context/shortcut precedence; preserve local text editing and held musical keys,Not executed,windows/App/WorkspaceDocking.inc:584; windows/App/WorkspaceDocking.inc:595; windows/App/WorkspaceDocking.inc:580,Token matches locate candidate controls; no command parity claim
159,Instrument & envelopes / Instrument & envelopes panel / Inspect editing cursor,,Instrument & envelopes / Instrument & envelopes panel / Inspect editing cursor/invoke,workspace,windows/App/WorkspaceRegions.hpp;windows/App/WorkspaceDocking.inc;windows/App/WorkspaceLayouts.inc;windows/App/WorkspaceCommands.inc;windows/App/WorkspaceShortcutDispatch.inc;windows/App/NativeToolWindow.hpp;mac/App/DockWorkspace.swift,Surface exists; individual command equivalence and availability require A16 (not a one-to-one shortcut mapping),P3/P8,A16,Use semantic action ID and Windows context/shortcut precedence; preserve local text editing and held musical keys,Not executed,windows/App/WorkspaceCommands.inc:90; windows/App/WorkspaceDocking.inc:596; windows/App/WorkspaceDocking.inc:584,Token matches locate candidate controls; no command parity claim
160,Instrument & envelopes / Instrument & envelopes panel / Return to opening row,,Instrument & envelopes / Instrument & envelopes panel / Return to opening row/invoke,workspace,windows/App/WorkspaceRegions.hpp;windows/App/WorkspaceDocking.inc;windows/App/WorkspaceLayouts.inc;windows/App/WorkspaceCommands.inc;windows/App/WorkspaceShortcutDispatch.inc;windows/App/NativeToolWindow.hpp;mac/App/DockWorkspace.swift,Surface exists; individual command equivalence and availability require A16 (not a one-to-one shortcut mapping),P3/P8,A16,Use semantic action ID and Windows context/shortcut precedence; preserve local text editing and held musical keys,Not executed,windows/App/WorkspaceDocking.inc:584; windows/App/WorkspaceCommands.inc:90; windows/App/WorkspaceShortcutDispatch.inc:166,Token matches locate candidate controls; no command parity claim
161,Instrument & envelopes / Instrument & envelopes panel / Dock right,,Instrument & envelopes / Instrument & envelopes panel / Dock right/invoke,workspace,windows/App/WorkspaceRegions.hpp;windows/App/WorkspaceDocking.inc;windows/App/WorkspaceLayouts.inc;windows/App/WorkspaceCommands.inc;windows/App/WorkspaceShortcutDispatch.inc;windows/App/NativeToolWindow.hpp;mac/App/DockWorkspace.swift,Surface exists; individual command equivalence and availability require A16 (not a one-to-one shortcut mapping),P3/P8,A16,Use semantic action ID and Windows context/shortcut precedence; preserve local text editing and held musical keys,Not executed,windows/App/WorkspaceDocking.inc:584; windows/App/WorkspaceShortcutDispatch.inc:20; windows/App/WorkspaceRegions.hpp:128,Token matches locate candidate controls; no command parity claim
162,Instrument & envelopes / Instrument & envelopes panel / Dock below,,Instrument & envelopes / Instrument & envelopes panel / Dock below/invoke,workspace,windows/App/WorkspaceRegions.hpp;windows/App/WorkspaceDocking.inc;windows/App/WorkspaceLayouts.inc;windows/App/WorkspaceCommands.inc;windows/App/WorkspaceShortcutDispatch.inc;windows/App/NativeToolWindow.hpp;mac/App/DockWorkspace.swift,Surface exists; individual command equivalence and availability require A16 (not a one-to-one shortcut mapping),P3/P8,A16,Use semantic action ID and Windows context/shortcut precedence; preserve local text editing and held musical keys,Not executed,windows/App/WorkspaceDocking.inc:584; windows/App/WorkspaceDocking.inc:329; windows/App/WorkspaceCommands.inc:94,Token matches locate candidate controls; no command parity claim
163,Instrument & envelopes / Instrument & envelopes panel / Float,,Instrument & envelopes / Instrument & envelopes panel / Float/invoke,workspace,windows/App/WorkspaceRegions.hpp;windows/App/WorkspaceDocking.inc;windows/App/WorkspaceLayouts.inc;windows/App/WorkspaceCommands.inc;windows/App/WorkspaceShortcutDispatch.inc;windows/App/NativeToolWindow.hpp;mac/App/DockWorkspace.swift,Surface exists; individual command equivalence and availability require A16 (not a one-to-one shortcut mapping),P3/P8,A16,Use semantic action ID and Windows context/shortcut precedence; preserve local text editing and held musical keys,Not executed,windows/App/WorkspaceRegions.hpp:116; windows/App/WorkspaceRegions.hpp:112; windows/App/WorkspaceRegions.hpp:60,Token matches locate candidate controls; no command parity claim
164,Instrument & envelopes / Instrument & envelopes panel / Hide,,Instrument & envelopes / Instrument & envelopes panel / Hide/invoke,workspace,windows/App/WorkspaceRegions.hpp;windows/App/WorkspaceDocking.inc;windows/App/WorkspaceLayouts.inc;windows/App/WorkspaceCommands.inc;windows/App/WorkspaceShortcutDispatch.inc;windows/App/NativeToolWindow.hpp;mac/App/DockWorkspace.swift,Surface exists; individual command equivalence and availability require A16 (not a one-to-one shortcut mapping),P3/P8,A16,Use semantic action ID and Windows context/shortcut precedence; preserve local text editing and held musical keys,Not executed,windows/App/WorkspaceRegions.hpp:116; windows/App/WorkspaceRegions.hpp:61; windows/App/WorkspaceRegions.hpp:55,Token matches locate candidate controls; no command parity claim
165,Plugin controls / Add plugin…,,Plugin controls / Add plugin…/invoke,plugins,windows/App/PluginEditor.inc;windows/App/PluginLibraryWindow.hpp;windows/App/PluginInstrumentsWindow.hpp;windows/Session/PluginOperations.cpp;windows/Plugins/WindowsVST3.cpp;editor/NativeEffects.cpp;mac/App/PluginEditor.swift,Surface exists; individual command equivalence and availability require A16 (not a one-to-one shortcut mapping),P4/P7,A01/A17,Use semantic action ID and Windows context/shortcut precedence; preserve local text editing and held musical keys,Not executed,windows/Session/PluginOperations.cpp:356; windows/Session/PluginOperations.cpp:75; windows/App/PluginLibraryWindow.hpp:59,Token matches locate candidate controls; no command parity claim
166,Plugin controls / Plugin / Add built-in effect…,,Plugin controls / Plugin / Add built-in effect…/invoke,plugins,windows/App/PluginEditor.inc;windows/App/PluginLibraryWindow.hpp;windows/App/PluginInstrumentsWindow.hpp;windows/Session/PluginOperations.cpp;windows/Plugins/WindowsVST3.cpp;editor/NativeEffects.cpp;mac/App/PluginEditor.swift,Surface exists; individual command equivalence and availability require A16 (not a one-to-one shortcut mapping),P4/P7,A01/A17,Use semantic action ID and Windows context/shortcut precedence; preserve local text editing and held musical keys,Not executed,windows/App/PluginEditor.inc:285; windows/Session/PluginOperations.cpp:368; windows/Session/PluginOperations.cpp:360,Token matches locate candidate controls; no command parity claim
167,Plugin controls / Plugin / Open interface / controls,,Plugin controls / Plugin / Open interface / controls/invoke,plugins,windows/App/PluginEditor.inc;windows/App/PluginLibraryWindow.hpp;windows/App/PluginInstrumentsWindow.hpp;windows/Session/PluginOperations.cpp;windows/Plugins/WindowsVST3.cpp;editor/NativeEffects.cpp;mac/App/PluginEditor.swift,Surface exists; individual command equivalence and availability require A16 (not a one-to-one shortcut mapping),P4/P7,A01/A17,Use semantic action ID and Windows context/shortcut precedence; preserve local text editing and held musical keys,Not executed,windows/Plugins/WindowsVST3.cpp:952; windows/App/PluginLibraryWindow.hpp:82; windows/App/PluginLibraryWindow.hpp:70,Token matches locate candidate controls; no command parity claim
168,Plugin controls / Plugin / Bypass / enable plugin,,Plugin controls / Plugin / Bypass / enable plugin/invoke,plugins,windows/App/PluginEditor.inc;windows/App/PluginLibraryWindow.hpp;windows/App/PluginInstrumentsWindow.hpp;windows/Session/PluginOperations.cpp;windows/Plugins/WindowsVST3.cpp;editor/NativeEffects.cpp;mac/App/PluginEditor.swift,Surface exists; individual command equivalence and availability require A16 (not a one-to-one shortcut mapping),P4/P7,A01/A17,Use semantic action ID and Windows context/shortcut precedence; preserve local text editing and held musical keys,Not executed,windows/App/PluginEditor.inc:286; windows/App/PluginEditor.inc:201; windows/App/PluginEditor.inc:65,Token matches locate candidate controls; no command parity claim
169,Plugin controls / Plugin / Show in Graph…,,Plugin controls / Plugin / Show in Graph…/invoke,plugins,windows/App/PluginEditor.inc;windows/App/PluginLibraryWindow.hpp;windows/App/PluginInstrumentsWindow.hpp;windows/Session/PluginOperations.cpp;windows/Plugins/WindowsVST3.cpp;editor/NativeEffects.cpp;mac/App/PluginEditor.swift,Surface exists; individual command equivalence and availability require A16 (not a one-to-one shortcut mapping),P4/P7,A01/A17,Use semantic action ID and Windows context/shortcut precedence; preserve local text editing and held musical keys,Not executed,windows/Session/PluginOperations.cpp:81; windows/Session/PluginOperations.cpp:79; windows/Session/PluginOperations.cpp:75,Token matches locate candidate controls; no command parity claim
170,Plugin controls / Plugin / Audio buses…,,Plugin controls / Plugin / Audio buses…/invoke,plugins,windows/App/PluginEditor.inc;windows/App/PluginLibraryWindow.hpp;windows/App/PluginInstrumentsWindow.hpp;windows/Session/PluginOperations.cpp;windows/Plugins/WindowsVST3.cpp;editor/NativeEffects.cpp;mac/App/PluginEditor.swift,Surface exists; individual command equivalence and availability require A16 (not a one-to-one shortcut mapping),P4/P7,A01/A17,Use semantic action ID and Windows context/shortcut precedence; preserve local text editing and held musical keys,Not executed,windows/Session/PluginOperations.cpp:494; windows/Session/PluginOperations.cpp:493; windows/Session/PluginOperations.cpp:443,Token matches locate candidate controls; no command parity claim
171,Plugin controls / Plugin / Programs…,,Plugin controls / Plugin / Programs…/invoke,plugins,windows/App/PluginEditor.inc;windows/App/PluginLibraryWindow.hpp;windows/App/PluginInstrumentsWindow.hpp;windows/Session/PluginOperations.cpp;windows/Plugins/WindowsVST3.cpp;editor/NativeEffects.cpp;mac/App/PluginEditor.swift,Surface exists; individual command equivalence and availability require A16 (not a one-to-one shortcut mapping),P4/P7,A01/A17,Use semantic action ID and Windows context/shortcut precedence; preserve local text editing and held musical keys,Not executed,windows/Session/PluginOperations.cpp:507; windows/Session/PluginOperations.cpp:502; windows/Session/PluginOperations.cpp:501,Token matches locate candidate controls; no command parity claim
172,Plugin controls / Plugin / Save preset…,,Plugin controls / Plugin / Save preset…/invoke,plugins,windows/App/PluginEditor.inc;windows/App/PluginLibraryWindow.hpp;windows/App/PluginInstrumentsWindow.hpp;windows/Session/PluginOperations.cpp;windows/Plugins/WindowsVST3.cpp;editor/NativeEffects.cpp;mac/App/PluginEditor.swift,Surface exists; individual command equivalence and availability require A16 (not a one-to-one shortcut mapping),P4/P7,A01/A17,Use semantic action ID and Windows context/shortcut precedence; preserve local text editing and held musical keys,Not executed,windows/Session/PluginOperations.cpp:423; windows/Session/PluginOperations.cpp:75; windows/App/PluginEditor.inc:65,Token matches locate candidate controls; no command parity claim
173,Plugin controls / Plugin / Load preset…,,Plugin controls / Plugin / Load preset…/invoke,plugins,windows/App/PluginEditor.inc;windows/App/PluginLibraryWindow.hpp;windows/App/PluginInstrumentsWindow.hpp;windows/Session/PluginOperations.cpp;windows/Plugins/WindowsVST3.cpp;editor/NativeEffects.cpp;mac/App/PluginEditor.swift,Surface exists; individual command equivalence and availability require A16 (not a one-to-one shortcut mapping),P4/P7,A01/A17,Use semantic action ID and Windows context/shortcut precedence; preserve local text editing and held musical keys,Not executed,windows/Session/PluginOperations.cpp:428; windows/Session/PluginOperations.cpp:75; windows/App/PluginEditor.inc:65,Token matches locate candidate controls; no command parity claim
174,Plugin controls / Plugin / Automation envelopes…,,Plugin controls / Plugin / Automation envelopes…/invoke,plugins,windows/App/PluginEditor.inc;windows/App/PluginLibraryWindow.hpp;windows/App/PluginInstrumentsWindow.hpp;windows/Session/PluginOperations.cpp;windows/Plugins/WindowsVST3.cpp;editor/NativeEffects.cpp;mac/App/PluginEditor.swift,Surface exists; individual command equivalence and availability require A16 (not a one-to-one shortcut mapping),P4/P7,A01/A17,Use semantic action ID and Windows context/shortcut precedence; preserve local text editing and held musical keys,Not executed,windows/Session/PluginOperations.cpp:511; windows/Session/PluginOperations.cpp:510; windows/Session/PluginOperations.cpp:508,Token matches locate candidate controls; no command parity claim
175,Plugin controls / Plugin / Parameter activity…,,Plugin controls / Plugin / Parameter activity…/invoke,plugins,windows/App/PluginEditor.inc;windows/App/PluginLibraryWindow.hpp;windows/App/PluginInstrumentsWindow.hpp;windows/Session/PluginOperations.cpp;windows/Plugins/WindowsVST3.cpp;editor/NativeEffects.cpp;mac/App/PluginEditor.swift,Surface exists; individual command equivalence and availability require A16 (not a one-to-one shortcut mapping),P4/P7,A01/A17,Use semantic action ID and Windows context/shortcut precedence; preserve local text editing and held musical keys,Not executed,windows/Session/PluginOperations.cpp:490; windows/Session/PluginOperations.cpp:489; windows/Session/PluginOperations.cpp:488,Token matches locate candidate controls; no command parity claim
176,Plugin controls / Plugin / New trigger instrument…,,Plugin controls / Plugin / New trigger instrument…/invoke,plugins,windows/App/PluginEditor.inc;windows/App/PluginLibraryWindow.hpp;windows/App/PluginInstrumentsWindow.hpp;windows/Session/PluginOperations.cpp;windows/Plugins/WindowsVST3.cpp;editor/NativeEffects.cpp;mac/App/PluginEditor.swift,Surface exists; individual command equivalence and availability require A16 (not a one-to-one shortcut mapping),P4/P7,A01/A17,Use semantic action ID and Windows context/shortcut precedence; preserve local text editing and held musical keys,Not executed,windows/App/PluginEditor.inc:196; windows/App/PluginEditor.inc:261; windows/App/PluginEditor.inc:64,Token matches locate candidate controls; no command parity claim
177,Plugin controls / Plugin / Assign tracker instruments…,,Plugin controls / Plugin / Assign tracker instruments…/invoke,plugins,windows/App/PluginEditor.inc;windows/App/PluginLibraryWindow.hpp;windows/App/PluginInstrumentsWindow.hpp;windows/Session/PluginOperations.cpp;windows/Plugins/WindowsVST3.cpp;editor/NativeEffects.cpp;mac/App/PluginEditor.swift,Surface exists; individual command equivalence and availability require A16 (not a one-to-one shortcut mapping),P4/P7,A01/A17,Use semantic action ID and Windows context/shortcut precedence; preserve local text editing and held musical keys,Not executed,windows/Session/PluginOperations.cpp:448; windows/Session/PluginOperations.cpp:447; windows/Session/PluginOperations.cpp:75,Token matches locate candidate controls; no command parity claim
178,Plugin controls / Plugin / Move earlier,,Plugin controls / Plugin / Move earlier/invoke,plugins,windows/App/PluginEditor.inc;windows/App/PluginLibraryWindow.hpp;windows/App/PluginInstrumentsWindow.hpp;windows/Session/PluginOperations.cpp;windows/Plugins/WindowsVST3.cpp;editor/NativeEffects.cpp;mac/App/PluginEditor.swift,Surface exists; individual command equivalence and availability require A16 (not a one-to-one shortcut mapping),P4/P7,A01/A17,Use semantic action ID and Windows context/shortcut precedence; preserve local text editing and held musical keys,Not executed,windows/Session/PluginOperations.cpp:511; windows/Session/PluginOperations.cpp:508; windows/Session/PluginOperations.cpp:481,Token matches locate candidate controls; no command parity claim
179,Plugin controls / Plugin / Move later,,Plugin controls / Plugin / Move later/invoke,plugins,windows/App/PluginEditor.inc;windows/App/PluginLibraryWindow.hpp;windows/App/PluginInstrumentsWindow.hpp;windows/Session/PluginOperations.cpp;windows/Plugins/WindowsVST3.cpp;editor/NativeEffects.cpp;mac/App/PluginEditor.swift,Surface exists; individual command equivalence and availability require A16 (not a one-to-one shortcut mapping),P4/P7,A01/A17,Use semantic action ID and Windows context/shortcut precedence; preserve local text editing and held musical keys,Not executed,windows/Session/PluginOperations.cpp:511; windows/Session/PluginOperations.cpp:508; windows/Session/PluginOperations.cpp:481,Token matches locate candidate controls; no command parity claim
180,Plugin controls / Plugin / Remove plugin,,Plugin controls / Plugin / Remove plugin/invoke,plugins,windows/App/PluginEditor.inc;windows/App/PluginLibraryWindow.hpp;windows/App/PluginInstrumentsWindow.hpp;windows/Session/PluginOperations.cpp;windows/Plugins/WindowsVST3.cpp;editor/NativeEffects.cpp;mac/App/PluginEditor.swift,Surface exists; individual command equivalence and availability require A16 (not a one-to-one shortcut mapping),P4/P7,A01/A17,Use semantic action ID and Windows context/shortcut precedence; preserve local text editing and held musical keys,Not executed,windows/Session/PluginOperations.cpp:391; windows/Session/PluginOperations.cpp:75; windows/App/PluginEditor.inc:277,Token matches locate candidate controls; no command parity claim
181,Plugin controls / New trigger instrument…,,Plugin controls / New trigger instrument…/invoke,plugins,windows/App/PluginEditor.inc;windows/App/PluginLibraryWindow.hpp;windows/App/PluginInstrumentsWindow.hpp;windows/Session/PluginOperations.cpp;windows/Plugins/WindowsVST3.cpp;editor/NativeEffects.cpp;mac/App/PluginEditor.swift,Surface exists; individual command equivalence and availability require A16 (not a one-to-one shortcut mapping),P4/P7,A01/A17,Use semantic action ID and Windows context/shortcut precedence; preserve local text editing and held musical keys,Not executed,windows/App/PluginEditor.inc:196; windows/App/PluginEditor.inc:261; windows/App/PluginEditor.inc:64,Token matches locate candidate controls; no command parity claim
182,Plugin controls / Assign tracker instruments…,,Plugin controls / Assign tracker instruments…/invoke,plugins,windows/App/PluginEditor.inc;windows/App/PluginLibraryWindow.hpp;windows/App/PluginInstrumentsWindow.hpp;windows/Session/PluginOperations.cpp;windows/Plugins/WindowsVST3.cpp;editor/NativeEffects.cpp;mac/App/PluginEditor.swift,Surface exists; individual command equivalence and availability require A16 (not a one-to-one shortcut mapping),P4/P7,A01/A17,Use semantic action ID and Windows context/shortcut precedence; preserve local text editing and held musical keys,Not executed,windows/Session/PluginOperations.cpp:448; windows/Session/PluginOperations.cpp:447; windows/Session/PluginOperations.cpp:75,Token matches locate candidate controls; no command parity claim
183,Plugin controls / Plugin controls panel / Pin current target,,Plugin controls / Plugin controls panel / Pin current target/invoke,workspace,windows/App/WorkspaceRegions.hpp;windows/App/WorkspaceDocking.inc;windows/App/WorkspaceLayouts.inc;windows/App/WorkspaceCommands.inc;windows/App/WorkspaceShortcutDispatch.inc;windows/App/NativeToolWindow.hpp;mac/App/DockWorkspace.swift,Surface exists; individual command equivalence and availability require A16 (not a one-to-one shortcut mapping),P3/P8,A16,Use semantic action ID and Windows context/shortcut precedence; preserve local text editing and held musical keys,Not executed,windows/App/WorkspaceDocking.inc:584; windows/App/WorkspaceDocking.inc:595; windows/App/WorkspaceDocking.inc:580,Token matches locate candidate controls; no command parity claim
184,Plugin controls / Plugin controls panel / Inspect editing cursor,,Plugin controls / Plugin controls panel / Inspect editing cursor/invoke,workspace,windows/App/WorkspaceRegions.hpp;windows/App/WorkspaceDocking.inc;windows/App/WorkspaceLayouts.inc;windows/App/WorkspaceCommands.inc;windows/App/WorkspaceShortcutDispatch.inc;windows/App/NativeToolWindow.hpp;mac/App/DockWorkspace.swift,Surface exists; individual command equivalence and availability require A16 (not a one-to-one shortcut mapping),P3/P8,A16,Use semantic action ID and Windows context/shortcut precedence; preserve local text editing and held musical keys,Not executed,windows/App/WorkspaceCommands.inc:90; windows/App/WorkspaceDocking.inc:596; windows/App/WorkspaceDocking.inc:584,Token matches locate candidate controls; no command parity claim
185,Plugin controls / Plugin controls panel / Return to opening row,,Plugin controls / Plugin controls panel / Return to opening row/invoke,workspace,windows/App/WorkspaceRegions.hpp;windows/App/WorkspaceDocking.inc;windows/App/WorkspaceLayouts.inc;windows/App/WorkspaceCommands.inc;windows/App/WorkspaceShortcutDispatch.inc;windows/App/NativeToolWindow.hpp;mac/App/DockWorkspace.swift,Surface exists; individual command equivalence and availability require A16 (not a one-to-one shortcut mapping),P3/P8,A16,Use semantic action ID and Windows context/shortcut precedence; preserve local text editing and held musical keys,Not executed,windows/App/WorkspaceDocking.inc:584; windows/App/WorkspaceCommands.inc:90; windows/App/WorkspaceShortcutDispatch.inc:166,Token matches locate candidate controls; no command parity claim
186,Plugin controls / Plugin controls panel / Dock right,,Plugin controls / Plugin controls panel / Dock right/invoke,workspace,windows/App/WorkspaceRegions.hpp;windows/App/WorkspaceDocking.inc;windows/App/WorkspaceLayouts.inc;windows/App/WorkspaceCommands.inc;windows/App/WorkspaceShortcutDispatch.inc;windows/App/NativeToolWindow.hpp;mac/App/DockWorkspace.swift,Surface exists; individual command equivalence and availability require A16 (not a one-to-one shortcut mapping),P3/P8,A16,Use semantic action ID and Windows context/shortcut precedence; preserve local text editing and held musical keys,Not executed,windows/App/WorkspaceDocking.inc:584; windows/App/WorkspaceShortcutDispatch.inc:20; windows/App/WorkspaceRegions.hpp:128,Token matches locate candidate controls; no command parity claim
187,Plugin controls / Plugin controls panel / Dock below,,Plugin controls / Plugin controls panel / Dock below/invoke,workspace,windows/App/WorkspaceRegions.hpp;windows/App/WorkspaceDocking.inc;windows/App/WorkspaceLayouts.inc;windows/App/WorkspaceCommands.inc;windows/App/WorkspaceShortcutDispatch.inc;windows/App/NativeToolWindow.hpp;mac/App/DockWorkspace.swift,Surface exists; individual command equivalence and availability require A16 (not a one-to-one shortcut mapping),P3/P8,A16,Use semantic action ID and Windows context/shortcut precedence; preserve local text editing and held musical keys,Not executed,windows/App/WorkspaceDocking.inc:584; windows/App/WorkspaceDocking.inc:329; windows/App/WorkspaceCommands.inc:94,Token matches locate candidate controls; no command parity claim
188,Plugin controls / Plugin controls panel / Float,,Plugin controls / Plugin controls panel / Float/invoke,workspace,windows/App/WorkspaceRegions.hpp;windows/App/WorkspaceDocking.inc;windows/App/WorkspaceLayouts.inc;windows/App/WorkspaceCommands.inc;windows/App/WorkspaceShortcutDispatch.inc;windows/App/NativeToolWindow.hpp;mac/App/DockWorkspace.swift,Surface exists; individual command equivalence and availability require A16 (not a one-to-one shortcut mapping),P3/P8,A16,Use semantic action ID and Windows context/shortcut precedence; preserve local text editing and held musical keys,Not executed,windows/App/WorkspaceRegions.hpp:116; windows/App/WorkspaceRegions.hpp:112; windows/App/WorkspaceRegions.hpp:60,Token matches locate candidate controls; no command parity claim
189,Plugin controls / Plugin controls panel / Hide,,Plugin controls / Plugin controls panel / Hide/invoke,workspace,windows/App/WorkspaceRegions.hpp;windows/App/WorkspaceDocking.inc;windows/App/WorkspaceLayouts.inc;windows/App/WorkspaceCommands.inc;windows/App/WorkspaceShortcutDispatch.inc;windows/App/NativeToolWindow.hpp;mac/App/DockWorkspace.swift,Surface exists; individual command equivalence and availability require A16 (not a one-to-one shortcut mapping),P3/P8,A16,Use semantic action ID and Windows context/shortcut precedence; preserve local text editing and held musical keys,Not executed,windows/App/WorkspaceRegions.hpp:116; windows/App/WorkspaceRegions.hpp:61; windows/App/WorkspaceRegions.hpp:55,Token matches locate candidate controls; no command parity claim
190,Mixer / Mixer / Add group,,Mixer / Mixer / Add group/invoke,mixer,windows/App/MixerEditor.inc;windows/Session/MixerOperations.cpp;windows/Session/DocumentController.cpp;mac/Bridge/MixerAPI.inc;mac/App/MixerStrips.swift,Surface exists; individual command equivalence and availability require A16 (not a one-to-one shortcut mapping),P1,A01/A02/A11,Use semantic action ID and Windows context/shortcut precedence; preserve local text editing and held musical keys,Not executed,windows/Session/MixerOperations.cpp:55; windows/App/MixerEditor.inc:156; windows/App/MixerEditor.inc:20,Token matches locate candidate controls; no command parity claim
191,Mixer / Mixer / Add return,,Mixer / Mixer / Add return/invoke,mixer,windows/App/MixerEditor.inc;windows/Session/MixerOperations.cpp;windows/Session/DocumentController.cpp;mac/Bridge/MixerAPI.inc;mac/App/MixerStrips.swift,Surface exists; individual command equivalence and availability require A16 (not a one-to-one shortcut mapping),P1,A01/A02/A11,Use semantic action ID and Windows context/shortcut precedence; preserve local text editing and held musical keys,Not executed,windows/Session/MixerOperations.cpp:55; windows/Session/MixerOperations.cpp:26; windows/Session/MixerOperations.cpp:105,Token matches locate candidate controls; no command parity claim
192,Mixer / Mixer / Remove bus,,Mixer / Mixer / Remove bus/invoke,mixer,windows/App/MixerEditor.inc;windows/Session/MixerOperations.cpp;windows/Session/DocumentController.cpp;mac/Bridge/MixerAPI.inc;mac/App/MixerStrips.swift,Surface exists; individual command equivalence and availability require A16 (not a one-to-one shortcut mapping),P1,A01/A02/A11,Use semantic action ID and Windows context/shortcut precedence; preserve local text editing and held musical keys,Not executed,windows/Session/MixerOperations.cpp:78; windows/Session/MixerOperations.cpp:26; windows/App/MixerEditor.inc:157,Token matches locate candidate controls; no command parity claim
193,Mixer / Mixer / Reload,,Mixer / Mixer / Reload/invoke,mixer,windows/App/MixerEditor.inc;windows/Session/MixerOperations.cpp;windows/Session/DocumentController.cpp;mac/Bridge/MixerAPI.inc;mac/App/MixerStrips.swift,Surface exists; individual command equivalence and availability require A16 (not a one-to-one shortcut mapping),P1,A01/A02/A11,Use semantic action ID and Windows context/shortcut precedence; preserve local text editing and held musical keys,Not executed,windows/App/MixerEditor.inc:176; windows/App/MixerEditor.inc:153; windows/App/MixerEditor.inc:150,Token matches locate candidate controls; no command parity claim
194,Mixer / Mute,,Mixer / Mute/invoke,mixer,windows/App/MixerEditor.inc;windows/Session/MixerOperations.cpp;windows/Session/DocumentController.cpp;mac/Bridge/MixerAPI.inc;mac/App/MixerStrips.swift,Surface exists; individual command equivalence and availability require A16 (not a one-to-one shortcut mapping),P1,A01/A02/A11,Use semantic action ID and Windows context/shortcut precedence; preserve local text editing and held musical keys,Not executed,windows/Session/MixerOperations.cpp:125; windows/Session/MixerOperations.cpp:62; windows/Session/MixerOperations.cpp:59,Token matches locate candidate controls; no command parity claim
195,Mixer / Solo,,Mixer / Solo/invoke,mixer,windows/App/MixerEditor.inc;windows/Session/MixerOperations.cpp;windows/Session/DocumentController.cpp;mac/Bridge/MixerAPI.inc;mac/App/MixerStrips.swift,Surface exists; individual command equivalence and availability require A16 (not a one-to-one shortcut mapping),P1,A01/A02/A11,Use semantic action ID and Windows context/shortcut precedence; preserve local text editing and held musical keys,Not executed,windows/Session/MixerOperations.cpp:125; windows/Session/MixerOperations.cpp:62; windows/Session/MixerOperations.cpp:59,Token matches locate candidate controls; no command parity claim
196,Mixer / Sidechains…,,Mixer / Sidechains…/invoke,mixer,windows/App/MixerEditor.inc;windows/Session/MixerOperations.cpp;windows/Session/DocumentController.cpp;mac/Bridge/MixerAPI.inc;mac/App/MixerStrips.swift,Surface exists; individual command equivalence and availability require A16 (not a one-to-one shortcut mapping),P1,A01/A02/A11,Use semantic action ID and Windows context/shortcut precedence; preserve local text editing and held musical keys,Not executed,windows/Session/MixerOperations.cpp:102; windows/Session/MixerOperations.cpp:99; windows/Session/MixerOperations.cpp:26,Token matches locate candidate controls; no command parity claim
197,Mixer / Add effect…,,Mixer / Add effect…/invoke,mixer,windows/App/MixerEditor.inc;windows/Session/MixerOperations.cpp;windows/Session/DocumentController.cpp;mac/Bridge/MixerAPI.inc;mac/App/MixerStrips.swift,Surface exists; individual command equivalence and availability require A16 (not a one-to-one shortcut mapping),P1,A01/A02/A11,Use semantic action ID and Windows context/shortcut precedence; preserve local text editing and held musical keys,Not executed,windows/Session/MixerOperations.cpp:105; windows/Session/MixerOperations.cpp:69; windows/Session/MixerOperations.cpp:55,Token matches locate candidate controls; no command parity claim
198,Mixer / Remove send,,Mixer / Remove send/invoke,mixer,windows/App/MixerEditor.inc;windows/Session/MixerOperations.cpp;windows/Session/DocumentController.cpp;mac/Bridge/MixerAPI.inc;mac/App/MixerStrips.swift,Surface exists; individual command equivalence and availability require A16 (not a one-to-one shortcut mapping),P1,A01/A02/A11,Use semantic action ID and Windows context/shortcut precedence; preserve local text editing and held musical keys,Not executed,windows/Session/MixerOperations.cpp:105; windows/Session/MixerOperations.cpp:104; windows/Session/MixerOperations.cpp:78,Token matches locate candidate controls; no command parity claim
199,Mixer / Pre-fader,,Mixer / Pre-fader/invoke,mixer,windows/App/MixerEditor.inc;windows/Session/MixerOperations.cpp;windows/Session/DocumentController.cpp;mac/Bridge/MixerAPI.inc;mac/App/MixerStrips.swift,Surface exists; individual command equivalence and availability require A16 (not a one-to-one shortcut mapping),P1,A01/A02/A11,Use semantic action ID and Windows context/shortcut precedence; preserve local text editing and held musical keys,Not executed,windows/App/MixerEditor.inc:172,Token matches locate candidate controls; no command parity claim
200,Mixer / Enabled,,Mixer / Enabled/invoke,mixer,windows/App/MixerEditor.inc;windows/Session/MixerOperations.cpp;windows/Session/DocumentController.cpp;mac/Bridge/MixerAPI.inc;mac/App/MixerStrips.swift,Surface exists; individual command equivalence and availability require A16 (not a one-to-one shortcut mapping),P1,A01/A02/A11,Use semantic action ID and Windows context/shortcut precedence; preserve local text editing and held musical keys,Not executed,windows/Session/MixerOperations.cpp:102; windows/Session/MixerOperations.cpp:94; windows/Session/MixerOperations.cpp:89,Token matches locate candidate controls; no command parity claim
201,Mixer / Set send,,Mixer / Set send/invoke,mixer,windows/App/MixerEditor.inc;windows/Session/MixerOperations.cpp;windows/Session/DocumentController.cpp;mac/Bridge/MixerAPI.inc;mac/App/MixerStrips.swift,Surface exists; individual command equivalence and availability require A16 (not a one-to-one shortcut mapping),P1,A01/A02/A11,Use semantic action ID and Windows context/shortcut precedence; preserve local text editing and held musical keys,Not executed,windows/Session/MixerOperations.cpp:127; windows/Session/MixerOperations.cpp:107; windows/Session/MixerOperations.cpp:99,Token matches locate candidate controls; no command parity claim
202,Mixer / Audio buses…,,Mixer / Audio buses…/invoke,mixer,windows/App/MixerEditor.inc;windows/Session/MixerOperations.cpp;windows/Session/DocumentController.cpp;mac/Bridge/MixerAPI.inc;mac/App/MixerStrips.swift,Surface exists; individual command equivalence and availability require A16 (not a one-to-one shortcut mapping),P1,A01/A02/A11,Use semantic action ID and Windows context/shortcut precedence; preserve local text editing and held musical keys,Not executed,windows/Session/MixerOperations.cpp:116; windows/Session/MixerOperations.cpp:95; windows/Session/MixerOperations.cpp:40,Token matches locate candidate controls; no command parity claim
203,Mixer / Route here,,Mixer / Route here/invoke,mixer,windows/App/MixerEditor.inc;windows/Session/MixerOperations.cpp;windows/Session/DocumentController.cpp;mac/Bridge/MixerAPI.inc;mac/App/MixerStrips.swift,Surface exists; individual command equivalence and availability require A16 (not a one-to-one shortcut mapping),P1,A01/A02/A11,Use semantic action ID and Windows context/shortcut precedence; preserve local text editing and held musical keys,Not executed,windows/Session/MixerOperations.cpp:103; windows/Session/MixerOperations.cpp:26; windows/App/MixerEditor.inc:13,Token matches locate candidate controls; no command parity claim
204,Mixer / Mixer panel / Pin current target,,Mixer / Mixer panel / Pin current target/invoke,workspace,windows/App/WorkspaceRegions.hpp;windows/App/WorkspaceDocking.inc;windows/App/WorkspaceLayouts.inc;windows/App/WorkspaceCommands.inc;windows/App/WorkspaceShortcutDispatch.inc;windows/App/NativeToolWindow.hpp;mac/App/DockWorkspace.swift,Surface exists; individual command equivalence and availability require A16 (not a one-to-one shortcut mapping),P3/P8,A16,Use semantic action ID and Windows context/shortcut precedence; preserve local text editing and held musical keys,Not executed,windows/App/WorkspaceDocking.inc:584; windows/App/WorkspaceDocking.inc:595; windows/App/WorkspaceDocking.inc:580,Token matches locate candidate controls; no command parity claim
205,Mixer / Mixer panel / Inspect editing cursor,,Mixer / Mixer panel / Inspect editing cursor/invoke,workspace,windows/App/WorkspaceRegions.hpp;windows/App/WorkspaceDocking.inc;windows/App/WorkspaceLayouts.inc;windows/App/WorkspaceCommands.inc;windows/App/WorkspaceShortcutDispatch.inc;windows/App/NativeToolWindow.hpp;mac/App/DockWorkspace.swift,Surface exists; individual command equivalence and availability require A16 (not a one-to-one shortcut mapping),P3/P8,A16,Use semantic action ID and Windows context/shortcut precedence; preserve local text editing and held musical keys,Not executed,windows/App/WorkspaceCommands.inc:90; windows/App/WorkspaceDocking.inc:596; windows/App/WorkspaceDocking.inc:584,Token matches locate candidate controls; no command parity claim
206,Mixer / Mixer panel / Return to opening row,,Mixer / Mixer panel / Return to opening row/invoke,workspace,windows/App/WorkspaceRegions.hpp;windows/App/WorkspaceDocking.inc;windows/App/WorkspaceLayouts.inc;windows/App/WorkspaceCommands.inc;windows/App/WorkspaceShortcutDispatch.inc;windows/App/NativeToolWindow.hpp;mac/App/DockWorkspace.swift,Surface exists; individual command equivalence and availability require A16 (not a one-to-one shortcut mapping),P3/P8,A16,Use semantic action ID and Windows context/shortcut precedence; preserve local text editing and held musical keys,Not executed,windows/App/WorkspaceDocking.inc:584; windows/App/WorkspaceCommands.inc:90; windows/App/WorkspaceShortcutDispatch.inc:166,Token matches locate candidate controls; no command parity claim
207,Mixer / Mixer panel / Dock right,,Mixer / Mixer panel / Dock right/invoke,workspace,windows/App/WorkspaceRegions.hpp;windows/App/WorkspaceDocking.inc;windows/App/WorkspaceLayouts.inc;windows/App/WorkspaceCommands.inc;windows/App/WorkspaceShortcutDispatch.inc;windows/App/NativeToolWindow.hpp;mac/App/DockWorkspace.swift,Surface exists; individual command equivalence and availability require A16 (not a one-to-one shortcut mapping),P3/P8,A16,Use semantic action ID and Windows context/shortcut precedence; preserve local text editing and held musical keys,Not executed,windows/App/WorkspaceDocking.inc:584; windows/App/WorkspaceShortcutDispatch.inc:20; windows/App/WorkspaceRegions.hpp:128,Token matches locate candidate controls; no command parity claim
208,Mixer / Mixer panel / Dock below,,Mixer / Mixer panel / Dock below/invoke,workspace,windows/App/WorkspaceRegions.hpp;windows/App/WorkspaceDocking.inc;windows/App/WorkspaceLayouts.inc;windows/App/WorkspaceCommands.inc;windows/App/WorkspaceShortcutDispatch.inc;windows/App/NativeToolWindow.hpp;mac/App/DockWorkspace.swift,Surface exists; individual command equivalence and availability require A16 (not a one-to-one shortcut mapping),P3/P8,A16,Use semantic action ID and Windows context/shortcut precedence; preserve local text editing and held musical keys,Not executed,windows/App/WorkspaceDocking.inc:584; windows/App/WorkspaceDocking.inc:329; windows/App/WorkspaceCommands.inc:94,Token matches locate candidate controls; no command parity claim
209,Mixer / Mixer panel / Float,,Mixer / Mixer panel / Float/invoke,workspace,windows/App/WorkspaceRegions.hpp;windows/App/WorkspaceDocking.inc;windows/App/WorkspaceLayouts.inc;windows/App/WorkspaceCommands.inc;windows/App/WorkspaceShortcutDispatch.inc;windows/App/NativeToolWindow.hpp;mac/App/DockWorkspace.swift,Surface exists; individual command equivalence and availability require A16 (not a one-to-one shortcut mapping),P3/P8,A16,Use semantic action ID and Windows context/shortcut precedence; preserve local text editing and held musical keys,Not executed,windows/App/WorkspaceRegions.hpp:116; windows/App/WorkspaceRegions.hpp:112; windows/App/WorkspaceRegions.hpp:60,Token matches locate candidate controls; no command parity claim
210,Mixer / Mixer panel / Hide,,Mixer / Mixer panel / Hide/invoke,workspace,windows/App/WorkspaceRegions.hpp;windows/App/WorkspaceDocking.inc;windows/App/WorkspaceLayouts.inc;windows/App/WorkspaceCommands.inc;windows/App/WorkspaceShortcutDispatch.inc;windows/App/NativeToolWindow.hpp;mac/App/DockWorkspace.swift,Surface exists; individual command equivalence and availability require A16 (not a one-to-one shortcut mapping),P3/P8,A16,Use semantic action ID and Windows context/shortcut precedence; preserve local text editing and held musical keys,Not executed,windows/App/WorkspaceRegions.hpp:116; windows/App/WorkspaceRegions.hpp:61; windows/App/WorkspaceRegions.hpp:55,Token matches locate candidate controls; no command parity claim
211,Audio & modulation graph / Add…,,Audio & modulation graph / Add…/invoke,graph,windows/App/GraphEditor.inc;windows/App/GraphCanvas.hpp;windows/App/GraphWorkflowWindow.hpp;windows/App/GraphWorkflowActions.inc;windows/Session/GraphOperations.cpp;editor/GraphEditing.cpp;mac/App/SignalGraphEditor.swift,Surface exists; individual command equivalence and availability require A16 (not a one-to-one shortcut mapping),P5,A01/A10/A11/A12,Use semantic action ID and Windows context/shortcut precedence; preserve local text editing and held musical keys,Not executed,windows/Session/GraphOperations.cpp:352; windows/Session/GraphOperations.cpp:317; windows/Session/GraphOperations.cpp:142,Token matches locate candidate controls; no command parity claim
212,Audio & modulation graph / Graph / Add node…,shift+a,graph.add,graph,windows/App/GraphEditor.inc;windows/App/GraphCanvas.hpp;windows/App/GraphWorkflowWindow.hpp;windows/App/GraphWorkflowActions.inc;windows/Session/GraphOperations.cpp;editor/GraphEditing.cpp;mac/App/SignalGraphEditor.swift,Surface exists; individual command equivalence and availability require A16 (not a one-to-one shortcut mapping),P5,A01/A10/A11/A12,Use semantic action ID and Windows context/shortcut precedence; preserve local text editing and held musical keys,Not executed,windows/Session/GraphOperations.cpp:352; windows/Session/GraphOperations.cpp:317; windows/Session/GraphOperations.cpp:142,Token matches locate candidate controls; no command parity claim
213,Audio & modulation graph / Graph / Find node…,,graph.findNode,graph,windows/App/GraphEditor.inc;windows/App/GraphCanvas.hpp;windows/App/GraphWorkflowWindow.hpp;windows/App/GraphWorkflowActions.inc;windows/Session/GraphOperations.cpp;editor/GraphEditing.cpp;mac/App/SignalGraphEditor.swift,Surface exists; individual command equivalence and availability require A16 (not a one-to-one shortcut mapping),P5,A01/A10/A11/A12,Use semantic action ID and Windows context/shortcut precedence; preserve local text editing and held musical keys,Not executed,windows/Session/GraphOperations.cpp:521; windows/Session/GraphOperations.cpp:515; windows/Session/GraphOperations.cpp:385,Token matches locate candidate controls; no command parity claim
214,Audio & modulation graph / Graph / Open selected node…,,graph.openNode,graph,windows/App/GraphEditor.inc;windows/App/GraphCanvas.hpp;windows/App/GraphWorkflowWindow.hpp;windows/App/GraphWorkflowActions.inc;windows/Session/GraphOperations.cpp;editor/GraphEditing.cpp;mac/App/SignalGraphEditor.swift,Surface exists; individual command equivalence and availability require A16 (not a one-to-one shortcut mapping),P5,A01/A10/A11/A12,Use semantic action ID and Windows context/shortcut precedence; preserve local text editing and held musical keys,Not executed,windows/App/GraphEditor.inc:246; windows/Session/GraphOperations.cpp:540; windows/Session/GraphOperations.cpp:524,Token matches locate candidate controls; no command parity claim
215,Audio & modulation graph / Graph / Remove selected node…,,graph.removeNode,graph,windows/App/GraphEditor.inc;windows/App/GraphCanvas.hpp;windows/App/GraphWorkflowWindow.hpp;windows/App/GraphWorkflowActions.inc;windows/Session/GraphOperations.cpp;editor/GraphEditing.cpp;mac/App/SignalGraphEditor.swift,Surface exists; individual command equivalence and availability require A16 (not a one-to-one shortcut mapping),P5,A01/A10/A11/A12,Use semantic action ID and Windows context/shortcut precedence; preserve local text editing and held musical keys,Not executed,windows/Session/GraphOperations.cpp:522; windows/Session/GraphOperations.cpp:142; windows/App/GraphEditor.inc:250,Token matches locate candidate controls; no command parity claim
216,Audio & modulation graph / Graph / Parent graph,opt+up,graph.parent,graph,windows/App/GraphEditor.inc;windows/App/GraphCanvas.hpp;windows/App/GraphWorkflowWindow.hpp;windows/App/GraphWorkflowActions.inc;windows/Session/GraphOperations.cpp;editor/GraphEditing.cpp;mac/App/SignalGraphEditor.swift,Surface exists; individual command equivalence and availability require A16 (not a one-to-one shortcut mapping),P5,A01/A10/A11/A12,Use semantic action ID and Windows context/shortcut precedence; preserve local text editing and held musical keys,Not executed,windows/Session/GraphOperations.cpp:353; windows/Session/GraphOperations.cpp:327; windows/Session/GraphOperations.cpp:218,Token matches locate candidate controls; no command parity claim
217,Audio & modulation graph / Graph / Fit graph,,graph.fit,graph,windows/App/GraphEditor.inc;windows/App/GraphCanvas.hpp;windows/App/GraphWorkflowWindow.hpp;windows/App/GraphWorkflowActions.inc;windows/Session/GraphOperations.cpp;editor/GraphEditing.cpp;mac/App/SignalGraphEditor.swift,Surface exists; individual command equivalence and availability require A16 (not a one-to-one shortcut mapping),P5,A01/A10/A11/A12,Use semantic action ID and Windows context/shortcut precedence; preserve local text editing and held musical keys,Not executed,windows/App/GraphEditor.inc:251; windows/App/GraphEditor.inc:248; windows/Session/GraphOperations.cpp:540,Token matches locate candidate controls; no command parity claim
218,Audio & modulation graph / Graph / Reveal hidden routes…,,graph.revealHidden,graph,windows/App/GraphEditor.inc;windows/App/GraphCanvas.hpp;windows/App/GraphWorkflowWindow.hpp;windows/App/GraphWorkflowActions.inc;windows/Session/GraphOperations.cpp;editor/GraphEditing.cpp;mac/App/SignalGraphEditor.swift,Surface exists; individual command equivalence and availability require A16 (not a one-to-one shortcut mapping),P5,A01/A10/A11/A12,Use semantic action ID and Windows context/shortcut precedence; preserve local text editing and held musical keys,Not executed,windows/Session/GraphOperations.cpp:437; windows/Session/GraphOperations.cpp:142; windows/App/GraphCanvas.hpp:38,Token matches locate candidate controls; no command parity claim
219,Audio & modulation graph / Graph / Trace silence,,graph.traceSilence,graph,windows/App/GraphEditor.inc;windows/App/GraphCanvas.hpp;windows/App/GraphWorkflowWindow.hpp;windows/App/GraphWorkflowActions.inc;windows/Session/GraphOperations.cpp;editor/GraphEditing.cpp;mac/App/SignalGraphEditor.swift,Surface exists; individual command equivalence and availability require A16 (not a one-to-one shortcut mapping),P5,A01/A10/A11/A12,Use semantic action ID and Windows context/shortcut precedence; preserve local text editing and held musical keys,Not executed,,Token matches locate candidate controls; no command parity claim
220,Audio & modulation graph / Graph / Find next overload,,graph.findOverload,graph,windows/App/GraphEditor.inc;windows/App/GraphCanvas.hpp;windows/App/GraphWorkflowWindow.hpp;windows/App/GraphWorkflowActions.inc;windows/Session/GraphOperations.cpp;editor/GraphEditing.cpp;mac/App/SignalGraphEditor.swift,Surface exists; individual command equivalence and availability require A16 (not a one-to-one shortcut mapping),P5,A01/A10/A11/A12,Use semantic action ID and Windows context/shortcut precedence; preserve local text editing and held musical keys,Not executed,windows/Session/GraphOperations.cpp:259; windows/Session/GraphOperations.cpp:256; windows/Session/GraphOperations.cpp:523,Token matches locate candidate controls; no command parity claim
221,Audio & modulation graph / Graph / Clear overload indicators,,graph.clearOverloads,graph,windows/App/GraphEditor.inc;windows/App/GraphCanvas.hpp;windows/App/GraphWorkflowWindow.hpp;windows/App/GraphWorkflowActions.inc;windows/Session/GraphOperations.cpp;editor/GraphEditing.cpp;mac/App/SignalGraphEditor.swift,Surface exists; individual command equivalence and availability require A16 (not a one-to-one shortcut mapping),P5,A01/A10/A11/A12,Use semantic action ID and Windows context/shortcut precedence; preserve local text editing and held musical keys,Not executed,windows/Session/GraphOperations.cpp:466; windows/Session/GraphOperations.cpp:451; windows/Session/GraphOperations.cpp:445,Token matches locate candidate controls; no command parity claim
222,Audio & modulation graph / Graph / Choose observed graph copy…,,graph.observeCopy,graph,windows/App/GraphEditor.inc;windows/App/GraphCanvas.hpp;windows/App/GraphWorkflowWindow.hpp;windows/App/GraphWorkflowActions.inc;windows/Session/GraphOperations.cpp;editor/GraphEditing.cpp;mac/App/SignalGraphEditor.swift,Surface exists; individual command equivalence and availability require A16 (not a one-to-one shortcut mapping),P5,A01/A10/A11/A12,Use semantic action ID and Windows context/shortcut precedence; preserve local text editing and held musical keys,Not executed,windows/Session/GraphOperations.cpp:289; windows/Session/GraphOperations.cpp:276; windows/Session/GraphOperations.cpp:225,Token matches locate candidate controls; no command parity claim
223,Audio & modulation graph / Graph / Scope selected signal,q,graph.scope,graph,windows/App/GraphEditor.inc;windows/App/GraphCanvas.hpp;windows/App/GraphWorkflowWindow.hpp;windows/App/GraphWorkflowActions.inc;windows/Session/GraphOperations.cpp;editor/GraphEditing.cpp;mac/App/SignalGraphEditor.swift,Surface exists; individual command equivalence and availability require A16 (not a one-to-one shortcut mapping),P5,A01/A10/A11/A12,Use semantic action ID and Windows context/shortcut precedence; preserve local text editing and held musical keys,Not executed,windows/App/GraphWorkflowWindow.hpp:46; windows/Session/GraphOperations.cpp:262; windows/Session/GraphOperations.cpp:261,Token matches locate candidate controls; no command parity claim
224,Audio & modulation graph / Graph / Spectrum of selected signal,shift+q,graph.spectrum,graph,windows/App/GraphEditor.inc;windows/App/GraphCanvas.hpp;windows/App/GraphWorkflowWindow.hpp;windows/App/GraphWorkflowActions.inc;windows/Session/GraphOperations.cpp;editor/GraphEditing.cpp;mac/App/SignalGraphEditor.swift,Surface exists; individual command equivalence and availability require A16 (not a one-to-one shortcut mapping),P5,A01/A10/A11/A12,Use semantic action ID and Windows context/shortcut precedence; preserve local text editing and held musical keys,Not executed,windows/Session/GraphOperations.cpp:262; windows/Session/GraphOperations.cpp:261; windows/Session/GraphOperations.cpp:259,Token matches locate candidate controls; no command parity claim
225,Audio & modulation graph / Graph / Open plugin interface,return,graph.openPlugin,graph,windows/App/GraphEditor.inc;windows/App/GraphCanvas.hpp;windows/App/GraphWorkflowWindow.hpp;windows/App/GraphWorkflowActions.inc;windows/Session/GraphOperations.cpp;editor/GraphEditing.cpp;mac/App/SignalGraphEditor.swift,Surface exists; individual command equivalence and availability require A16 (not a one-to-one shortcut mapping),P5,A01/A10/A11/A12,Use semantic action ID and Windows context/shortcut precedence; preserve local text editing and held musical keys,Not executed,windows/App/GraphEditor.inc:246; windows/Session/GraphOperations.cpp:429; windows/Session/GraphOperations.cpp:416,Token matches locate candidate controls; no command parity claim
226,Audio & modulation graph / Graph / Copy nodes,cmd+c,graph.copySelection,graph,windows/App/GraphEditor.inc;windows/App/GraphCanvas.hpp;windows/App/GraphWorkflowWindow.hpp;windows/App/GraphWorkflowActions.inc;windows/Session/GraphOperations.cpp;editor/GraphEditing.cpp;mac/App/SignalGraphEditor.swift,Surface exists; individual command equivalence and availability require A16 (not a one-to-one shortcut mapping),P5,A01/A10/A11/A12,Use semantic action ID and Windows context/shortcut precedence; preserve local text editing and held musical keys,Not executed,windows/Session/GraphOperations.cpp:525; windows/Session/GraphOperations.cpp:521; windows/Session/GraphOperations.cpp:518,Token matches locate candidate controls; no command parity claim
227,Audio & modulation graph / Graph / Cut nodes,cmd+x,graph.cutSelection,graph,windows/App/GraphEditor.inc;windows/App/GraphCanvas.hpp;windows/App/GraphWorkflowWindow.hpp;windows/App/GraphWorkflowActions.inc;windows/Session/GraphOperations.cpp;editor/GraphEditing.cpp;mac/App/SignalGraphEditor.swift,Surface exists; individual command equivalence and availability require A16 (not a one-to-one shortcut mapping),P5,A01/A10/A11/A12,Use semantic action ID and Windows context/shortcut precedence; preserve local text editing and held musical keys,Not executed,windows/Session/GraphOperations.cpp:142; windows/Session/GraphOperations.cpp:525; windows/Session/GraphOperations.cpp:521,Token matches locate candidate controls; no command parity claim
228,Audio & modulation graph / Graph / Paste nodes,cmd+v,graph.pasteSelection,graph,windows/App/GraphEditor.inc;windows/App/GraphCanvas.hpp;windows/App/GraphWorkflowWindow.hpp;windows/App/GraphWorkflowActions.inc;windows/Session/GraphOperations.cpp;editor/GraphEditing.cpp;mac/App/SignalGraphEditor.swift,Surface exists; individual command equivalence and availability require A16 (not a one-to-one shortcut mapping),P5,A01/A10/A11/A12,Use semantic action ID and Windows context/shortcut precedence; preserve local text editing and held musical keys,Not executed,windows/Session/GraphOperations.cpp:142; windows/Session/GraphOperations.cpp:525; windows/Session/GraphOperations.cpp:521,Token matches locate candidate controls; no command parity claim
229,Audio & modulation graph / Graph / Duplicate node(s),cmd+d,graph.duplicateSelection,graph,windows/App/GraphEditor.inc;windows/App/GraphCanvas.hpp;windows/App/GraphWorkflowWindow.hpp;windows/App/GraphWorkflowActions.inc;windows/Session/GraphOperations.cpp;editor/GraphEditing.cpp;mac/App/SignalGraphEditor.swift,Surface exists; individual command equivalence and availability require A16 (not a one-to-one shortcut mapping),P5,A01/A10/A11/A12,Use semantic action ID and Windows context/shortcut precedence; preserve local text editing and held musical keys,Not executed,windows/Session/GraphOperations.cpp:142; windows/Session/GraphOperations.cpp:540; windows/Session/GraphOperations.cpp:524,Token matches locate candidate controls; no command parity claim
230,Audio & modulation graph / Graph / Save plugin preset…,,graph.presetSave,graph,windows/App/GraphEditor.inc;windows/App/GraphCanvas.hpp;windows/App/GraphWorkflowWindow.hpp;windows/App/GraphWorkflowActions.inc;windows/Session/GraphOperations.cpp;editor/GraphEditing.cpp;mac/App/SignalGraphEditor.swift,Surface exists; individual command equivalence and availability require A16 (not a one-to-one shortcut mapping),P5,A01/A10/A11/A12,Use semantic action ID and Windows context/shortcut precedence; preserve local text editing and held musical keys,Not executed,windows/Session/GraphOperations.cpp:429; windows/Session/GraphOperations.cpp:416; windows/Session/GraphOperations.cpp:415,Token matches locate candidate controls; no command parity claim
231,Audio & modulation graph / Graph / Load plugin preset…,,graph.presetLoad,graph,windows/App/GraphEditor.inc;windows/App/GraphCanvas.hpp;windows/App/GraphWorkflowWindow.hpp;windows/App/GraphWorkflowActions.inc;windows/Session/GraphOperations.cpp;editor/GraphEditing.cpp;mac/App/SignalGraphEditor.swift,Surface exists; individual command equivalence and availability require A16 (not a one-to-one shortcut mapping),P5,A01/A10/A11/A12,Use semantic action ID and Windows context/shortcut precedence; preserve local text editing and held musical keys,Not executed,windows/App/GraphEditor.inc:245; windows/App/GraphEditor.inc:23; windows/Session/GraphOperations.cpp:429,Token matches locate candidate controls; no command parity claim
232,Audio & modulation graph / Graph / Parameters / Show last touched plugin parameter,,graph.parameterLastTouched,graph,windows/App/GraphEditor.inc;windows/App/GraphCanvas.hpp;windows/App/GraphWorkflowWindow.hpp;windows/App/GraphWorkflowActions.inc;windows/Session/GraphOperations.cpp;editor/GraphEditing.cpp;mac/App/SignalGraphEditor.swift,Surface exists; individual command equivalence and availability require A16 (not a one-to-one shortcut mapping),P5,A01/A10/A11/A12,Use semantic action ID and Windows context/shortcut precedence; preserve local text editing and held musical keys,Not executed,windows/Session/GraphOperations.cpp:243; windows/App/GraphWorkflowActions.inc:41; windows/App/GraphWorkflowActions.inc:18,Token matches locate candidate controls; no command parity claim
233,Audio & modulation graph / Graph / Parameters / Back from last touched parameter,,graph.returnFromLastTouched,graph,windows/App/GraphEditor.inc;windows/App/GraphCanvas.hpp;windows/App/GraphWorkflowWindow.hpp;windows/App/GraphWorkflowActions.inc;windows/Session/GraphOperations.cpp;editor/GraphEditing.cpp;mac/App/SignalGraphEditor.swift,Surface exists; individual command equivalence and availability require A16 (not a one-to-one shortcut mapping),P5,A01/A10/A11/A12,Use semantic action ID and Windows context/shortcut precedence; preserve local text editing and held musical keys,Not executed,windows/App/GraphEditor.inc:243; windows/Session/GraphOperations.cpp:518; windows/Session/GraphOperations.cpp:509,Token matches locate candidate controls; no command parity claim
234,Audio & modulation graph / Graph / Parameters / Edit parameter value…,,graph.parameterValue,graph,windows/App/GraphEditor.inc;windows/App/GraphCanvas.hpp;windows/App/GraphWorkflowWindow.hpp;windows/App/GraphWorkflowActions.inc;windows/Session/GraphOperations.cpp;editor/GraphEditing.cpp;mac/App/SignalGraphEditor.swift,Surface exists; individual command equivalence and availability require A16 (not a one-to-one shortcut mapping),P5,A01/A10/A11/A12,Use semantic action ID and Windows context/shortcut precedence; preserve local text editing and held musical keys,Not executed,windows/App/GraphWorkflowWindow.hpp:79; windows/App/GraphWorkflowWindow.hpp:50; windows/App/GraphWorkflowActions.inc:11,Token matches locate candidate controls; no command parity claim
235,Audio & modulation graph / Graph / Parameters / Expose parameter port…,,graph.parameterExpose,graph,windows/App/GraphEditor.inc;windows/App/GraphCanvas.hpp;windows/App/GraphWorkflowWindow.hpp;windows/App/GraphWorkflowActions.inc;windows/Session/GraphOperations.cpp;editor/GraphEditing.cpp;mac/App/SignalGraphEditor.swift,Surface exists; individual command equivalence and availability require A16 (not a one-to-one shortcut mapping),P5,A01/A10/A11/A12,Use semantic action ID and Windows context/shortcut precedence; preserve local text editing and held musical keys,Not executed,windows/Session/GraphOperations.cpp:243; windows/App/GraphEditor.inc:317; windows/App/GraphEditor.inc:265,Token matches locate candidate controls; no command parity claim
236,Audio & modulation graph / Graph / Parameters / Automate parameter…,,graph.parameterAutomate,graph,windows/App/GraphEditor.inc;windows/App/GraphCanvas.hpp;windows/App/GraphWorkflowWindow.hpp;windows/App/GraphWorkflowActions.inc;windows/Session/GraphOperations.cpp;editor/GraphEditing.cpp;mac/App/SignalGraphEditor.swift,Surface exists; individual command equivalence and availability require A16 (not a one-to-one shortcut mapping),P5,A01/A10/A11/A12,Use semantic action ID and Windows context/shortcut precedence; preserve local text editing and held musical keys,Not executed,windows/Session/GraphOperations.cpp:402; windows/Session/GraphOperations.cpp:401; windows/Session/GraphOperations.cpp:395,Token matches locate candidate controls; no command parity claim
237,Audio & modulation graph / Graph / Parameters / Inspect effective parameter and sources…,,graph.parameterActivity,graph,windows/App/GraphEditor.inc;windows/App/GraphCanvas.hpp;windows/App/GraphWorkflowWindow.hpp;windows/App/GraphWorkflowActions.inc;windows/Session/GraphOperations.cpp;editor/GraphEditing.cpp;mac/App/SignalGraphEditor.swift,Surface exists; individual command equivalence and availability require A16 (not a one-to-one shortcut mapping),P5,A01/A10/A11/A12,Use semantic action ID and Windows context/shortcut precedence; preserve local text editing and held musical keys,Not executed,windows/App/GraphWorkflowWindow.hpp:46; windows/Session/GraphOperations.cpp:402; windows/Session/GraphOperations.cpp:401,Token matches locate candidate controls; no command parity claim
238,Audio & modulation graph / Graph / Parameters / Show existing automation sources in graph…,,graph.parameterSources,graph,windows/App/GraphEditor.inc;windows/App/GraphCanvas.hpp;windows/App/GraphWorkflowWindow.hpp;windows/App/GraphWorkflowActions.inc;windows/Session/GraphOperations.cpp;editor/GraphEditing.cpp;mac/App/SignalGraphEditor.swift,Surface exists; individual command equivalence and availability require A16 (not a one-to-one shortcut mapping),P5,A01/A10/A11/A12,Use semantic action ID and Windows context/shortcut precedence; preserve local text editing and held musical keys,Not executed,windows/Session/GraphOperations.cpp:254; windows/Session/GraphOperations.cpp:488; windows/Session/GraphOperations.cpp:184,Token matches locate candidate controls; no command parity claim
239,Audio & modulation graph / Graph / Parameters / Edit selected automation source…,,graph.editProvenance,graph,windows/App/GraphEditor.inc;windows/App/GraphCanvas.hpp;windows/App/GraphWorkflowWindow.hpp;windows/App/GraphWorkflowActions.inc;windows/Session/GraphOperations.cpp;editor/GraphEditing.cpp;mac/App/SignalGraphEditor.swift,Surface exists; individual command equivalence and availability require A16 (not a one-to-one shortcut mapping),P5,A01/A10/A11/A12,Use semantic action ID and Windows context/shortcut precedence; preserve local text editing and held musical keys,Not executed,windows/Session/GraphOperations.cpp:493; windows/Session/GraphOperations.cpp:190; windows/Session/GraphOperations.cpp:142,Token matches locate candidate controls; no command parity claim
240,Audio & modulation graph / Graph / Parameters / Next page of existing sources,,graph.nextProvenancePage,graph,windows/App/GraphEditor.inc;windows/App/GraphCanvas.hpp;windows/App/GraphWorkflowWindow.hpp;windows/App/GraphWorkflowActions.inc;windows/Session/GraphOperations.cpp;editor/GraphEditing.cpp;mac/App/SignalGraphEditor.swift,Surface exists; individual command equivalence and availability require A16 (not a one-to-one shortcut mapping),P5,A01/A10/A11/A12,Use semantic action ID and Windows context/shortcut precedence; preserve local text editing and held musical keys,Not executed,windows/Session/GraphOperations.cpp:254; windows/App/GraphWorkflowWindow.hpp:46; windows/Session/GraphOperations.cpp:523,Token matches locate candidate controls; no command parity claim
241,Audio & modulation graph / Graph / Parameters / Hide existing automation sources,,graph.hideProvenance,graph,windows/App/GraphEditor.inc;windows/App/GraphCanvas.hpp;windows/App/GraphWorkflowWindow.hpp;windows/App/GraphWorkflowActions.inc;windows/Session/GraphOperations.cpp;editor/GraphEditing.cpp;mac/App/SignalGraphEditor.swift,Surface exists; individual command equivalence and availability require A16 (not a one-to-one shortcut mapping),P5,A01/A10/A11/A12,Use semantic action ID and Windows context/shortcut precedence; preserve local text editing and held musical keys,Not executed,windows/Session/GraphOperations.cpp:254; windows/App/GraphWorkflowWindow.hpp:46; windows/Session/GraphOperations.cpp:493,Token matches locate candidate controls; no command parity claim
242,Audio & modulation graph / Graph / Parameters / Back to graph,,graph.returnFromSource,graph,windows/App/GraphEditor.inc;windows/App/GraphCanvas.hpp;windows/App/GraphWorkflowWindow.hpp;windows/App/GraphWorkflowActions.inc;windows/Session/GraphOperations.cpp;editor/GraphEditing.cpp;mac/App/SignalGraphEditor.swift,Surface exists; individual command equivalence and availability require A16 (not a one-to-one shortcut mapping),P5,A01/A10/A11/A12,Use semantic action ID and Windows context/shortcut precedence; preserve local text editing and held musical keys,Not executed,windows/Session/GraphOperations.cpp:447; windows/Session/GraphOperations.cpp:442; windows/Session/GraphOperations.cpp:276,Token matches locate candidate controls; no command parity claim
243,Audio & modulation graph / Graph / Add visual frame around selection,,graph.visualFrame,graph,windows/App/GraphEditor.inc;windows/App/GraphCanvas.hpp;windows/App/GraphWorkflowWindow.hpp;windows/App/GraphWorkflowActions.inc;windows/Session/GraphOperations.cpp;editor/GraphEditing.cpp;mac/App/SignalGraphEditor.swift,Surface exists; individual command equivalence and availability require A16 (not a one-to-one shortcut mapping),P5,A01/A10/A11/A12,Use semantic action ID and Windows context/shortcut precedence; preserve local text editing and held musical keys,Not executed,windows/Session/GraphOperations.cpp:142; windows/Session/GraphOperations.cpp:352; windows/Session/GraphOperations.cpp:317,Token matches locate candidate controls; no command parity claim
244,Audio & modulation graph / Graph / Add comment,,graph.visualComment,graph,windows/App/GraphEditor.inc;windows/App/GraphCanvas.hpp;windows/App/GraphWorkflowWindow.hpp;windows/App/GraphWorkflowActions.inc;windows/Session/GraphOperations.cpp;editor/GraphEditing.cpp;mac/App/SignalGraphEditor.swift,Surface exists; individual command equivalence and availability require A16 (not a one-to-one shortcut mapping),P5,A01/A10/A11/A12,Use semantic action ID and Windows context/shortcut precedence; preserve local text editing and held musical keys,Not executed,windows/Session/GraphOperations.cpp:352; windows/Session/GraphOperations.cpp:317; windows/Session/GraphOperations.cpp:142,Token matches locate candidate controls; no command parity claim
245,Audio & modulation graph / Graph / Collapse / expand selection,h,graph.visualCollapse,graph,windows/App/GraphEditor.inc;windows/App/GraphCanvas.hpp;windows/App/GraphWorkflowWindow.hpp;windows/App/GraphWorkflowActions.inc;windows/Session/GraphOperations.cpp;editor/GraphEditing.cpp;mac/App/SignalGraphEditor.swift,Surface exists; individual command equivalence and availability require A16 (not a one-to-one shortcut mapping),P5,A01/A10/A11/A12,Use semantic action ID and Windows context/shortcut precedence; preserve local text editing and held musical keys,Not executed,windows/Session/GraphOperations.cpp:217; windows/Session/GraphOperations.cpp:216; windows/Session/GraphOperations.cpp:214,Token matches locate candidate controls; no command parity claim
246,Audio & modulation graph / Graph / Add cable reroute point,,graph.visualReroute,graph,windows/App/GraphEditor.inc;windows/App/GraphCanvas.hpp;windows/App/GraphWorkflowWindow.hpp;windows/App/GraphWorkflowActions.inc;windows/Session/GraphOperations.cpp;editor/GraphEditing.cpp;mac/App/SignalGraphEditor.swift,Surface exists; individual command equivalence and availability require A16 (not a one-to-one shortcut mapping),P5,A01/A10/A11/A12,Use semantic action ID and Windows context/shortcut precedence; preserve local text editing and held musical keys,Not executed,windows/App/GraphWorkflowActions.inc:28; windows/App/GraphWorkflowActions.inc:27; windows/Session/GraphOperations.cpp:383,Token matches locate candidate controls; no command parity claim
247,"Audio & modulation graph / Graph / Remove annotation, keep contents",,graph.visualRemove,graph,windows/App/GraphEditor.inc;windows/App/GraphCanvas.hpp;windows/App/GraphWorkflowWindow.hpp;windows/App/GraphWorkflowActions.inc;windows/Session/GraphOperations.cpp;editor/GraphEditing.cpp;mac/App/SignalGraphEditor.swift,Surface exists; individual command equivalence and availability require A16 (not a one-to-one shortcut mapping),P5,A01/A10/A11/A12,Use semantic action ID and Windows context/shortcut precedence; preserve local text editing and held musical keys,Not executed,windows/Session/GraphOperations.cpp:522; windows/Session/GraphOperations.cpp:511; windows/Session/GraphOperations.cpp:510,Token matches locate candidate controls; no command parity claim
248,Audio & modulation graph / Graph / Bypass / mute processor…,m,graph.bypass,graph,windows/App/GraphEditor.inc;windows/App/GraphCanvas.hpp;windows/App/GraphWorkflowWindow.hpp;windows/App/GraphWorkflowActions.inc;windows/Session/GraphOperations.cpp;editor/GraphEditing.cpp;mac/App/SignalGraphEditor.swift,Surface exists; individual command equivalence and availability require A16 (not a one-to-one shortcut mapping),P5,A01/A10/A11/A12,Use semantic action ID and Windows context/shortcut precedence; preserve local text editing and held musical keys,Not executed,windows/Session/GraphOperations.cpp:256; windows/Session/GraphOperations.cpp:228; windows/Session/GraphOperations.cpp:142,Token matches locate candidate controls; no command parity claim
249,Audio & modulation graph / Graph / Listen here,l,graph.listen,graph,windows/App/GraphEditor.inc;windows/App/GraphCanvas.hpp;windows/App/GraphWorkflowWindow.hpp;windows/App/GraphWorkflowActions.inc;windows/Session/GraphOperations.cpp;editor/GraphEditing.cpp;mac/App/SignalGraphEditor.swift,Surface exists; individual command equivalence and availability require A16 (not a one-to-one shortcut mapping),P5,A01/A10/A11/A12,Use semantic action ID and Windows context/shortcut precedence; preserve local text editing and held musical keys,Not executed,windows/App/GraphWorkflowWindow.hpp:50; windows/App/GraphWorkflowActions.inc:61,Token matches locate candidate controls; no command parity claim
250,Audio & modulation graph / Graph / Stop listening,,graph.stopListening,graph,windows/App/GraphEditor.inc;windows/App/GraphCanvas.hpp;windows/App/GraphWorkflowWindow.hpp;windows/App/GraphWorkflowActions.inc;windows/Session/GraphOperations.cpp;editor/GraphEditing.cpp;mac/App/SignalGraphEditor.swift,Surface exists; individual command equivalence and availability require A16 (not a one-to-one shortcut mapping),P5,A01/A10/A11/A12,Use semantic action ID and Windows context/shortcut precedence; preserve local text editing and held musical keys,Not executed,windows/App/GraphWorkflowWindow.hpp:46; windows/App/GraphWorkflowActions.inc:37,Token matches locate candidate controls; no command parity claim
251,Audio & modulation graph / Graph / Frame selection,f,graph.frameSelection,graph,windows/App/GraphEditor.inc;windows/App/GraphCanvas.hpp;windows/App/GraphWorkflowWindow.hpp;windows/App/GraphWorkflowActions.inc;windows/Session/GraphOperations.cpp;editor/GraphEditing.cpp;mac/App/SignalGraphEditor.swift,Surface exists; individual command equivalence and availability require A16 (not a one-to-one shortcut mapping),P5,A01/A10/A11/A12,Use semantic action ID and Windows context/shortcut precedence; preserve local text editing and held musical keys,Not executed,windows/Session/GraphOperations.cpp:217; windows/Session/GraphOperations.cpp:216; windows/Session/GraphOperations.cpp:214,Token matches locate candidate controls; no command parity claim
252,Audio & modulation graph / Graph / Show in pattern,,graph.showPattern,graph,windows/App/GraphEditor.inc;windows/App/GraphCanvas.hpp;windows/App/GraphWorkflowWindow.hpp;windows/App/GraphWorkflowActions.inc;windows/Session/GraphOperations.cpp;editor/GraphEditing.cpp;mac/App/SignalGraphEditor.swift,Surface exists; individual command equivalence and availability require A16 (not a one-to-one shortcut mapping),P5,A01/A10/A11/A12,Use semantic action ID and Windows context/shortcut precedence; preserve local text editing and held musical keys,Not executed,windows/Session/GraphOperations.cpp:501; windows/Session/GraphOperations.cpp:500; windows/Session/GraphOperations.cpp:495,Token matches locate candidate controls; no command parity claim
253,Audio & modulation graph / Graph / New subgraph…,,graph.newGroup,graph,windows/App/GraphEditor.inc;windows/App/GraphCanvas.hpp;windows/App/GraphWorkflowWindow.hpp;windows/App/GraphWorkflowActions.inc;windows/Session/GraphOperations.cpp;editor/GraphEditing.cpp;mac/App/SignalGraphEditor.swift,Surface exists; individual command equivalence and availability require A16 (not a one-to-one shortcut mapping),P5,A01/A10/A11/A12,Use semantic action ID and Windows context/shortcut precedence; preserve local text editing and held musical keys,Not executed,windows/Session/GraphOperations.cpp:282; windows/Session/GraphOperations.cpp:365; windows/Session/GraphOperations.cpp:207,Token matches locate candidate controls; no command parity claim
254,Audio & modulation graph / Graph / Group selection,ctrl+g,graph.groupSelection,graph,windows/App/GraphEditor.inc;windows/App/GraphCanvas.hpp;windows/App/GraphWorkflowWindow.hpp;windows/App/GraphWorkflowActions.inc;windows/Session/GraphOperations.cpp;editor/GraphEditing.cpp;mac/App/SignalGraphEditor.swift,Surface exists; individual command equivalence and availability require A16 (not a one-to-one shortcut mapping),P5,A01/A10/A11/A12,Use semantic action ID and Windows context/shortcut precedence; preserve local text editing and held musical keys,Not executed,windows/Session/GraphOperations.cpp:142; windows/Session/GraphOperations.cpp:141; windows/Session/GraphOperations.cpp:540,Token matches locate candidate controls; no command parity claim
255,Audio & modulation graph / Graph / Ungroup,ctrl+opt+g,graph.ungroup,graph,windows/App/GraphEditor.inc;windows/App/GraphCanvas.hpp;windows/App/GraphWorkflowWindow.hpp;windows/App/GraphWorkflowActions.inc;windows/Session/GraphOperations.cpp;editor/GraphEditing.cpp;mac/App/SignalGraphEditor.swift,Surface exists; individual command equivalence and availability require A16 (not a one-to-one shortcut mapping),P5,A01/A10/A11/A12,Use semantic action ID and Windows context/shortcut precedence; preserve local text editing and held musical keys,Not executed,,Token matches locate candidate controls; no command parity claim
256,Audio & modulation graph / Graph / Group dry paths…,,graph.groupDryPaths,graph,windows/App/GraphEditor.inc;windows/App/GraphCanvas.hpp;windows/App/GraphWorkflowWindow.hpp;windows/App/GraphWorkflowActions.inc;windows/Session/GraphOperations.cpp;editor/GraphEditing.cpp;mac/App/SignalGraphEditor.swift,Surface exists; individual command equivalence and availability require A16 (not a one-to-one shortcut mapping),P5,A01/A10/A11/A12,Use semantic action ID and Windows context/shortcut precedence; preserve local text editing and held musical keys,Not executed,windows/Session/GraphOperations.cpp:540; windows/Session/GraphOperations.cpp:515; windows/Session/GraphOperations.cpp:451,Token matches locate candidate controls; no command parity claim
257,Audio & modulation graph / Graph / Save to subgraph library…,,graph.exportGroup,graph,windows/App/GraphEditor.inc;windows/App/GraphCanvas.hpp;windows/App/GraphWorkflowWindow.hpp;windows/App/GraphWorkflowActions.inc;windows/Session/GraphOperations.cpp;editor/GraphEditing.cpp;mac/App/SignalGraphEditor.swift,Surface exists; individual command equivalence and availability require A16 (not a one-to-one shortcut mapping),P5,A01/A10/A11/A12,Use semantic action ID and Windows context/shortcut precedence; preserve local text editing and held musical keys,Not executed,windows/Session/GraphOperations.cpp:207; windows/Session/GraphOperations.cpp:180; windows/Session/GraphOperations.cpp:365,Token matches locate candidate controls; no command parity claim
258,Audio & modulation graph / Graph / Clone subgraph,,graph.cloneGroup,graph,windows/App/GraphEditor.inc;windows/App/GraphCanvas.hpp;windows/App/GraphWorkflowWindow.hpp;windows/App/GraphWorkflowActions.inc;windows/Session/GraphOperations.cpp;editor/GraphEditing.cpp;mac/App/SignalGraphEditor.swift,Surface exists; individual command equivalence and availability require A16 (not a one-to-one shortcut mapping),P5,A01/A10/A11/A12,Use semantic action ID and Windows context/shortcut precedence; preserve local text editing and held musical keys,Not executed,windows/Session/GraphOperations.cpp:365; windows/Session/GraphOperations.cpp:286; windows/Session/GraphOperations.cpp:282,Token matches locate candidate controls; no command parity claim
259,Audio & modulation graph / Graph / Restore assigned instrument notes…,,graph.restoreNoteAssignment,graph,windows/App/GraphEditor.inc;windows/App/GraphCanvas.hpp;windows/App/GraphWorkflowWindow.hpp;windows/App/GraphWorkflowActions.inc;windows/Session/GraphOperations.cpp;editor/GraphEditing.cpp;mac/App/SignalGraphEditor.swift,Surface exists; individual command equivalence and availability require A16 (not a one-to-one shortcut mapping),P5,A01/A10/A11/A12,Use semantic action ID and Windows context/shortcut precedence; preserve local text editing and held musical keys,Not executed,windows/Session/GraphOperations.cpp:427; windows/Session/GraphOperations.cpp:426; windows/Session/GraphOperations.cpp:421,Token matches locate candidate controls; no command parity claim
260,Audio & modulation graph / Graph / Use instrument sample mapping…,,graph.noteSampleMapping,graph,windows/App/GraphEditor.inc;windows/App/GraphCanvas.hpp;windows/App/GraphWorkflowWindow.hpp;windows/App/GraphWorkflowActions.inc;windows/Session/GraphOperations.cpp;editor/GraphEditing.cpp;mac/App/SignalGraphEditor.swift,Surface exists; individual command equivalence and availability require A16 (not a one-to-one shortcut mapping),P5,A01/A10/A11/A12,Use semantic action ID and Windows context/shortcut precedence; preserve local text editing and held musical keys,Not executed,windows/Session/GraphOperations.cpp:429; windows/Session/GraphOperations.cpp:427; windows/Session/GraphOperations.cpp:426,Token matches locate candidate controls; no command parity claim
261,Audio & modulation graph / Graph / Assign plugin to note instrument…,,graph.noteAssignPlugin,graph,windows/App/GraphEditor.inc;windows/App/GraphCanvas.hpp;windows/App/GraphWorkflowWindow.hpp;windows/App/GraphWorkflowActions.inc;windows/Session/GraphOperations.cpp;editor/GraphEditing.cpp;mac/App/SignalGraphEditor.swift,Surface exists; individual command equivalence and availability require A16 (not a one-to-one shortcut mapping),P5,A01/A10/A11/A12,Use semantic action ID and Windows context/shortcut precedence; preserve local text editing and held musical keys,Not executed,windows/Session/GraphOperations.cpp:142; windows/Session/GraphOperations.cpp:420; windows/Session/GraphOperations.cpp:419,Token matches locate candidate controls; no command parity claim
262,Audio & modulation graph / Graph / Make use independent…,,graph.makeIndependent,graph,windows/App/GraphEditor.inc;windows/App/GraphCanvas.hpp;windows/App/GraphWorkflowWindow.hpp;windows/App/GraphWorkflowActions.inc;windows/Session/GraphOperations.cpp;editor/GraphEditing.cpp;mac/App/SignalGraphEditor.swift,Surface exists; individual command equivalence and availability require A16 (not a one-to-one shortcut mapping),P5,A01/A10/A11/A12,Use semantic action ID and Windows context/shortcut precedence; preserve local text editing and held musical keys,Not executed,windows/App/GraphWorkflowWindow.hpp:91,Token matches locate candidate controls; no command parity claim
263,Audio & modulation graph / Graph / Add modulation source / Pattern envelope,,graph.sourceAutomation,graph,windows/App/GraphEditor.inc;windows/App/GraphCanvas.hpp;windows/App/GraphWorkflowWindow.hpp;windows/App/GraphWorkflowActions.inc;windows/Session/GraphOperations.cpp;editor/GraphEditing.cpp;mac/App/SignalGraphEditor.swift,Surface exists; individual command equivalence and availability require A16 (not a one-to-one shortcut mapping),P5,A01/A10/A11/A12,Use semantic action ID and Windows context/shortcut precedence; preserve local text editing and held musical keys,Not executed,windows/Session/GraphOperations.cpp:501; windows/Session/GraphOperations.cpp:500; windows/Session/GraphOperations.cpp:495,Token matches locate candidate controls; no command parity claim
264,Audio & modulation graph / Graph / Add modulation source / LFO,,graph.sourceLFO,graph,windows/App/GraphEditor.inc;windows/App/GraphCanvas.hpp;windows/App/GraphWorkflowWindow.hpp;windows/App/GraphWorkflowActions.inc;windows/Session/GraphOperations.cpp;editor/GraphEditing.cpp;mac/App/SignalGraphEditor.swift,Surface exists; individual command equivalence and availability require A16 (not a one-to-one shortcut mapping),P5,A01/A10/A11/A12,Use semantic action ID and Windows context/shortcut precedence; preserve local text editing and held musical keys,Not executed,windows/Session/GraphOperations.cpp:355; windows/App/GraphEditor.inc:251; windows/App/GraphEditor.inc:29,Token matches locate candidate controls; no command parity claim
265,Audio & modulation graph / Graph / Add modulation source / Audio follower,,graph.sourceFollower,graph,windows/App/GraphEditor.inc;windows/App/GraphCanvas.hpp;windows/App/GraphWorkflowWindow.hpp;windows/App/GraphWorkflowActions.inc;windows/Session/GraphOperations.cpp;editor/GraphEditing.cpp;mac/App/SignalGraphEditor.swift,Surface exists; individual command equivalence and availability require A16 (not a one-to-one shortcut mapping),P5,A01/A10/A11/A12,Use semantic action ID and Windows context/shortcut precedence; preserve local text editing and held musical keys,Not executed,windows/Session/GraphOperations.cpp:405; windows/App/GraphEditor.inc:251; windows/Session/GraphOperations.cpp:401,Token matches locate candidate controls; no command parity claim
266,Audio & modulation graph / Graph / Add modulation source / Random,,graph.sourceRandom,graph,windows/App/GraphEditor.inc;windows/App/GraphCanvas.hpp;windows/App/GraphWorkflowWindow.hpp;windows/App/GraphWorkflowActions.inc;windows/Session/GraphOperations.cpp;editor/GraphEditing.cpp;mac/App/SignalGraphEditor.swift,Surface exists; individual command equivalence and availability require A16 (not a one-to-one shortcut mapping),P5,A01/A10/A11/A12,Use semantic action ID and Windows context/shortcut precedence; preserve local text editing and held musical keys,Not executed,windows/Session/GraphOperations.cpp:355; windows/App/GraphEditor.inc:251; windows/App/GraphEditor.inc:29,Token matches locate candidate controls; no command parity claim
267,Audio & modulation graph / Graph / Add modulation source / Note envelope,,graph.sourceNote,graph,windows/App/GraphEditor.inc;windows/App/GraphCanvas.hpp;windows/App/GraphWorkflowWindow.hpp;windows/App/GraphWorkflowActions.inc;windows/Session/GraphOperations.cpp;editor/GraphEditing.cpp;mac/App/SignalGraphEditor.swift,Surface exists; individual command equivalence and availability require A16 (not a one-to-one shortcut mapping),P5,A01/A10/A11/A12,Use semantic action ID and Windows context/shortcut precedence; preserve local text editing and held musical keys,Not executed,windows/Session/GraphOperations.cpp:355; windows/App/GraphEditor.inc:251; windows/App/GraphEditor.inc:29,Token matches locate candidate controls; no command parity claim
268,Audio & modulation graph / Graph / Add modulation source / MIDI controller,,graph.sourceMIDI,graph,windows/App/GraphEditor.inc;windows/App/GraphCanvas.hpp;windows/App/GraphWorkflowWindow.hpp;windows/App/GraphWorkflowActions.inc;windows/Session/GraphOperations.cpp;editor/GraphEditing.cpp;mac/App/SignalGraphEditor.swift,Surface exists; individual command equivalence and availability require A16 (not a one-to-one shortcut mapping),P5,A01/A10/A11/A12,Use semantic action ID and Windows context/shortcut precedence; preserve local text editing and held musical keys,Not executed,windows/App/GraphEditor.inc:30; windows/Session/GraphOperations.cpp:355; windows/Session/GraphOperations.cpp:88,Token matches locate candidate controls; no command parity claim
269,Audio & modulation graph / Graph / Add modulation source / Amount,,graph.sourceAmount,graph,windows/App/GraphEditor.inc;windows/App/GraphCanvas.hpp;windows/App/GraphWorkflowWindow.hpp;windows/App/GraphWorkflowActions.inc;windows/Session/GraphOperations.cpp;editor/GraphEditing.cpp;mac/App/SignalGraphEditor.swift,Surface exists; individual command equivalence and availability require A16 (not a one-to-one shortcut mapping),P5,A01/A10/A11/A12,Use semantic action ID and Windows context/shortcut precedence; preserve local text editing and held musical keys,Not executed,windows/Session/GraphOperations.cpp:464; windows/Session/GraphOperations.cpp:423; windows/Session/GraphOperations.cpp:421,Token matches locate candidate controls; no command parity claim
270,Audio & modulation graph / Graph / Patch by keyboard…,,graph.patch,graph,windows/App/GraphEditor.inc;windows/App/GraphCanvas.hpp;windows/App/GraphWorkflowWindow.hpp;windows/App/GraphWorkflowActions.inc;windows/Session/GraphOperations.cpp;editor/GraphEditing.cpp;mac/App/SignalGraphEditor.swift,Surface exists; individual command equivalence and availability require A16 (not a one-to-one shortcut mapping),P5,A01/A10/A11/A12,Use semantic action ID and Windows context/shortcut precedence; preserve local text editing and held musical keys,Not executed,,Token matches locate candidate controls; no command parity claim
271,Audio & modulation graph / Graph / Move insert chain…,,graph.moveInsertChain,graph,windows/App/GraphEditor.inc;windows/App/GraphCanvas.hpp;windows/App/GraphWorkflowWindow.hpp;windows/App/GraphWorkflowActions.inc;windows/Session/GraphOperations.cpp;editor/GraphEditing.cpp;mac/App/SignalGraphEditor.swift,Surface exists; individual command equivalence and availability require A16 (not a one-to-one shortcut mapping),P5,A01/A10/A11/A12,Use semantic action ID and Windows context/shortcut precedence; preserve local text editing and held musical keys,Not executed,windows/Session/GraphOperations.cpp:540; windows/Session/GraphOperations.cpp:516; windows/Session/GraphOperations.cpp:379,Token matches locate candidate controls; no command parity claim
272,Audio & modulation graph / Graph / Add compatible node / quiet send…,,graph.portAdd,graph,windows/App/GraphEditor.inc;windows/App/GraphCanvas.hpp;windows/App/GraphWorkflowWindow.hpp;windows/App/GraphWorkflowActions.inc;windows/Session/GraphOperations.cpp;editor/GraphEditing.cpp;mac/App/SignalGraphEditor.swift,Surface exists; individual command equivalence and availability require A16 (not a one-to-one shortcut mapping),P5,A01/A10/A11/A12,Use semantic action ID and Windows context/shortcut precedence; preserve local text editing and held musical keys,Not executed,windows/Session/GraphOperations.cpp:234,Token matches locate candidate controls; no command parity claim
273,Audio & modulation graph / Graph / Show sources…,,graph.portSources,graph,windows/App/GraphEditor.inc;windows/App/GraphCanvas.hpp;windows/App/GraphWorkflowWindow.hpp;windows/App/GraphWorkflowActions.inc;windows/Session/GraphOperations.cpp;editor/GraphEditing.cpp;mac/App/SignalGraphEditor.swift,Surface exists; individual command equivalence and availability require A16 (not a one-to-one shortcut mapping),P5,A01/A10/A11/A12,Use semantic action ID and Windows context/shortcut precedence; preserve local text editing and held musical keys,Not executed,windows/Session/GraphOperations.cpp:254; windows/Session/GraphOperations.cpp:115; windows/Session/GraphOperations.cpp:70,Token matches locate candidate controls; no command parity claim
274,Audio & modulation graph / Graph / Show targets…,,graph.portTargets,graph,windows/App/GraphEditor.inc;windows/App/GraphCanvas.hpp;windows/App/GraphWorkflowWindow.hpp;windows/App/GraphWorkflowActions.inc;windows/Session/GraphOperations.cpp;editor/GraphEditing.cpp;mac/App/SignalGraphEditor.swift,Surface exists; individual command equivalence and availability require A16 (not a one-to-one shortcut mapping),P5,A01/A10/A11/A12,Use semantic action ID and Windows context/shortcut precedence; preserve local text editing and held musical keys,Not executed,,Token matches locate candidate controls; no command parity claim
275,Audio & modulation graph / Graph / Show cable source,,graph.cableSource,graph,windows/App/GraphEditor.inc;windows/App/GraphCanvas.hpp;windows/App/GraphWorkflowWindow.hpp;windows/App/GraphWorkflowActions.inc;windows/Session/GraphOperations.cpp;editor/GraphEditing.cpp;mac/App/SignalGraphEditor.swift,Surface exists; individual command equivalence and availability require A16 (not a one-to-one shortcut mapping),P5,A01/A10/A11/A12,Use semantic action ID and Windows context/shortcut precedence; preserve local text editing and held musical keys,Not executed,windows/App/GraphWorkflowActions.inc:53; windows/App/GraphWorkflowActions.inc:17; windows/Session/GraphOperations.cpp:493,Token matches locate candidate controls; no command parity claim
276,Audio & modulation graph / Graph / Show cable target,,graph.cableTarget,graph,windows/App/GraphEditor.inc;windows/App/GraphCanvas.hpp;windows/App/GraphWorkflowWindow.hpp;windows/App/GraphWorkflowActions.inc;windows/Session/GraphOperations.cpp;editor/GraphEditing.cpp;mac/App/SignalGraphEditor.swift,Surface exists; individual command equivalence and availability require A16 (not a one-to-one shortcut mapping),P5,A01/A10/A11/A12,Use semantic action ID and Windows context/shortcut precedence; preserve local text editing and held musical keys,Not executed,windows/App/GraphWorkflowActions.inc:53; windows/Session/GraphOperations.cpp:475; windows/Session/GraphOperations.cpp:474,Token matches locate candidate controls; no command parity claim
277,Audio & modulation graph / Graph / Back to connection,,graph.backToCable,graph,windows/App/GraphEditor.inc;windows/App/GraphCanvas.hpp;windows/App/GraphWorkflowWindow.hpp;windows/App/GraphWorkflowActions.inc;windows/Session/GraphOperations.cpp;editor/GraphEditing.cpp;mac/App/SignalGraphEditor.swift,Surface exists; individual command equivalence and availability require A16 (not a one-to-one shortcut mapping),P5,A01/A10/A11/A12,Use semantic action ID and Windows context/shortcut precedence; preserve local text editing and held musical keys,Not executed,windows/App/GraphWorkflowActions.inc:53; windows/App/GraphEditor.inc:148; windows/Session/GraphOperations.cpp:518,Token matches locate candidate controls; no command parity claim
278,Audio & modulation graph / Graph / Advanced numeric patching…,,graph.advancedPatch,graph,windows/App/GraphEditor.inc;windows/App/GraphCanvas.hpp;windows/App/GraphWorkflowWindow.hpp;windows/App/GraphWorkflowActions.inc;windows/Session/GraphOperations.cpp;editor/GraphEditing.cpp;mac/App/SignalGraphEditor.swift,Surface exists; individual command equivalence and availability require A16 (not a one-to-one shortcut mapping),P5,A01/A10/A11/A12,Use semantic action ID and Windows context/shortcut precedence; preserve local text editing and held musical keys,Not executed,windows/App/GraphWorkflowWindow.hpp:46; windows/App/GraphWorkflowActions.inc:7,Token matches locate candidate controls; no command parity claim
279,Audio & modulation graph / Graph / Cut cables…,,graph.cut,graph,windows/App/GraphEditor.inc;windows/App/GraphCanvas.hpp;windows/App/GraphWorkflowWindow.hpp;windows/App/GraphWorkflowActions.inc;windows/Session/GraphOperations.cpp;editor/GraphEditing.cpp;mac/App/SignalGraphEditor.swift,Surface exists; individual command equivalence and availability require A16 (not a one-to-one shortcut mapping),P5,A01/A10/A11/A12,Use semantic action ID and Windows context/shortcut precedence; preserve local text editing and held musical keys,Not executed,windows/Session/GraphOperations.cpp:231; windows/Session/GraphOperations.cpp:214; windows/Session/GraphOperations.cpp:142,Token matches locate candidate controls; no command parity claim
280,Audio & modulation graph / Graph / Reconnect cut main input/output…,,graph.reconnectMain,graph,windows/App/GraphEditor.inc;windows/App/GraphCanvas.hpp;windows/App/GraphWorkflowWindow.hpp;windows/App/GraphWorkflowActions.inc;windows/Session/GraphOperations.cpp;editor/GraphEditing.cpp;mac/App/SignalGraphEditor.swift,Surface exists; individual command equivalence and availability require A16 (not a one-to-one shortcut mapping),P5,A01/A10/A11/A12,Use semantic action ID and Windows context/shortcut precedence; preserve local text editing and held musical keys,Not executed,windows/Session/GraphOperations.cpp:525; windows/Session/GraphOperations.cpp:390; windows/Session/GraphOperations.cpp:379,Token matches locate candidate controls; no command parity claim
281,Audio & modulation graph / Graph / Cut Master output,,graph.cutMasterOutput,graph,windows/App/GraphEditor.inc;windows/App/GraphCanvas.hpp;windows/App/GraphWorkflowWindow.hpp;windows/App/GraphWorkflowActions.inc;windows/Session/GraphOperations.cpp;editor/GraphEditing.cpp;mac/App/SignalGraphEditor.swift,Surface exists; individual command equivalence and availability require A16 (not a one-to-one shortcut mapping),P5,A01/A10/A11/A12,Use semantic action ID and Windows context/shortcut precedence; preserve local text editing and held musical keys,Not executed,windows/Session/GraphOperations.cpp:236; windows/Session/GraphOperations.cpp:525; windows/Session/GraphOperations.cpp:447,Token matches locate candidate controls; no command parity claim
282,Audio & modulation graph / Graph / Detach and reconnect,,graph.detach,graph,windows/App/GraphEditor.inc;windows/App/GraphCanvas.hpp;windows/App/GraphWorkflowWindow.hpp;windows/App/GraphWorkflowActions.inc;windows/Session/GraphOperations.cpp;editor/GraphEditing.cpp;mac/App/SignalGraphEditor.swift,Surface exists; individual command equivalence and availability require A16 (not a one-to-one shortcut mapping),P5,A01/A10/A11/A12,Use semantic action ID and Windows context/shortcut precedence; preserve local text editing and held musical keys,Not executed,windows/Session/GraphOperations.cpp:507; windows/Session/GraphOperations.cpp:142; windows/App/GraphWorkflowActions.inc:9,Token matches locate candidate controls; no command parity claim
283,Audio & modulation graph / Graph / Delete and reconnect,ctrl+x,graph.deleteHeal,graph,windows/App/GraphEditor.inc;windows/App/GraphCanvas.hpp;windows/App/GraphWorkflowWindow.hpp;windows/App/GraphWorkflowActions.inc;windows/Session/GraphOperations.cpp;editor/GraphEditing.cpp;mac/App/SignalGraphEditor.swift,Surface exists; individual command equivalence and availability require A16 (not a one-to-one shortcut mapping),P5,A01/A10/A11/A12,Use semantic action ID and Windows context/shortcut precedence; preserve local text editing and held musical keys,Not executed,windows/App/GraphEditor.inc:23; windows/App/GraphEditor.inc:21,Token matches locate candidate controls; no command parity claim
284,Audio & modulation graph / Graph / Arrange selection,,graph.arrangeSelection,graph,windows/App/GraphEditor.inc;windows/App/GraphCanvas.hpp;windows/App/GraphWorkflowWindow.hpp;windows/App/GraphWorkflowActions.inc;windows/Session/GraphOperations.cpp;editor/GraphEditing.cpp;mac/App/SignalGraphEditor.swift,Surface exists; individual command equivalence and availability require A16 (not a one-to-one shortcut mapping),P5,A01/A10/A11/A12,Use semantic action ID and Windows context/shortcut precedence; preserve local text editing and held musical keys,Not executed,windows/Session/GraphOperations.cpp:217; windows/Session/GraphOperations.cpp:216; windows/Session/GraphOperations.cpp:214,Token matches locate candidate controls; no command parity claim
285,Audio & modulation graph / Graph / Arrange all visible nodes,,graph.arrange,graph,windows/App/GraphEditor.inc;windows/App/GraphCanvas.hpp;windows/App/GraphWorkflowWindow.hpp;windows/App/GraphWorkflowActions.inc;windows/Session/GraphOperations.cpp;editor/GraphEditing.cpp;mac/App/SignalGraphEditor.swift,Surface exists; individual command equivalence and availability require A16 (not a one-to-one shortcut mapping),P5,A01/A10/A11/A12,Use semantic action ID and Windows context/shortcut precedence; preserve local text editing and held musical keys,Not executed,windows/Session/GraphOperations.cpp:515; windows/App/GraphWorkflowActions.inc:20; windows/App/GraphEditor.inc:322,Token matches locate candidate controls; no command parity claim
286,Audio & modulation graph / Graph / Zoom in,,graph.zoomIn,graph,windows/App/GraphEditor.inc;windows/App/GraphCanvas.hpp;windows/App/GraphWorkflowWindow.hpp;windows/App/GraphWorkflowActions.inc;windows/Session/GraphOperations.cpp;editor/GraphEditing.cpp;mac/App/SignalGraphEditor.swift,Surface exists; individual command equivalence and availability require A16 (not a one-to-one shortcut mapping),P5,A01/A10/A11/A12,Use semantic action ID and Windows context/shortcut precedence; preserve local text editing and held musical keys,Not executed,windows/App/GraphEditor.inc:322; windows/App/GraphEditor.inc:275; windows/App/GraphCanvas.hpp:70,Token matches locate candidate controls; no command parity claim
287,Audio & modulation graph / Graph / Zoom out,,graph.zoomOut,graph,windows/App/GraphEditor.inc;windows/App/GraphCanvas.hpp;windows/App/GraphWorkflowWindow.hpp;windows/App/GraphWorkflowActions.inc;windows/Session/GraphOperations.cpp;editor/GraphEditing.cpp;mac/App/SignalGraphEditor.swift,Surface exists; individual command equivalence and availability require A16 (not a one-to-one shortcut mapping),P5,A01/A10/A11/A12,Use semantic action ID and Windows context/shortcut precedence; preserve local text editing and held musical keys,Not executed,windows/App/GraphWorkflowWindow.hpp:61; windows/App/GraphEditor.inc:322; windows/App/GraphEditor.inc:275,Token matches locate candidate controls; no command parity claim
288,Audio & modulation graph / Graph / Reload graph,,graph.reload,graph,windows/App/GraphEditor.inc;windows/App/GraphCanvas.hpp;windows/App/GraphWorkflowWindow.hpp;windows/App/GraphWorkflowActions.inc;windows/Session/GraphOperations.cpp;editor/GraphEditing.cpp;mac/App/SignalGraphEditor.swift,Surface exists; individual command equivalence and availability require A16 (not a one-to-one shortcut mapping),P5,A01/A10/A11/A12,Use semantic action ID and Windows context/shortcut precedence; preserve local text editing and held musical keys,Not executed,windows/App/GraphWorkflowWindow.hpp:117; windows/App/GraphWorkflowWindow.hpp:108; windows/App/GraphWorkflowWindow.hpp:79,Token matches locate candidate controls; no command parity claim
289,Audio & modulation graph / Stop listening,,Audio & modulation graph / Stop listening/invoke,graph,windows/App/GraphEditor.inc;windows/App/GraphCanvas.hpp;windows/App/GraphWorkflowWindow.hpp;windows/App/GraphWorkflowActions.inc;windows/Session/GraphOperations.cpp;editor/GraphEditing.cpp;mac/App/SignalGraphEditor.swift,Surface exists; individual command equivalence and availability require A16 (not a one-to-one shortcut mapping),P5,A01/A10/A11/A12,Use semantic action ID and Windows context/shortcut precedence; preserve local text editing and held musical keys,Not executed,windows/App/GraphWorkflowWindow.hpp:46; windows/App/GraphWorkflowActions.inc:37,Token matches locate candidate controls; no command parity claim
290,Audio & modulation graph / Clear filters,,Audio & modulation graph / Clear filters/invoke,graph,windows/App/GraphEditor.inc;windows/App/GraphCanvas.hpp;windows/App/GraphWorkflowWindow.hpp;windows/App/GraphWorkflowActions.inc;windows/Session/GraphOperations.cpp;editor/GraphEditing.cpp;mac/App/SignalGraphEditor.swift,Surface exists; individual command equivalence and availability require A16 (not a one-to-one shortcut mapping),P5,A01/A10/A11/A12,Use semantic action ID and Windows context/shortcut precedence; preserve local text editing and held musical keys,Not executed,windows/Session/GraphOperations.cpp:466; windows/Session/GraphOperations.cpp:451; windows/Session/GraphOperations.cpp:445,Token matches locate candidate controls; no command parity claim
291,Audio & modulation graph / Close,,Audio & modulation graph / Close/invoke,graph,windows/App/GraphEditor.inc;windows/App/GraphCanvas.hpp;windows/App/GraphWorkflowWindow.hpp;windows/App/GraphWorkflowActions.inc;windows/Session/GraphOperations.cpp;editor/GraphEditing.cpp;mac/App/SignalGraphEditor.swift,Surface exists; individual command equivalence and availability require A16 (not a one-to-one shortcut mapping),P5,A01/A10/A11/A12,Use semantic action ID and Windows context/shortcut precedence; preserve local text editing and held musical keys,Not executed,windows/App/GraphWorkflowActions.inc:47; windows/App/GraphEditor.inc:247; windows/App/GraphEditor.inc:24,Token matches locate candidate controls; no command parity claim
292,Audio & modulation graph / Enabled,,Audio & modulation graph / Enabled/invoke,graph,windows/App/GraphEditor.inc;windows/App/GraphCanvas.hpp;windows/App/GraphWorkflowWindow.hpp;windows/App/GraphWorkflowActions.inc;windows/Session/GraphOperations.cpp;editor/GraphEditing.cpp;mac/App/SignalGraphEditor.swift,Surface exists; individual command equivalence and availability require A16 (not a one-to-one shortcut mapping),P5,A01/A10/A11/A12,Use semantic action ID and Windows context/shortcut precedence; preserve local text editing and held musical keys,Not executed,windows/Session/GraphOperations.cpp:501; windows/Session/GraphOperations.cpp:496; windows/Session/GraphOperations.cpp:489,Token matches locate candidate controls; no command parity claim
293,Audio & modulation graph / −,,Audio & modulation graph / −/invoke,graph,windows/App/GraphEditor.inc;windows/App/GraphCanvas.hpp;windows/App/GraphWorkflowWindow.hpp;windows/App/GraphWorkflowActions.inc;windows/Session/GraphOperations.cpp;editor/GraphEditing.cpp;mac/App/SignalGraphEditor.swift,Surface exists; individual command equivalence and availability require A16 (not a one-to-one shortcut mapping),P5,A01/A10/A11/A12,Use semantic action ID and Windows context/shortcut precedence; preserve local text editing and held musical keys,Not executed,,Token matches locate candidate controls; no command parity claim
294,Audio & modulation graph / +,,Audio & modulation graph / +/invoke,graph,windows/App/GraphEditor.inc;windows/App/GraphCanvas.hpp;windows/App/GraphWorkflowWindow.hpp;windows/App/GraphWorkflowActions.inc;windows/Session/GraphOperations.cpp;editor/GraphEditing.cpp;mac/App/SignalGraphEditor.swift,Surface exists; individual command equivalence and availability require A16 (not a one-to-one shortcut mapping),P5,A01/A10/A11/A12,Use semantic action ID and Windows context/shortcut precedence; preserve local text editing and held musical keys,Not executed,,Token matches locate candidate controls; no command parity claim
295,Audio & modulation graph / Fit,,Audio & modulation graph / Fit/invoke,graph,windows/App/GraphEditor.inc;windows/App/GraphCanvas.hpp;windows/App/GraphWorkflowWindow.hpp;windows/App/GraphWorkflowActions.inc;windows/Session/GraphOperations.cpp;editor/GraphEditing.cpp;mac/App/SignalGraphEditor.swift,Surface exists; individual command equivalence and availability require A16 (not a one-to-one shortcut mapping),P5,A01/A10/A11/A12,Use semantic action ID and Windows context/shortcut precedence; preserve local text editing and held musical keys,Not executed,windows/App/GraphEditor.inc:251; windows/App/GraphEditor.inc:248; windows/App/GraphEditor.inc:240,Token matches locate candidate controls; no command parity claim
296,Audio & modulation graph / Expand…,,Audio & modulation graph / Expand…/invoke,graph,windows/App/GraphEditor.inc;windows/App/GraphCanvas.hpp;windows/App/GraphWorkflowWindow.hpp;windows/App/GraphWorkflowActions.inc;windows/Session/GraphOperations.cpp;editor/GraphEditing.cpp;mac/App/SignalGraphEditor.swift,Surface exists; individual command equivalence and availability require A16 (not a one-to-one shortcut mapping),P5,A01/A10/A11/A12,Use semantic action ID and Windows context/shortcut precedence; preserve local text editing and held musical keys,Not executed,windows/App/GraphWorkflowActions.inc:20,Token matches locate candidate controls; no command parity claim
297,Audio & modulation graph / Reference,,Audio & modulation graph / Reference/invoke,graph,windows/App/GraphEditor.inc;windows/App/GraphCanvas.hpp;windows/App/GraphWorkflowWindow.hpp;windows/App/GraphWorkflowActions.inc;windows/Session/GraphOperations.cpp;editor/GraphEditing.cpp;mac/App/SignalGraphEditor.swift,Surface exists; individual command equivalence and availability require A16 (not a one-to-one shortcut mapping),P5,A01/A10/A11/A12,Use semantic action ID and Windows context/shortcut precedence; preserve local text editing and held musical keys,Not executed,,Token matches locate candidate controls; no command parity claim
298,Audio & modulation graph / Bank…,,Audio & modulation graph / Bank…/invoke,graph,windows/App/GraphEditor.inc;windows/App/GraphCanvas.hpp;windows/App/GraphWorkflowWindow.hpp;windows/App/GraphWorkflowActions.inc;windows/Session/GraphOperations.cpp;editor/GraphEditing.cpp;mac/App/SignalGraphEditor.swift,Surface exists; individual command equivalence and availability require A16 (not a one-to-one shortcut mapping),P5,A01/A10/A11/A12,Use semantic action ID and Windows context/shortcut precedence; preserve local text editing and held musical keys,Not executed,,Token matches locate candidate controls; no command parity claim
299,Audio & modulation graph /  / Delete selected point,,Audio & modulation graph /  / Delete selected point/invoke,graph,windows/App/GraphEditor.inc;windows/App/GraphCanvas.hpp;windows/App/GraphWorkflowWindow.hpp;windows/App/GraphWorkflowActions.inc;windows/Session/GraphOperations.cpp;editor/GraphEditing.cpp;mac/App/SignalGraphEditor.swift,Surface exists; individual command equivalence and availability require A16 (not a one-to-one shortcut mapping),P5,A01/A10/A11/A12,Use semantic action ID and Windows context/shortcut precedence; preserve local text editing and held musical keys,Not executed,windows/App/GraphWorkflowActions.inc:28; windows/App/GraphEditor.inc:23; windows/App/GraphEditor.inc:21,Token matches locate candidate controls; no command parity claim
300,Audio & modulation graph /  / Create rising ramp,,Audio & modulation graph /  / Create rising ramp/invoke,graph,windows/App/GraphEditor.inc;windows/App/GraphCanvas.hpp;windows/App/GraphWorkflowWindow.hpp;windows/App/GraphWorkflowActions.inc;windows/Session/GraphOperations.cpp;editor/GraphEditing.cpp;mac/App/SignalGraphEditor.swift,Surface exists; individual command equivalence and availability require A16 (not a one-to-one shortcut mapping),P5,A01/A10/A11/A12,Use semantic action ID and Windows context/shortcut precedence; preserve local text editing and held musical keys,Not executed,windows/Session/GraphOperations.cpp:326; windows/Session/GraphOperations.cpp:313; windows/Session/GraphOperations.cpp:279,Token matches locate candidate controls; no command parity claim
301,Audio & modulation graph /  / Retry saving changes,,Audio & modulation graph /  / Retry saving changes/invoke,graph,windows/App/GraphEditor.inc;windows/App/GraphCanvas.hpp;windows/App/GraphWorkflowWindow.hpp;windows/App/GraphWorkflowActions.inc;windows/Session/GraphOperations.cpp;editor/GraphEditing.cpp;mac/App/SignalGraphEditor.swift,Surface exists; individual command equivalence and availability require A16 (not a one-to-one shortcut mapping),P5,A01/A10/A11/A12,Use semantic action ID and Windows context/shortcut precedence; preserve local text editing and held musical keys,Not executed,windows/Session/GraphOperations.cpp:265; windows/App/GraphWorkflowWindow.hpp:117; windows/App/GraphWorkflowActions.inc:37,Token matches locate candidate controls; no command parity claim
302,Audio & modulation graph /  / Reload / discard pending changes,,Audio & modulation graph /  / Reload / discard pending changes/invoke,graph,windows/App/GraphEditor.inc;windows/App/GraphCanvas.hpp;windows/App/GraphWorkflowWindow.hpp;windows/App/GraphWorkflowActions.inc;windows/Session/GraphOperations.cpp;editor/GraphEditing.cpp;mac/App/SignalGraphEditor.swift,Surface exists; individual command equivalence and availability require A16 (not a one-to-one shortcut mapping),P5,A01/A10/A11/A12,Use semantic action ID and Windows context/shortcut precedence; preserve local text editing and held musical keys,Not executed,windows/App/GraphWorkflowWindow.hpp:142; windows/App/GraphWorkflowWindow.hpp:136; windows/App/GraphWorkflowWindow.hpp:117,Token matches locate candidate controls; no command parity claim
303,Audio & modulation graph / New…,cmd+n,Audio & modulation graph / New…/invoke,graph,windows/App/GraphEditor.inc;windows/App/GraphCanvas.hpp;windows/App/GraphWorkflowWindow.hpp;windows/App/GraphWorkflowActions.inc;windows/Session/GraphOperations.cpp;editor/GraphEditing.cpp;mac/App/SignalGraphEditor.swift,Surface exists; individual command equivalence and availability require A16 (not a one-to-one shortcut mapping),P5,A01/A10/A11/A12,Use semantic action ID and Windows context/shortcut precedence; preserve local text editing and held musical keys,Not executed,windows/Session/GraphOperations.cpp:282; windows/App/GraphEditor.inc:148; windows/App/GraphEditor.inc:45,Token matches locate candidate controls; no command parity claim
304,Audio & modulation graph / Connect,,Audio & modulation graph / Connect/invoke,graph,windows/App/GraphEditor.inc;windows/App/GraphCanvas.hpp;windows/App/GraphWorkflowWindow.hpp;windows/App/GraphWorkflowActions.inc;windows/Session/GraphOperations.cpp;editor/GraphEditing.cpp;mac/App/SignalGraphEditor.swift,Surface exists; individual command equivalence and availability require A16 (not a one-to-one shortcut mapping),P5,A01/A10/A11/A12,Use semantic action ID and Windows context/shortcut precedence; preserve local text editing and held musical keys,Not executed,windows/Session/GraphOperations.cpp:402; windows/Session/GraphOperations.cpp:401; windows/Session/GraphOperations.cpp:384,Token matches locate candidate controls; no command parity claim
305,Audio & modulation graph / Update connection,,Audio & modulation graph / Update connection/invoke,graph,windows/App/GraphEditor.inc;windows/App/GraphCanvas.hpp;windows/App/GraphWorkflowWindow.hpp;windows/App/GraphWorkflowActions.inc;windows/Session/GraphOperations.cpp;editor/GraphEditing.cpp;mac/App/SignalGraphEditor.swift,Surface exists; individual command equivalence and availability require A16 (not a one-to-one shortcut mapping),P5,A01/A10/A11/A12,Use semantic action ID and Windows context/shortcut precedence; preserve local text editing and held musical keys,Not executed,windows/Session/GraphOperations.cpp:142; windows/Session/GraphOperations.cpp:402; windows/Session/GraphOperations.cpp:401,Token matches locate candidate controls; no command parity claim
306,Audio & modulation graph / Remove,,Audio & modulation graph / Remove/invoke,graph,windows/App/GraphEditor.inc;windows/App/GraphCanvas.hpp;windows/App/GraphWorkflowWindow.hpp;windows/App/GraphWorkflowActions.inc;windows/Session/GraphOperations.cpp;editor/GraphEditing.cpp;mac/App/SignalGraphEditor.swift,Surface exists; individual command equivalence and availability require A16 (not a one-to-one shortcut mapping),P5,A01/A10/A11/A12,Use semantic action ID and Windows context/shortcut precedence; preserve local text editing and held musical keys,Not executed,windows/Session/GraphOperations.cpp:522; windows/Session/GraphOperations.cpp:511; windows/Session/GraphOperations.cpp:510,Token matches locate candidate controls; no command parity claim
307,Audio & modulation graph / Edit chain…,,Audio & modulation graph / Edit chain…/invoke,graph,windows/App/GraphEditor.inc;windows/App/GraphCanvas.hpp;windows/App/GraphWorkflowWindow.hpp;windows/App/GraphWorkflowActions.inc;windows/Session/GraphOperations.cpp;editor/GraphEditing.cpp;mac/App/SignalGraphEditor.swift,Surface exists; individual command equivalence and availability require A16 (not a one-to-one shortcut mapping),P5,A01/A10/A11/A12,Use semantic action ID and Windows context/shortcut precedence; preserve local text editing and held musical keys,Not executed,windows/Session/GraphOperations.cpp:371; windows/Session/GraphOperations.cpp:265; windows/App/GraphWorkflowWindow.hpp:101,Token matches locate candidate controls; no command parity claim
308,Audio & modulation graph / Forward notes,,Audio & modulation graph / Forward notes/invoke,graph,windows/App/GraphEditor.inc;windows/App/GraphCanvas.hpp;windows/App/GraphWorkflowWindow.hpp;windows/App/GraphWorkflowActions.inc;windows/Session/GraphOperations.cpp;editor/GraphEditing.cpp;mac/App/SignalGraphEditor.swift,Surface exists; individual command equivalence and availability require A16 (not a one-to-one shortcut mapping),P5,A01/A10/A11/A12,Use semantic action ID and Windows context/shortcut precedence; preserve local text editing and held musical keys,Not executed,,Token matches locate candidate controls; no command parity claim
309,Audio & modulation graph / Quantize to parameter steps,,Audio & modulation graph / Quantize to parameter steps/invoke,graph,windows/App/GraphEditor.inc;windows/App/GraphCanvas.hpp;windows/App/GraphWorkflowWindow.hpp;windows/App/GraphWorkflowActions.inc;windows/Session/GraphOperations.cpp;editor/GraphEditing.cpp;mac/App/SignalGraphEditor.swift,Surface exists; individual command equivalence and availability require A16 (not a one-to-one shortcut mapping),P5,A01/A10/A11/A12,Use semantic action ID and Windows context/shortcut precedence; preserve local text editing and held musical keys,Not executed,windows/Session/GraphOperations.cpp:402; windows/Session/GraphOperations.cpp:401; windows/Session/GraphOperations.cpp:395,Token matches locate candidate controls; no command parity claim
310,Audio & modulation graph / Enabled,,Audio & modulation graph / Enabled/invoke,graph,windows/App/GraphEditor.inc;windows/App/GraphCanvas.hpp;windows/App/GraphWorkflowWindow.hpp;windows/App/GraphWorkflowActions.inc;windows/Session/GraphOperations.cpp;editor/GraphEditing.cpp;mac/App/SignalGraphEditor.swift,Surface exists; individual command equivalence and availability require A16 (not a one-to-one shortcut mapping),P5,A01/A10/A11/A12,Use semantic action ID and Windows context/shortcut precedence; preserve local text editing and held musical keys,Not executed,windows/Session/GraphOperations.cpp:501; windows/Session/GraphOperations.cpp:496; windows/Session/GraphOperations.cpp:489,Token matches locate candidate controls; no command parity claim
311,Audio & modulation graph / Delete unused,,Audio & modulation graph / Delete unused/invoke,graph,windows/App/GraphEditor.inc;windows/App/GraphCanvas.hpp;windows/App/GraphWorkflowWindow.hpp;windows/App/GraphWorkflowActions.inc;windows/Session/GraphOperations.cpp;editor/GraphEditing.cpp;mac/App/SignalGraphEditor.swift,Surface exists; individual command equivalence and availability require A16 (not a one-to-one shortcut mapping),P5,A01/A10/A11/A12,Use semantic action ID and Windows context/shortcut precedence; preserve local text editing and held musical keys,Not executed,windows/App/GraphEditor.inc:23; windows/App/GraphEditor.inc:21,Token matches locate candidate controls; no command parity claim
312,Audio & modulation graph / Edit source…,,Audio & modulation graph / Edit source…/invoke,graph,windows/App/GraphEditor.inc;windows/App/GraphCanvas.hpp;windows/App/GraphWorkflowWindow.hpp;windows/App/GraphWorkflowActions.inc;windows/Session/GraphOperations.cpp;editor/GraphEditing.cpp;mac/App/SignalGraphEditor.swift,Surface exists; individual command equivalence and availability require A16 (not a one-to-one shortcut mapping),P5,A01/A10/A11/A12,Use semantic action ID and Windows context/shortcut precedence; preserve local text editing and held musical keys,Not executed,windows/Session/GraphOperations.cpp:493; windows/Session/GraphOperations.cpp:447; windows/Session/GraphOperations.cpp:446,Token matches locate candidate controls; no command parity claim
313,Audio & modulation graph / Inspect effective value…,,Audio & modulation graph / Inspect effective value…/invoke,graph,windows/App/GraphEditor.inc;windows/App/GraphCanvas.hpp;windows/App/GraphWorkflowWindow.hpp;windows/App/GraphWorkflowActions.inc;windows/Session/GraphOperations.cpp;editor/GraphEditing.cpp;mac/App/SignalGraphEditor.swift,Surface exists; individual command equivalence and availability require A16 (not a one-to-one shortcut mapping),P5,A01/A10/A11/A12,Use semantic action ID and Windows context/shortcut precedence; preserve local text editing and held musical keys,Not executed,windows/Session/GraphOperations.cpp:520; windows/Session/GraphOperations.cpp:514; windows/Session/GraphOperations.cpp:466,Token matches locate candidate controls; no command parity claim
314,Audio & modulation graph / Next sources,,Audio & modulation graph / Next sources/invoke,graph,windows/App/GraphEditor.inc;windows/App/GraphCanvas.hpp;windows/App/GraphWorkflowWindow.hpp;windows/App/GraphWorkflowActions.inc;windows/Session/GraphOperations.cpp;editor/GraphEditing.cpp;mac/App/SignalGraphEditor.swift,Surface exists; individual command equivalence and availability require A16 (not a one-to-one shortcut mapping),P5,A01/A10/A11/A12,Use semantic action ID and Windows context/shortcut precedence; preserve local text editing and held musical keys,Not executed,windows/Session/GraphOperations.cpp:523; windows/Session/GraphOperations.cpp:517; windows/Session/GraphOperations.cpp:508,Token matches locate candidate controls; no command parity claim
315,Audio & modulation graph / Collapse frame,,Audio & modulation graph / Collapse frame/invoke,graph,windows/App/GraphEditor.inc;windows/App/GraphCanvas.hpp;windows/App/GraphWorkflowWindow.hpp;windows/App/GraphWorkflowActions.inc;windows/Session/GraphOperations.cpp;editor/GraphEditing.cpp;mac/App/SignalGraphEditor.swift,Surface exists; individual command equivalence and availability require A16 (not a one-to-one shortcut mapping),P5,A01/A10/A11/A12,Use semantic action ID and Windows context/shortcut precedence; preserve local text editing and held musical keys,Not executed,windows/App/GraphWorkflowActions.inc:24; windows/App/GraphWorkflowActions.inc:20; windows/App/GraphCanvas.hpp:36,Token matches locate candidate controls; no command parity claim
316,"Audio & modulation graph / Remove annotation, keep contents",,"Audio & modulation graph / Remove annotation, keep contents/invoke",graph,windows/App/GraphEditor.inc;windows/App/GraphCanvas.hpp;windows/App/GraphWorkflowWindow.hpp;windows/App/GraphWorkflowActions.inc;windows/Session/GraphOperations.cpp;editor/GraphEditing.cpp;mac/App/SignalGraphEditor.swift,Surface exists; individual command equivalence and availability require A16 (not a one-to-one shortcut mapping),P5,A01/A10/A11/A12,Use semantic action ID and Windows context/shortcut precedence; preserve local text editing and held musical keys,Not executed,windows/Session/GraphOperations.cpp:522; windows/Session/GraphOperations.cpp:511; windows/Session/GraphOperations.cpp:510,Token matches locate candidate controls; no command parity claim
317,Audio & modulation graph / Open interface,,Audio & modulation graph / Open interface/invoke,graph,windows/App/GraphEditor.inc;windows/App/GraphCanvas.hpp;windows/App/GraphWorkflowWindow.hpp;windows/App/GraphWorkflowActions.inc;windows/Session/GraphOperations.cpp;editor/GraphEditing.cpp;mac/App/SignalGraphEditor.swift,Surface exists; individual command equivalence and availability require A16 (not a one-to-one shortcut mapping),P5,A01/A10/A11/A12,Use semantic action ID and Windows context/shortcut precedence; preserve local text editing and held musical keys,Not executed,windows/App/GraphEditor.inc:246; windows/App/GraphEditor.inc:24,Token matches locate candidate controls; no command parity claim
318,Audio & modulation graph / Graph plugin / Reload controls,,Audio & modulation graph / Graph plugin / Reload controls/invoke,graph,windows/App/GraphEditor.inc;windows/App/GraphCanvas.hpp;windows/App/GraphWorkflowWindow.hpp;windows/App/GraphWorkflowActions.inc;windows/Session/GraphOperations.cpp;editor/GraphEditing.cpp;mac/App/SignalGraphEditor.swift,Surface exists; individual command equivalence and availability require A16 (not a one-to-one shortcut mapping),P5,A01/A10/A11/A12,Use semantic action ID and Windows context/shortcut precedence; preserve local text editing and held musical keys,Not executed,windows/App/GraphWorkflowActions.inc:58; windows/App/GraphWorkflowActions.inc:53; windows/App/GraphWorkflowActions.inc:50,Token matches locate candidate controls; no command parity claim
319,Audio & modulation graph / Graph plugin / Update template from custom interface,,Audio & modulation graph / Graph plugin / Update template from custom interface/invoke,graph,windows/App/GraphEditor.inc;windows/App/GraphCanvas.hpp;windows/App/GraphWorkflowWindow.hpp;windows/App/GraphWorkflowActions.inc;windows/Session/GraphOperations.cpp;editor/GraphEditing.cpp;mac/App/SignalGraphEditor.swift,Surface exists; individual command equivalence and availability require A16 (not a one-to-one shortcut mapping),P5,A01/A10/A11/A12,Use semantic action ID and Windows context/shortcut precedence; preserve local text editing and held musical keys,Not executed,windows/Session/GraphOperations.cpp:331; windows/Session/GraphOperations.cpp:304; windows/Session/GraphOperations.cpp:258,Token matches locate candidate controls; no command parity claim
320,Audio & modulation graph / Graph plugin / Close custom interface,,Audio & modulation graph / Graph plugin / Close custom interface/invoke,graph,windows/App/GraphEditor.inc;windows/App/GraphCanvas.hpp;windows/App/GraphWorkflowWindow.hpp;windows/App/GraphWorkflowActions.inc;windows/Session/GraphOperations.cpp;editor/GraphEditing.cpp;mac/App/SignalGraphEditor.swift,Surface exists; individual command equivalence and availability require A16 (not a one-to-one shortcut mapping),P5,A01/A10/A11/A12,Use semantic action ID and Windows context/shortcut precedence; preserve local text editing and held musical keys,Not executed,windows/App/GraphEditor.inc:24; windows/App/GraphWorkflowActions.inc:47; windows/App/GraphEditor.inc:247,Token matches locate candidate controls; no command parity claim
321,Audio & modulation graph / Open interface,,Audio & modulation graph / Open interface/invoke,graph,windows/App/GraphEditor.inc;windows/App/GraphCanvas.hpp;windows/App/GraphWorkflowWindow.hpp;windows/App/GraphWorkflowActions.inc;windows/Session/GraphOperations.cpp;editor/GraphEditing.cpp;mac/App/SignalGraphEditor.swift,Surface exists; individual command equivalence and availability require A16 (not a one-to-one shortcut mapping),P5,A01/A10/A11/A12,Use semantic action ID and Windows context/shortcut precedence; preserve local text editing and held musical keys,Not executed,windows/App/GraphEditor.inc:246; windows/App/GraphEditor.inc:24,Token matches locate candidate controls; no command parity claim
322,Audio & modulation graph / Reset,,Audio & modulation graph / Reset/invoke,graph,windows/App/GraphEditor.inc;windows/App/GraphCanvas.hpp;windows/App/GraphWorkflowWindow.hpp;windows/App/GraphWorkflowActions.inc;windows/Session/GraphOperations.cpp;editor/GraphEditing.cpp;mac/App/SignalGraphEditor.swift,Surface exists; individual command equivalence and availability require A16 (not a one-to-one shortcut mapping),P5,A01/A10/A11/A12,Use semantic action ID and Windows context/shortcut precedence; preserve local text editing and held musical keys,Not executed,windows/Session/GraphOperations.cpp:451; windows/Session/GraphOperations.cpp:450; windows/App/GraphEditor.inc:288,Token matches locate candidate controls; no command parity claim
323,Audio & modulation graph / Apply,,Audio & modulation graph / Apply/invoke,graph,windows/App/GraphEditor.inc;windows/App/GraphCanvas.hpp;windows/App/GraphWorkflowWindow.hpp;windows/App/GraphWorkflowActions.inc;windows/Session/GraphOperations.cpp;editor/GraphEditing.cpp;mac/App/SignalGraphEditor.swift,Surface exists; individual command equivalence and availability require A16 (not a one-to-one shortcut mapping),P5,A01/A10/A11/A12,Use semantic action ID and Windows context/shortcut precedence; preserve local text editing and held musical keys,Not executed,windows/App/GraphWorkflowWindow.hpp:117; windows/App/GraphWorkflowWindow.hpp:50; windows/App/GraphWorkflowActions.inc:47,Token matches locate candidate controls; no command parity claim
324,Audio & modulation graph / Use connected detector (Auto),,Audio & modulation graph / Use connected detector (Auto)/invoke,graph,windows/App/GraphEditor.inc;windows/App/GraphCanvas.hpp;windows/App/GraphWorkflowWindow.hpp;windows/App/GraphWorkflowActions.inc;windows/Session/GraphOperations.cpp;editor/GraphEditing.cpp;mac/App/SignalGraphEditor.swift,Surface exists; individual command equivalence and availability require A16 (not a one-to-one shortcut mapping),P5,A01/A10/A11/A12,Use semantic action ID and Windows context/shortcut precedence; preserve local text editing and held musical keys,Not executed,windows/Session/GraphOperations.cpp:524; windows/Session/GraphOperations.cpp:523; windows/Session/GraphOperations.cpp:521,Token matches locate candidate controls; no command parity claim
325,Audio & modulation graph / Mute,,Audio & modulation graph / Mute/invoke,graph,windows/App/GraphEditor.inc;windows/App/GraphCanvas.hpp;windows/App/GraphWorkflowWindow.hpp;windows/App/GraphWorkflowActions.inc;windows/Session/GraphOperations.cpp;editor/GraphEditing.cpp;mac/App/SignalGraphEditor.swift,Surface exists; individual command equivalence and availability require A16 (not a one-to-one shortcut mapping),P5,A01/A10/A11/A12,Use semantic action ID and Windows context/shortcut precedence; preserve local text editing and held musical keys,Not executed,windows/Session/GraphOperations.cpp:228; windows/Session/GraphOperations.cpp:142,Token matches locate candidate controls; no command parity claim
326,Audio & modulation graph / Solo,,Audio & modulation graph / Solo/invoke,graph,windows/App/GraphEditor.inc;windows/App/GraphCanvas.hpp;windows/App/GraphWorkflowWindow.hpp;windows/App/GraphWorkflowActions.inc;windows/Session/GraphOperations.cpp;editor/GraphEditing.cpp;mac/App/SignalGraphEditor.swift,Surface exists; individual command equivalence and availability require A16 (not a one-to-one shortcut mapping),P5,A01/A10/A11/A12,Use semantic action ID and Windows context/shortcut precedence; preserve local text editing and held musical keys,Not executed,,Token matches locate candidate controls; no command parity claim
327,Audio & modulation graph / Mixer controls,,Audio & modulation graph / Mixer controls/invoke,graph,windows/App/GraphEditor.inc;windows/App/GraphCanvas.hpp;windows/App/GraphWorkflowWindow.hpp;windows/App/GraphWorkflowActions.inc;windows/Session/GraphOperations.cpp;editor/GraphEditing.cpp;mac/App/SignalGraphEditor.swift,Surface exists; individual command equivalence and availability require A16 (not a one-to-one shortcut mapping),P5,A01/A10/A11/A12,Use semantic action ID and Windows context/shortcut precedence; preserve local text editing and held musical keys,Not executed,windows/App/GraphEditor.inc:252; windows/App/GraphEditor.inc:191; windows/Session/GraphOperations.cpp:254,Token matches locate candidate controls; no command parity claim
328,Audio & modulation graph / Pattern graph commands…,cmd+shift+g,Audio & modulation graph / Pattern graph commands…/invoke,graph,windows/App/GraphEditor.inc;windows/App/GraphCanvas.hpp;windows/App/GraphWorkflowWindow.hpp;windows/App/GraphWorkflowActions.inc;windows/Session/GraphOperations.cpp;editor/GraphEditing.cpp;mac/App/SignalGraphEditor.swift,Surface exists; individual command equivalence and availability require A16 (not a one-to-one shortcut mapping),P5,A01/A10/A11/A12,Use semantic action ID and Windows context/shortcut precedence; preserve local text editing and held musical keys,Not executed,windows/Session/GraphOperations.cpp:350; windows/Session/GraphOperations.cpp:489; windows/Session/GraphOperations.cpp:478,Token matches locate candidate controls; no command parity claim
329,Audio & modulation graph / Pre-fader (after inserts),,Audio & modulation graph / Pre-fader (after inserts)/invoke,graph,windows/App/GraphEditor.inc;windows/App/GraphCanvas.hpp;windows/App/GraphWorkflowWindow.hpp;windows/App/GraphWorkflowActions.inc;windows/Session/GraphOperations.cpp;editor/GraphEditing.cpp;mac/App/SignalGraphEditor.swift,Surface exists; individual command equivalence and availability require A16 (not a one-to-one shortcut mapping),P5,A01/A10/A11/A12,Use semantic action ID and Windows context/shortcut precedence; preserve local text editing and held musical keys,Not executed,windows/Session/GraphOperations.cpp:379; windows/Session/GraphOperations.cpp:377; windows/Session/GraphOperations.cpp:365,Token matches locate candidate controls; no command parity claim
330,Audio & modulation graph / Audio & modulation graph panel / Pin current target,,Audio & modulation graph / Audio & modulation graph panel / Pin current target/invoke,workspace,windows/App/WorkspaceRegions.hpp;windows/App/WorkspaceDocking.inc;windows/App/WorkspaceLayouts.inc;windows/App/WorkspaceCommands.inc;windows/App/WorkspaceShortcutDispatch.inc;windows/App/NativeToolWindow.hpp;mac/App/DockWorkspace.swift,Surface exists; individual command equivalence and availability require A16 (not a one-to-one shortcut mapping),P3/P8,A16,Use semantic action ID and Windows context/shortcut precedence; preserve local text editing and held musical keys,Not executed,windows/App/WorkspaceDocking.inc:584; windows/App/WorkspaceDocking.inc:595; windows/App/WorkspaceDocking.inc:580,Token matches locate candidate controls; no command parity claim
331,Audio & modulation graph / Audio & modulation graph panel / Inspect editing cursor,,Audio & modulation graph / Audio & modulation graph panel / Inspect editing cursor/invoke,workspace,windows/App/WorkspaceRegions.hpp;windows/App/WorkspaceDocking.inc;windows/App/WorkspaceLayouts.inc;windows/App/WorkspaceCommands.inc;windows/App/WorkspaceShortcutDispatch.inc;windows/App/NativeToolWindow.hpp;mac/App/DockWorkspace.swift,Surface exists; individual command equivalence and availability require A16 (not a one-to-one shortcut mapping),P3/P8,A16,Use semantic action ID and Windows context/shortcut precedence; preserve local text editing and held musical keys,Not executed,windows/App/WorkspaceCommands.inc:90; windows/App/WorkspaceDocking.inc:596; windows/App/WorkspaceDocking.inc:584,Token matches locate candidate controls; no command parity claim
332,Audio & modulation graph / Audio & modulation graph panel / Return to opening row,,Audio & modulation graph / Audio & modulation graph panel / Return to opening row/invoke,workspace,windows/App/WorkspaceRegions.hpp;windows/App/WorkspaceDocking.inc;windows/App/WorkspaceLayouts.inc;windows/App/WorkspaceCommands.inc;windows/App/WorkspaceShortcutDispatch.inc;windows/App/NativeToolWindow.hpp;mac/App/DockWorkspace.swift,Surface exists; individual command equivalence and availability require A16 (not a one-to-one shortcut mapping),P3/P8,A16,Use semantic action ID and Windows context/shortcut precedence; preserve local text editing and held musical keys,Not executed,windows/App/WorkspaceDocking.inc:584; windows/App/WorkspaceCommands.inc:90; windows/App/WorkspaceShortcutDispatch.inc:166,Token matches locate candidate controls; no command parity claim
333,Audio & modulation graph / Audio & modulation graph panel / Dock right,,Audio & modulation graph / Audio & modulation graph panel / Dock right/invoke,workspace,windows/App/WorkspaceRegions.hpp;windows/App/WorkspaceDocking.inc;windows/App/WorkspaceLayouts.inc;windows/App/WorkspaceCommands.inc;windows/App/WorkspaceShortcutDispatch.inc;windows/App/NativeToolWindow.hpp;mac/App/DockWorkspace.swift,Surface exists; individual command equivalence and availability require A16 (not a one-to-one shortcut mapping),P3/P8,A16,Use semantic action ID and Windows context/shortcut precedence; preserve local text editing and held musical keys,Not executed,windows/App/WorkspaceDocking.inc:584; windows/App/WorkspaceShortcutDispatch.inc:20; windows/App/WorkspaceRegions.hpp:128,Token matches locate candidate controls; no command parity claim
334,Audio & modulation graph / Audio & modulation graph panel / Dock below,,Audio & modulation graph / Audio & modulation graph panel / Dock below/invoke,workspace,windows/App/WorkspaceRegions.hpp;windows/App/WorkspaceDocking.inc;windows/App/WorkspaceLayouts.inc;windows/App/WorkspaceCommands.inc;windows/App/WorkspaceShortcutDispatch.inc;windows/App/NativeToolWindow.hpp;mac/App/DockWorkspace.swift,Surface exists; individual command equivalence and availability require A16 (not a one-to-one shortcut mapping),P3/P8,A16,Use semantic action ID and Windows context/shortcut precedence; preserve local text editing and held musical keys,Not executed,windows/App/WorkspaceDocking.inc:584; windows/App/WorkspaceDocking.inc:329; windows/App/WorkspaceCommands.inc:94,Token matches locate candidate controls; no command parity claim
335,Audio & modulation graph / Audio & modulation graph panel / Float,,Audio & modulation graph / Audio & modulation graph panel / Float/invoke,workspace,windows/App/WorkspaceRegions.hpp;windows/App/WorkspaceDocking.inc;windows/App/WorkspaceLayouts.inc;windows/App/WorkspaceCommands.inc;windows/App/WorkspaceShortcutDispatch.inc;windows/App/NativeToolWindow.hpp;mac/App/DockWorkspace.swift,Surface exists; individual command equivalence and availability require A16 (not a one-to-one shortcut mapping),P3/P8,A16,Use semantic action ID and Windows context/shortcut precedence; preserve local text editing and held musical keys,Not executed,windows/App/WorkspaceRegions.hpp:116; windows/App/WorkspaceRegions.hpp:112; windows/App/WorkspaceRegions.hpp:60,Token matches locate candidate controls; no command parity claim
336,Audio & modulation graph / Audio & modulation graph panel / Hide,,Audio & modulation graph / Audio & modulation graph panel / Hide/invoke,workspace,windows/App/WorkspaceRegions.hpp;windows/App/WorkspaceDocking.inc;windows/App/WorkspaceLayouts.inc;windows/App/WorkspaceCommands.inc;windows/App/WorkspaceShortcutDispatch.inc;windows/App/NativeToolWindow.hpp;mac/App/DockWorkspace.swift,Surface exists; individual command equivalence and availability require A16 (not a one-to-one shortcut mapping),P3/P8,A16,Use semantic action ID and Windows context/shortcut precedence; preserve local text editing and held musical keys,Not executed,windows/App/WorkspaceRegions.hpp:116; windows/App/WorkspaceRegions.hpp:61; windows/App/WorkspaceRegions.hpp:55,Token matches locate candidate controls; no command parity claim
337,Graph effect browser / Reload list,,Graph effect browser / Reload list/invoke,plugins,windows/App/PluginEditor.inc;windows/App/PluginLibraryWindow.hpp;windows/App/PluginInstrumentsWindow.hpp;windows/Session/PluginOperations.cpp;windows/Plugins/WindowsVST3.cpp;editor/NativeEffects.cpp;mac/App/PluginEditor.swift,Surface exists; individual command equivalence and availability require A16 (not a one-to-one shortcut mapping),P4/P7,A01/A17,Use semantic action ID and Windows context/shortcut precedence; preserve local text editing and held musical keys,Not executed,windows/App/PluginLibraryWindow.hpp:115; windows/App/PluginInstrumentsWindow.hpp:113; windows/App/PluginInstrumentsWindow.hpp:68,Token matches locate candidate controls; no command parity claim
338,Graph effect browser / Rescan installed plugins,,Graph effect browser / Rescan installed plugins/invoke,plugins,windows/App/PluginEditor.inc;windows/App/PluginLibraryWindow.hpp;windows/App/PluginInstrumentsWindow.hpp;windows/Session/PluginOperations.cpp;windows/Plugins/WindowsVST3.cpp;editor/NativeEffects.cpp;mac/App/PluginEditor.swift,Surface exists; individual command equivalence and availability require A16 (not a one-to-one shortcut mapping),P4/P7,A01/A17,Use semantic action ID and Windows context/shortcut precedence; preserve local text editing and held musical keys,Not executed,windows/Session/PluginOperations.cpp:510; windows/Session/PluginOperations.cpp:496; windows/Session/PluginOperations.cpp:434,Token matches locate candidate controls; no command parity claim
339,Graph effect browser / Favorites,,Graph effect browser / Favorites/invoke,plugins,windows/App/PluginEditor.inc;windows/App/PluginLibraryWindow.hpp;windows/App/PluginInstrumentsWindow.hpp;windows/Session/PluginOperations.cpp;windows/Plugins/WindowsVST3.cpp;editor/NativeEffects.cpp;mac/App/PluginEditor.swift,Surface exists; individual command equivalence and availability require A16 (not a one-to-one shortcut mapping),P4/P7,A01/A17,Use semantic action ID and Windows context/shortcut precedence; preserve local text editing and held musical keys,Not executed,windows/App/PluginLibraryWindow.hpp:115; windows/App/PluginLibraryWindow.hpp:96,Token matches locate candidate controls; no command parity claim
340,Graph effect browser / Show hidden,,Graph effect browser / Show hidden/invoke,plugins,windows/App/PluginEditor.inc;windows/App/PluginLibraryWindow.hpp;windows/App/PluginInstrumentsWindow.hpp;windows/Session/PluginOperations.cpp;windows/Plugins/WindowsVST3.cpp;editor/NativeEffects.cpp;mac/App/PluginEditor.swift,Surface exists; individual command equivalence and availability require A16 (not a one-to-one shortcut mapping),P4/P7,A01/A17,Use semantic action ID and Windows context/shortcut precedence; preserve local text editing and held musical keys,Not executed,windows/App/PluginLibraryWindow.hpp:115; windows/App/PluginLibraryWindow.hpp:106; windows/App/PluginLibraryWindow.hpp:96,Token matches locate candidate controls; no command parity claim
341,Graph effect browser / Favorite,,Graph effect browser / Favorite/invoke,plugins,windows/App/PluginEditor.inc;windows/App/PluginLibraryWindow.hpp;windows/App/PluginInstrumentsWindow.hpp;windows/Session/PluginOperations.cpp;windows/Plugins/WindowsVST3.cpp;editor/NativeEffects.cpp;mac/App/PluginEditor.swift,Surface exists; individual command equivalence and availability require A16 (not a one-to-one shortcut mapping),P4/P7,A01/A17,Use semantic action ID and Windows context/shortcut precedence; preserve local text editing and held musical keys,Not executed,windows/App/PluginLibraryWindow.hpp:115; windows/App/PluginLibraryWindow.hpp:106; windows/App/PluginLibraryWindow.hpp:74,Token matches locate candidate controls; no command parity claim
342,Graph effect browser / Hide from browser,,Graph effect browser / Hide from browser/invoke,plugins,windows/App/PluginEditor.inc;windows/App/PluginLibraryWindow.hpp;windows/App/PluginInstrumentsWindow.hpp;windows/Session/PluginOperations.cpp;windows/Plugins/WindowsVST3.cpp;editor/NativeEffects.cpp;mac/App/PluginEditor.swift,Surface exists; individual command equivalence and availability require A16 (not a one-to-one shortcut mapping),P4/P7,A01/A17,Use semantic action ID and Windows context/shortcut precedence; preserve local text editing and held musical keys,Not executed,windows/App/PluginLibraryWindow.hpp:115; windows/App/PluginLibraryWindow.hpp:78; windows/App/PluginLibraryWindow.hpp:39,Token matches locate candidate controls; no command parity claim
343,Graph effect browser / Add plugin,,Graph effect browser / Add plugin/invoke,plugins,windows/App/PluginEditor.inc;windows/App/PluginLibraryWindow.hpp;windows/App/PluginInstrumentsWindow.hpp;windows/Session/PluginOperations.cpp;windows/Plugins/WindowsVST3.cpp;editor/NativeEffects.cpp;mac/App/PluginEditor.swift,Surface exists; individual command equivalence and availability require A16 (not a one-to-one shortcut mapping),P4/P7,A01/A17,Use semantic action ID and Windows context/shortcut precedence; preserve local text editing and held musical keys,Not executed,windows/Session/PluginOperations.cpp:356; windows/Session/PluginOperations.cpp:75; windows/App/PluginLibraryWindow.hpp:59,Token matches locate candidate controls; no command parity claim
344,Graph effect browser / Graph effect browser panel / Pin current target,,Graph effect browser / Graph effect browser panel / Pin current target/invoke,workspace,windows/App/WorkspaceRegions.hpp;windows/App/WorkspaceDocking.inc;windows/App/WorkspaceLayouts.inc;windows/App/WorkspaceCommands.inc;windows/App/WorkspaceShortcutDispatch.inc;windows/App/NativeToolWindow.hpp;mac/App/DockWorkspace.swift,Surface exists; individual command equivalence and availability require A16 (not a one-to-one shortcut mapping),P3/P8,A16,Use semantic action ID and Windows context/shortcut precedence; preserve local text editing and held musical keys,Not executed,windows/App/WorkspaceDocking.inc:584; windows/App/WorkspaceDocking.inc:595; windows/App/WorkspaceDocking.inc:580,Token matches locate candidate controls; no command parity claim
345,Graph effect browser / Graph effect browser panel / Inspect editing cursor,,Graph effect browser / Graph effect browser panel / Inspect editing cursor/invoke,workspace,windows/App/WorkspaceRegions.hpp;windows/App/WorkspaceDocking.inc;windows/App/WorkspaceLayouts.inc;windows/App/WorkspaceCommands.inc;windows/App/WorkspaceShortcutDispatch.inc;windows/App/NativeToolWindow.hpp;mac/App/DockWorkspace.swift,Surface exists; individual command equivalence and availability require A16 (not a one-to-one shortcut mapping),P3/P8,A16,Use semantic action ID and Windows context/shortcut precedence; preserve local text editing and held musical keys,Not executed,windows/App/WorkspaceCommands.inc:90; windows/App/WorkspaceDocking.inc:596; windows/App/WorkspaceDocking.inc:584,Token matches locate candidate controls; no command parity claim
346,Graph effect browser / Graph effect browser panel / Return to opening row,,Graph effect browser / Graph effect browser panel / Return to opening row/invoke,workspace,windows/App/WorkspaceRegions.hpp;windows/App/WorkspaceDocking.inc;windows/App/WorkspaceLayouts.inc;windows/App/WorkspaceCommands.inc;windows/App/WorkspaceShortcutDispatch.inc;windows/App/NativeToolWindow.hpp;mac/App/DockWorkspace.swift,Surface exists; individual command equivalence and availability require A16 (not a one-to-one shortcut mapping),P3/P8,A16,Use semantic action ID and Windows context/shortcut precedence; preserve local text editing and held musical keys,Not executed,windows/App/WorkspaceDocking.inc:584; windows/App/WorkspaceCommands.inc:90; windows/App/WorkspaceShortcutDispatch.inc:166,Token matches locate candidate controls; no command parity claim
347,Graph effect browser / Graph effect browser panel / Dock right,,Graph effect browser / Graph effect browser panel / Dock right/invoke,workspace,windows/App/WorkspaceRegions.hpp;windows/App/WorkspaceDocking.inc;windows/App/WorkspaceLayouts.inc;windows/App/WorkspaceCommands.inc;windows/App/WorkspaceShortcutDispatch.inc;windows/App/NativeToolWindow.hpp;mac/App/DockWorkspace.swift,Surface exists; individual command equivalence and availability require A16 (not a one-to-one shortcut mapping),P3/P8,A16,Use semantic action ID and Windows context/shortcut precedence; preserve local text editing and held musical keys,Not executed,windows/App/WorkspaceDocking.inc:584; windows/App/WorkspaceShortcutDispatch.inc:20; windows/App/WorkspaceRegions.hpp:128,Token matches locate candidate controls; no command parity claim
348,Graph effect browser / Graph effect browser panel / Dock below,,Graph effect browser / Graph effect browser panel / Dock below/invoke,workspace,windows/App/WorkspaceRegions.hpp;windows/App/WorkspaceDocking.inc;windows/App/WorkspaceLayouts.inc;windows/App/WorkspaceCommands.inc;windows/App/WorkspaceShortcutDispatch.inc;windows/App/NativeToolWindow.hpp;mac/App/DockWorkspace.swift,Surface exists; individual command equivalence and availability require A16 (not a one-to-one shortcut mapping),P3/P8,A16,Use semantic action ID and Windows context/shortcut precedence; preserve local text editing and held musical keys,Not executed,windows/App/WorkspaceDocking.inc:584; windows/App/WorkspaceDocking.inc:329; windows/App/WorkspaceCommands.inc:94,Token matches locate candidate controls; no command parity claim
349,Graph effect browser / Graph effect browser panel / Float,,Graph effect browser / Graph effect browser panel / Float/invoke,workspace,windows/App/WorkspaceRegions.hpp;windows/App/WorkspaceDocking.inc;windows/App/WorkspaceLayouts.inc;windows/App/WorkspaceCommands.inc;windows/App/WorkspaceShortcutDispatch.inc;windows/App/NativeToolWindow.hpp;mac/App/DockWorkspace.swift,Surface exists; individual command equivalence and availability require A16 (not a one-to-one shortcut mapping),P3/P8,A16,Use semantic action ID and Windows context/shortcut precedence; preserve local text editing and held musical keys,Not executed,windows/App/WorkspaceRegions.hpp:116; windows/App/WorkspaceRegions.hpp:112; windows/App/WorkspaceRegions.hpp:60,Token matches locate candidate controls; no command parity claim
350,Graph effect browser / Graph effect browser panel / Hide,,Graph effect browser / Graph effect browser panel / Hide/invoke,workspace,windows/App/WorkspaceRegions.hpp;windows/App/WorkspaceDocking.inc;windows/App/WorkspaceLayouts.inc;windows/App/WorkspaceCommands.inc;windows/App/WorkspaceShortcutDispatch.inc;windows/App/NativeToolWindow.hpp;mac/App/DockWorkspace.swift,Surface exists; individual command equivalence and availability require A16 (not a one-to-one shortcut mapping),P3/P8,A16,Use semantic action ID and Windows context/shortcut precedence; preserve local text editing and held musical keys,Not executed,windows/App/WorkspaceRegions.hpp:116; windows/App/WorkspaceRegions.hpp:61; windows/App/WorkspaceRegions.hpp:55,Token matches locate candidate controls; no command parity claim
351,Pattern graph commands / Let stopped effects finish their tails,,Pattern graph commands / Let stopped effects finish their tails/invoke,graphcommands,windows/App/GraphCommandsWindow.hpp;windows/App/GraphPatternLanes.inc;windows/Session/GraphOperations.cpp;mac/App/GraphCommandsEditor.swift,Surface exists; individual command equivalence and availability require A16 (not a one-to-one shortcut mapping),P3/P5,A01/A05/A10,Use semantic action ID and Windows context/shortcut precedence; preserve local text editing and held musical keys,Not executed,windows/App/GraphCommandsWindow.hpp:115; windows/Session/GraphOperations.cpp:464; windows/Session/GraphOperations.cpp:429,Token matches locate candidate controls; no command parity claim
352,Pattern graph commands / Insert command,,Pattern graph commands / Insert command/invoke,graphcommands,windows/App/GraphCommandsWindow.hpp;windows/App/GraphPatternLanes.inc;windows/Session/GraphOperations.cpp;mac/App/GraphCommandsEditor.swift,Surface exists; individual command equivalence and availability require A16 (not a one-to-one shortcut mapping),P3/P5,A01/A05/A10,Use semantic action ID and Windows context/shortcut precedence; preserve local text editing and held musical keys,Not executed,windows/Session/GraphOperations.cpp:516; windows/Session/GraphOperations.cpp:379; windows/Session/GraphOperations.cpp:235,Token matches locate candidate controls; no command parity claim
353,Pattern graph commands / Remove,,Pattern graph commands / Remove/invoke,graphcommands,windows/App/GraphCommandsWindow.hpp;windows/App/GraphPatternLanes.inc;windows/Session/GraphOperations.cpp;mac/App/GraphCommandsEditor.swift,Surface exists; individual command equivalence and availability require A16 (not a one-to-one shortcut mapping),P3/P5,A01/A05/A10,Use semantic action ID and Windows context/shortcut precedence; preserve local text editing and held musical keys,Not executed,windows/Session/GraphOperations.cpp:522; windows/Session/GraphOperations.cpp:511; windows/Session/GraphOperations.cpp:510,Token matches locate candidate controls; no command parity claim
354,Pattern graph commands / Open graph,,Pattern graph commands / Open graph/invoke,graphcommands,windows/App/GraphCommandsWindow.hpp;windows/App/GraphPatternLanes.inc;windows/Session/GraphOperations.cpp;mac/App/GraphCommandsEditor.swift,Surface exists; individual command equivalence and availability require A16 (not a one-to-one shortcut mapping),P3/P5,A01/A05/A10,Use semantic action ID and Windows context/shortcut precedence; preserve local text editing and held musical keys,Not executed,windows/App/GraphCommandsWindow.hpp:128; windows/Session/GraphOperations.cpp:540; windows/Session/GraphOperations.cpp:523,Token matches locate candidate controls; no command parity claim
355,Pattern graph commands / Graph commands / Show lane in pattern,,Pattern graph commands / Graph commands / Show lane in pattern/invoke,graphcommands,windows/App/GraphCommandsWindow.hpp;windows/App/GraphPatternLanes.inc;windows/Session/GraphOperations.cpp;mac/App/GraphCommandsEditor.swift,Surface exists; individual command equivalence and availability require A16 (not a one-to-one shortcut mapping),P3/P5,A01/A05/A10,Use semantic action ID and Windows context/shortcut precedence; preserve local text editing and held musical keys,Not executed,windows/App/GraphPatternLanes.inc:82; windows/App/GraphCommandsWindow.hpp:129; windows/Session/GraphOperations.cpp:501,Token matches locate candidate controls; no command parity claim
356,Pattern graph commands / Graph commands / Reload from cursor,,Pattern graph commands / Graph commands / Reload from cursor/invoke,graphcommands,windows/App/GraphCommandsWindow.hpp;windows/App/GraphPatternLanes.inc;windows/Session/GraphOperations.cpp;mac/App/GraphCommandsEditor.swift,Surface exists; individual command equivalence and availability require A16 (not a one-to-one shortcut mapping),P3/P5,A01/A05/A10,Use semantic action ID and Windows context/shortcut precedence; preserve local text editing and held musical keys,Not executed,windows/App/GraphCommandsWindow.hpp:128; windows/App/GraphCommandsWindow.hpp:25; windows/App/GraphPatternLanes.inc:25,Token matches locate candidate controls; no command parity claim
357,Pattern graph commands / Pattern graph commands panel / Pin current target,,Pattern graph commands / Pattern graph commands panel / Pin current target/invoke,workspace,windows/App/WorkspaceRegions.hpp;windows/App/WorkspaceDocking.inc;windows/App/WorkspaceLayouts.inc;windows/App/WorkspaceCommands.inc;windows/App/WorkspaceShortcutDispatch.inc;windows/App/NativeToolWindow.hpp;mac/App/DockWorkspace.swift,Surface exists; individual command equivalence and availability require A16 (not a one-to-one shortcut mapping),P3/P8,A16,Use semantic action ID and Windows context/shortcut precedence; preserve local text editing and held musical keys,Not executed,windows/App/WorkspaceDocking.inc:584; windows/App/WorkspaceDocking.inc:595; windows/App/WorkspaceDocking.inc:580,Token matches locate candidate controls; no command parity claim
358,Pattern graph commands / Pattern graph commands panel / Inspect editing cursor,,Pattern graph commands / Pattern graph commands panel / Inspect editing cursor/invoke,workspace,windows/App/WorkspaceRegions.hpp;windows/App/WorkspaceDocking.inc;windows/App/WorkspaceLayouts.inc;windows/App/WorkspaceCommands.inc;windows/App/WorkspaceShortcutDispatch.inc;windows/App/NativeToolWindow.hpp;mac/App/DockWorkspace.swift,Surface exists; individual command equivalence and availability require A16 (not a one-to-one shortcut mapping),P3/P8,A16,Use semantic action ID and Windows context/shortcut precedence; preserve local text editing and held musical keys,Not executed,windows/App/WorkspaceCommands.inc:90; windows/App/WorkspaceDocking.inc:596; windows/App/WorkspaceDocking.inc:584,Token matches locate candidate controls; no command parity claim
359,Pattern graph commands / Pattern graph commands panel / Return to opening row,,Pattern graph commands / Pattern graph commands panel / Return to opening row/invoke,workspace,windows/App/WorkspaceRegions.hpp;windows/App/WorkspaceDocking.inc;windows/App/WorkspaceLayouts.inc;windows/App/WorkspaceCommands.inc;windows/App/WorkspaceShortcutDispatch.inc;windows/App/NativeToolWindow.hpp;mac/App/DockWorkspace.swift,Surface exists; individual command equivalence and availability require A16 (not a one-to-one shortcut mapping),P3/P8,A16,Use semantic action ID and Windows context/shortcut precedence; preserve local text editing and held musical keys,Not executed,windows/App/WorkspaceDocking.inc:584; windows/App/WorkspaceCommands.inc:90; windows/App/WorkspaceShortcutDispatch.inc:166,Token matches locate candidate controls; no command parity claim
360,Pattern graph commands / Pattern graph commands panel / Dock right,,Pattern graph commands / Pattern graph commands panel / Dock right/invoke,workspace,windows/App/WorkspaceRegions.hpp;windows/App/WorkspaceDocking.inc;windows/App/WorkspaceLayouts.inc;windows/App/WorkspaceCommands.inc;windows/App/WorkspaceShortcutDispatch.inc;windows/App/NativeToolWindow.hpp;mac/App/DockWorkspace.swift,Surface exists; individual command equivalence and availability require A16 (not a one-to-one shortcut mapping),P3/P8,A16,Use semantic action ID and Windows context/shortcut precedence; preserve local text editing and held musical keys,Not executed,windows/App/WorkspaceDocking.inc:584; windows/App/WorkspaceShortcutDispatch.inc:20; windows/App/WorkspaceRegions.hpp:128,Token matches locate candidate controls; no command parity claim
361,Pattern graph commands / Pattern graph commands panel / Dock below,,Pattern graph commands / Pattern graph commands panel / Dock below/invoke,workspace,windows/App/WorkspaceRegions.hpp;windows/App/WorkspaceDocking.inc;windows/App/WorkspaceLayouts.inc;windows/App/WorkspaceCommands.inc;windows/App/WorkspaceShortcutDispatch.inc;windows/App/NativeToolWindow.hpp;mac/App/DockWorkspace.swift,Surface exists; individual command equivalence and availability require A16 (not a one-to-one shortcut mapping),P3/P8,A16,Use semantic action ID and Windows context/shortcut precedence; preserve local text editing and held musical keys,Not executed,windows/App/WorkspaceDocking.inc:584; windows/App/WorkspaceDocking.inc:329; windows/App/WorkspaceCommands.inc:94,Token matches locate candidate controls; no command parity claim
362,Pattern graph commands / Pattern graph commands panel / Float,,Pattern graph commands / Pattern graph commands panel / Float/invoke,workspace,windows/App/WorkspaceRegions.hpp;windows/App/WorkspaceDocking.inc;windows/App/WorkspaceLayouts.inc;windows/App/WorkspaceCommands.inc;windows/App/WorkspaceShortcutDispatch.inc;windows/App/NativeToolWindow.hpp;mac/App/DockWorkspace.swift,Surface exists; individual command equivalence and availability require A16 (not a one-to-one shortcut mapping),P3/P8,A16,Use semantic action ID and Windows context/shortcut precedence; preserve local text editing and held musical keys,Not executed,windows/App/WorkspaceRegions.hpp:116; windows/App/WorkspaceRegions.hpp:112; windows/App/WorkspaceRegions.hpp:60,Token matches locate candidate controls; no command parity claim
363,Pattern graph commands / Pattern graph commands panel / Hide,,Pattern graph commands / Pattern graph commands panel / Hide/invoke,workspace,windows/App/WorkspaceRegions.hpp;windows/App/WorkspaceDocking.inc;windows/App/WorkspaceLayouts.inc;windows/App/WorkspaceCommands.inc;windows/App/WorkspaceShortcutDispatch.inc;windows/App/NativeToolWindow.hpp;mac/App/DockWorkspace.swift,Surface exists; individual command equivalence and availability require A16 (not a one-to-one shortcut mapping),P3/P8,A16,Use semantic action ID and Windows context/shortcut precedence; preserve local text editing and held musical keys,Not executed,windows/App/WorkspaceRegions.hpp:116; windows/App/WorkspaceRegions.hpp:61; windows/App/WorkspaceRegions.hpp:55,Token matches locate candidate controls; no command parity claim
364,Pattern automation / Envelope bank…,,Pattern automation / Envelope bank…/invoke,bank,windows/App/EnvelopeBankWindow.hpp;windows/Session/EnvelopeOperations.cpp;editor/EnvelopeBank.cpp;mac/Bridge/EnvelopeBankAPI.inc;mac/App/EnvelopeBank.swift,Surface exists; individual command equivalence and availability require A16 (not a one-to-one shortcut mapping),P4,A01/A08/A09,Use semantic action ID and Windows context/shortcut precedence; preserve local text editing and held musical keys,Not executed,windows/Session/EnvelopeOperations.cpp:445; windows/Session/EnvelopeOperations.cpp:438; windows/Session/EnvelopeOperations.cpp:426,Token matches locate candidate controls; no command parity claim
365,Pattern automation / Automation / Use last touched parameter,,Pattern automation / Automation / Use last touched parameter/invoke,automation,windows/App/ParameterAutomationWindow.hpp;windows/App/AbsoluteAutomationWindow.hpp;windows/App/GraphCurveWindow.hpp;windows/Session/PatternAutomation.inc;editor/AutomationTools.cpp;mac/App/PatternAutomation.swift,Surface exists; individual command equivalence and availability require A16 (not a one-to-one shortcut mapping),P4,A01/A09,Use semantic action ID and Windows context/shortcut precedence; preserve local text editing and held musical keys,Not executed,windows/App/AbsoluteAutomationWindow.hpp:70; windows/App/ParameterAutomationWindow.hpp:392; windows/App/AbsoluteAutomationWindow.hpp:107,Token matches locate candidate controls; no command parity claim
366,Pattern automation / Automation / Parameter activity…,,Pattern automation / Automation / Parameter activity…/invoke,automation,windows/App/ParameterAutomationWindow.hpp;windows/App/AbsoluteAutomationWindow.hpp;windows/App/GraphCurveWindow.hpp;windows/Session/PatternAutomation.inc;editor/AutomationTools.cpp;mac/App/PatternAutomation.swift,Surface exists; individual command equivalence and availability require A16 (not a one-to-one shortcut mapping),P4,A01/A09,Use semantic action ID and Windows context/shortcut precedence; preserve local text editing and held musical keys,Not executed,windows/Session/PatternAutomation.inc:42; windows/Session/PatternAutomation.inc:41; windows/Session/PatternAutomation.inc:39,Token matches locate candidate controls; no command parity claim
367,Pattern automation / Automation / Range and transform tools…,,Pattern automation / Automation / Range and transform tools…/invoke,automation,windows/App/ParameterAutomationWindow.hpp;windows/App/AbsoluteAutomationWindow.hpp;windows/App/GraphCurveWindow.hpp;windows/Session/PatternAutomation.inc;editor/AutomationTools.cpp;mac/App/PatternAutomation.swift,Surface exists; individual command equivalence and availability require A16 (not a one-to-one shortcut mapping),P4,A01/A09,Use semantic action ID and Windows context/shortcut precedence; preserve local text editing and held musical keys,Not executed,windows/Session/PatternAutomation.inc:50; windows/App/ParameterAutomationWindow.hpp:412; windows/App/ParameterAutomationWindow.hpp:393,Token matches locate candidate controls; no command parity claim
368,Pattern automation / Automation / Remove lane,,Pattern automation / Automation / Remove lane/invoke,automation,windows/App/ParameterAutomationWindow.hpp;windows/App/AbsoluteAutomationWindow.hpp;windows/App/GraphCurveWindow.hpp;windows/Session/PatternAutomation.inc;editor/AutomationTools.cpp;mac/App/PatternAutomation.swift,Surface exists; individual command equivalence and availability require A16 (not a one-to-one shortcut mapping),P4,A01/A09,Use semantic action ID and Windows context/shortcut precedence; preserve local text editing and held musical keys,Not executed,windows/App/ParameterAutomationWindow.hpp:392; windows/App/ParameterAutomationWindow.hpp:126; windows/Session/PatternAutomation.inc:70,Token matches locate candidate controls; no command parity claim
369,Pattern automation / Automation / Clear all recorded automation,,Pattern automation / Automation / Clear all recorded automation/invoke,automation,windows/App/ParameterAutomationWindow.hpp;windows/App/AbsoluteAutomationWindow.hpp;windows/App/GraphCurveWindow.hpp;windows/Session/PatternAutomation.inc;editor/AutomationTools.cpp;mac/App/PatternAutomation.swift,Surface exists; individual command equivalence and availability require A16 (not a one-to-one shortcut mapping),P4,A01/A09,Use semantic action ID and Windows context/shortcut precedence; preserve local text editing and held musical keys,Not executed,windows/App/AbsoluteAutomationWindow.hpp:63; windows/App/AbsoluteAutomationWindow.hpp:59; windows/Session/PatternAutomation.inc:64,Token matches locate candidate controls; no command parity claim
370,Pattern automation / Automation / Reload,,Pattern automation / Automation / Reload/invoke,automation,windows/App/ParameterAutomationWindow.hpp;windows/App/AbsoluteAutomationWindow.hpp;windows/App/GraphCurveWindow.hpp;windows/Session/PatternAutomation.inc;editor/AutomationTools.cpp;mac/App/PatternAutomation.swift,Surface exists; individual command equivalence and availability require A16 (not a one-to-one shortcut mapping),P4,A01/A09,Use semantic action ID and Windows context/shortcut precedence; preserve local text editing and held musical keys,Not executed,windows/App/ParameterAutomationWindow.hpp:409; windows/App/ParameterAutomationWindow.hpp:392; windows/App/ParameterAutomationWindow.hpp:185,Token matches locate candidate controls; no command parity claim
371,Pattern automation / Record gestures,,Pattern automation / Record gestures/invoke,automation,windows/App/ParameterAutomationWindow.hpp;windows/App/AbsoluteAutomationWindow.hpp;windows/App/GraphCurveWindow.hpp;windows/Session/PatternAutomation.inc;editor/AutomationTools.cpp;mac/App/PatternAutomation.swift,Surface exists; individual command equivalence and availability require A16 (not a one-to-one shortcut mapping),P4,A01/A09,Use semantic action ID and Windows context/shortcut precedence; preserve local text editing and held musical keys,Not executed,,Token matches locate candidate controls; no command parity claim
372,Pattern automation / Enabled,,Pattern automation / Enabled/invoke,automation,windows/App/ParameterAutomationWindow.hpp;windows/App/AbsoluteAutomationWindow.hpp;windows/App/GraphCurveWindow.hpp;windows/Session/PatternAutomation.inc;editor/AutomationTools.cpp;mac/App/PatternAutomation.swift,Surface exists; individual command equivalence and availability require A16 (not a one-to-one shortcut mapping),P4,A01/A09,Use semantic action ID and Windows context/shortcut precedence; preserve local text editing and held musical keys,Not executed,windows/Session/PatternAutomation.inc:42; windows/Session/PatternAutomation.inc:39; windows/Session/PatternAutomation.inc:38,Token matches locate candidate controls; no command parity claim
373,Pattern automation / Expand…,,Pattern automation / Expand…/invoke,automation,windows/App/ParameterAutomationWindow.hpp;windows/App/AbsoluteAutomationWindow.hpp;windows/App/GraphCurveWindow.hpp;windows/Session/PatternAutomation.inc;editor/AutomationTools.cpp;mac/App/PatternAutomation.swift,Surface exists; individual command equivalence and availability require A16 (not a one-to-one shortcut mapping),P4,A01/A09,Use semantic action ID and Windows context/shortcut precedence; preserve local text editing and held musical keys,Not executed,windows/App/ParameterAutomationWindow.hpp:392; windows/App/ParameterAutomationWindow.hpp:334; windows/App/GraphCurveWindow.hpp:105,Token matches locate candidate controls; no command parity claim
374,Pattern automation / Reference,,Pattern automation / Reference/invoke,automation,windows/App/ParameterAutomationWindow.hpp;windows/App/AbsoluteAutomationWindow.hpp;windows/App/GraphCurveWindow.hpp;windows/Session/PatternAutomation.inc;editor/AutomationTools.cpp;mac/App/PatternAutomation.swift,Surface exists; individual command equivalence and availability require A16 (not a one-to-one shortcut mapping),P4,A01/A09,Use semantic action ID and Windows context/shortcut precedence; preserve local text editing and held musical keys,Not executed,windows/App/ParameterAutomationWindow.hpp:392; windows/App/ParameterAutomationWindow.hpp:334; windows/App/ParameterAutomationWindow.hpp:189,Token matches locate candidate controls; no command parity claim
375,Pattern automation / −,,Pattern automation / −/invoke,automation,windows/App/ParameterAutomationWindow.hpp;windows/App/AbsoluteAutomationWindow.hpp;windows/App/GraphCurveWindow.hpp;windows/Session/PatternAutomation.inc;editor/AutomationTools.cpp;mac/App/PatternAutomation.swift,Surface exists; individual command equivalence and availability require A16 (not a one-to-one shortcut mapping),P4,A01/A09,Use semantic action ID and Windows context/shortcut precedence; preserve local text editing and held musical keys,Not executed,,Token matches locate candidate controls; no command parity claim
376,Pattern automation / +,,Pattern automation / +/invoke,automation,windows/App/ParameterAutomationWindow.hpp;windows/App/AbsoluteAutomationWindow.hpp;windows/App/GraphCurveWindow.hpp;windows/Session/PatternAutomation.inc;editor/AutomationTools.cpp;mac/App/PatternAutomation.swift,Surface exists; individual command equivalence and availability require A16 (not a one-to-one shortcut mapping),P4,A01/A09,Use semantic action ID and Windows context/shortcut precedence; preserve local text editing and held musical keys,Not executed,,Token matches locate candidate controls; no command parity claim
377,Pattern automation / Fit,,Pattern automation / Fit/invoke,automation,windows/App/ParameterAutomationWindow.hpp;windows/App/AbsoluteAutomationWindow.hpp;windows/App/GraphCurveWindow.hpp;windows/Session/PatternAutomation.inc;editor/AutomationTools.cpp;mac/App/PatternAutomation.swift,Surface exists; individual command equivalence and availability require A16 (not a one-to-one shortcut mapping),P4,A01/A09,Use semantic action ID and Windows context/shortcut precedence; preserve local text editing and held musical keys,Not executed,windows/App/ParameterAutomationWindow.hpp:392; windows/App/ParameterAutomationWindow.hpp:101; windows/App/GraphCurveWindow.hpp:104,Token matches locate candidate controls; no command parity claim
378,Pattern automation / Add at cursor,,Pattern automation / Add at cursor/invoke,automation,windows/App/ParameterAutomationWindow.hpp;windows/App/AbsoluteAutomationWindow.hpp;windows/App/GraphCurveWindow.hpp;windows/Session/PatternAutomation.inc;editor/AutomationTools.cpp;mac/App/PatternAutomation.swift,Surface exists; individual command equivalence and availability require A16 (not a one-to-one shortcut mapping),P4,A01/A09,Use semantic action ID and Windows context/shortcut precedence; preserve local text editing and held musical keys,Not executed,windows/App/ParameterAutomationWindow.hpp:104; windows/App/ParameterAutomationWindow.hpp:392; windows/App/ParameterAutomationWindow.hpp:387,Token matches locate candidate controls; no command parity claim
379,Pattern automation / Delete point,,Pattern automation / Delete point/invoke,automation,windows/App/ParameterAutomationWindow.hpp;windows/App/AbsoluteAutomationWindow.hpp;windows/App/GraphCurveWindow.hpp;windows/Session/PatternAutomation.inc;editor/AutomationTools.cpp;mac/App/PatternAutomation.swift,Surface exists; individual command equivalence and availability require A16 (not a one-to-one shortcut mapping),P4,A01/A09,Use semantic action ID and Windows context/shortcut precedence; preserve local text editing and held musical keys,Not executed,windows/App/ParameterAutomationWindow.hpp:392; windows/App/ParameterAutomationWindow.hpp:126; windows/App/GraphCurveWindow.hpp:103,Token matches locate candidate controls; no command parity claim
380,Pattern automation / Apply tool,,Pattern automation / Apply tool/invoke,automation,windows/App/ParameterAutomationWindow.hpp;windows/App/AbsoluteAutomationWindow.hpp;windows/App/GraphCurveWindow.hpp;windows/Session/PatternAutomation.inc;editor/AutomationTools.cpp;mac/App/PatternAutomation.swift,Surface exists; individual command equivalence and availability require A16 (not a one-to-one shortcut mapping),P4,A01/A09,Use semantic action ID and Windows context/shortcut precedence; preserve local text editing and held musical keys,Not executed,windows/App/ParameterAutomationWindow.hpp:392; windows/App/ParameterAutomationWindow.hpp:147; windows/Session/PatternAutomation.inc:65,Token matches locate candidate controls; no command parity claim
381,Pattern automation / Copy range,,Pattern automation / Copy range/invoke,automation,windows/App/ParameterAutomationWindow.hpp;windows/App/AbsoluteAutomationWindow.hpp;windows/App/GraphCurveWindow.hpp;windows/Session/PatternAutomation.inc;editor/AutomationTools.cpp;mac/App/PatternAutomation.swift,Surface exists; individual command equivalence and availability require A16 (not a one-to-one shortcut mapping),P4,A01/A09,Use semantic action ID and Windows context/shortcut precedence; preserve local text editing and held musical keys,Not executed,windows/App/ParameterAutomationWindow.hpp:392; windows/App/ParameterAutomationWindow.hpp:146; windows/App/ParameterAutomationWindow.hpp:143,Token matches locate candidate controls; no command parity claim
382,Pattern automation / Ramp up,,Pattern automation / Ramp up/invoke,automation,windows/App/ParameterAutomationWindow.hpp;windows/App/AbsoluteAutomationWindow.hpp;windows/App/GraphCurveWindow.hpp;windows/Session/PatternAutomation.inc;editor/AutomationTools.cpp;mac/App/PatternAutomation.swift,Surface exists; individual command equivalence and availability require A16 (not a one-to-one shortcut mapping),P4,A01/A09,Use semantic action ID and Windows context/shortcut precedence; preserve local text editing and held musical keys,Not executed,windows/Session/PatternAutomation.inc:60; windows/App/ParameterAutomationWindow.hpp:392; windows/App/ParameterAutomationWindow.hpp:391,Token matches locate candidate controls; no command parity claim
383,Pattern automation / Ramp down,,Pattern automation / Ramp down/invoke,automation,windows/App/ParameterAutomationWindow.hpp;windows/App/AbsoluteAutomationWindow.hpp;windows/App/GraphCurveWindow.hpp;windows/Session/PatternAutomation.inc;editor/AutomationTools.cpp;mac/App/PatternAutomation.swift,Surface exists; individual command equivalence and availability require A16 (not a one-to-one shortcut mapping),P4,A01/A09,Use semantic action ID and Windows context/shortcut precedence; preserve local text editing and held musical keys,Not executed,windows/App/ParameterAutomationWindow.hpp:392; windows/Session/PatternAutomation.inc:60; windows/App/ParameterAutomationWindow.hpp:391,Token matches locate candidate controls; no command parity claim
384,Pattern automation / Pattern automation panel / Pin current target,,Pattern automation / Pattern automation panel / Pin current target/invoke,workspace,windows/App/WorkspaceRegions.hpp;windows/App/WorkspaceDocking.inc;windows/App/WorkspaceLayouts.inc;windows/App/WorkspaceCommands.inc;windows/App/WorkspaceShortcutDispatch.inc;windows/App/NativeToolWindow.hpp;mac/App/DockWorkspace.swift,Surface exists; individual command equivalence and availability require A16 (not a one-to-one shortcut mapping),P3/P8,A16,Use semantic action ID and Windows context/shortcut precedence; preserve local text editing and held musical keys,Not executed,windows/App/WorkspaceDocking.inc:584; windows/App/WorkspaceDocking.inc:595; windows/App/WorkspaceDocking.inc:580,Token matches locate candidate controls; no command parity claim
385,Pattern automation / Pattern automation panel / Inspect editing cursor,,Pattern automation / Pattern automation panel / Inspect editing cursor/invoke,workspace,windows/App/WorkspaceRegions.hpp;windows/App/WorkspaceDocking.inc;windows/App/WorkspaceLayouts.inc;windows/App/WorkspaceCommands.inc;windows/App/WorkspaceShortcutDispatch.inc;windows/App/NativeToolWindow.hpp;mac/App/DockWorkspace.swift,Surface exists; individual command equivalence and availability require A16 (not a one-to-one shortcut mapping),P3/P8,A16,Use semantic action ID and Windows context/shortcut precedence; preserve local text editing and held musical keys,Not executed,windows/App/WorkspaceCommands.inc:90; windows/App/WorkspaceDocking.inc:596; windows/App/WorkspaceDocking.inc:584,Token matches locate candidate controls; no command parity claim
386,Pattern automation / Pattern automation panel / Return to opening row,,Pattern automation / Pattern automation panel / Return to opening row/invoke,workspace,windows/App/WorkspaceRegions.hpp;windows/App/WorkspaceDocking.inc;windows/App/WorkspaceLayouts.inc;windows/App/WorkspaceCommands.inc;windows/App/WorkspaceShortcutDispatch.inc;windows/App/NativeToolWindow.hpp;mac/App/DockWorkspace.swift,Surface exists; individual command equivalence and availability require A16 (not a one-to-one shortcut mapping),P3/P8,A16,Use semantic action ID and Windows context/shortcut precedence; preserve local text editing and held musical keys,Not executed,windows/App/WorkspaceDocking.inc:584; windows/App/WorkspaceCommands.inc:90; windows/App/WorkspaceShortcutDispatch.inc:166,Token matches locate candidate controls; no command parity claim
387,Pattern automation / Pattern automation panel / Dock right,,Pattern automation / Pattern automation panel / Dock right/invoke,workspace,windows/App/WorkspaceRegions.hpp;windows/App/WorkspaceDocking.inc;windows/App/WorkspaceLayouts.inc;windows/App/WorkspaceCommands.inc;windows/App/WorkspaceShortcutDispatch.inc;windows/App/NativeToolWindow.hpp;mac/App/DockWorkspace.swift,Surface exists; individual command equivalence and availability require A16 (not a one-to-one shortcut mapping),P3/P8,A16,Use semantic action ID and Windows context/shortcut precedence; preserve local text editing and held musical keys,Not executed,windows/App/WorkspaceDocking.inc:584; windows/App/WorkspaceShortcutDispatch.inc:20; windows/App/WorkspaceRegions.hpp:128,Token matches locate candidate controls; no command parity claim
388,Pattern automation / Pattern automation panel / Dock below,,Pattern automation / Pattern automation panel / Dock below/invoke,workspace,windows/App/WorkspaceRegions.hpp;windows/App/WorkspaceDocking.inc;windows/App/WorkspaceLayouts.inc;windows/App/WorkspaceCommands.inc;windows/App/WorkspaceShortcutDispatch.inc;windows/App/NativeToolWindow.hpp;mac/App/DockWorkspace.swift,Surface exists; individual command equivalence and availability require A16 (not a one-to-one shortcut mapping),P3/P8,A16,Use semantic action ID and Windows context/shortcut precedence; preserve local text editing and held musical keys,Not executed,windows/App/WorkspaceDocking.inc:584; windows/App/WorkspaceDocking.inc:329; windows/App/WorkspaceCommands.inc:94,Token matches locate candidate controls; no command parity claim
389,Pattern automation / Pattern automation panel / Float,,Pattern automation / Pattern automation panel / Float/invoke,workspace,windows/App/WorkspaceRegions.hpp;windows/App/WorkspaceDocking.inc;windows/App/WorkspaceLayouts.inc;windows/App/WorkspaceCommands.inc;windows/App/WorkspaceShortcutDispatch.inc;windows/App/NativeToolWindow.hpp;mac/App/DockWorkspace.swift,Surface exists; individual command equivalence and availability require A16 (not a one-to-one shortcut mapping),P3/P8,A16,Use semantic action ID and Windows context/shortcut precedence; preserve local text editing and held musical keys,Not executed,windows/App/WorkspaceRegions.hpp:116; windows/App/WorkspaceRegions.hpp:112; windows/App/WorkspaceRegions.hpp:60,Token matches locate candidate controls; no command parity claim
390,Pattern automation / Pattern automation panel / Hide,,Pattern automation / Pattern automation panel / Hide/invoke,workspace,windows/App/WorkspaceRegions.hpp;windows/App/WorkspaceDocking.inc;windows/App/WorkspaceLayouts.inc;windows/App/WorkspaceCommands.inc;windows/App/WorkspaceShortcutDispatch.inc;windows/App/NativeToolWindow.hpp;mac/App/DockWorkspace.swift,Surface exists; individual command equivalence and availability require A16 (not a one-to-one shortcut mapping),P3/P8,A16,Use semantic action ID and Windows context/shortcut precedence; preserve local text editing and held musical keys,Not executed,windows/App/WorkspaceRegions.hpp:116; windows/App/WorkspaceRegions.hpp:61; windows/App/WorkspaceRegions.hpp:55,Token matches locate candidate controls; no command parity claim
391,Parameter activity / Last touched,,Parameter activity / Last touched/invoke,activity,windows/App/ParameterActivityWindow.hpp;windows/Session/ParameterActivityOperations.inc;windows/Session/GraphProvenanceOperations.inc;editor/hosted/ParameterActivity.hpp;editor/ParameterProvenance.cpp;mac/App/ParameterActivity.swift,Surface exists; individual command equivalence and availability require A16 (not a one-to-one shortcut mapping),P5,A01/A12,Use semantic action ID and Windows context/shortcut precedence; preserve local text editing and held musical keys,Not executed,windows/App/ParameterActivityWindow.hpp:154,Token matches locate candidate controls; no command parity claim
392,Parameter activity / Refresh copies,,Parameter activity / Refresh copies/invoke,activity,windows/App/ParameterActivityWindow.hpp;windows/Session/ParameterActivityOperations.inc;windows/Session/GraphProvenanceOperations.inc;editor/hosted/ParameterActivity.hpp;editor/ParameterProvenance.cpp;mac/App/ParameterActivity.swift,Surface exists; individual command equivalence and availability require A16 (not a one-to-one shortcut mapping),P5,A01/A12,Use semantic action ID and Windows context/shortcut precedence; preserve local text editing and held musical keys,Not executed,windows/App/ParameterActivityWindow.hpp:88; windows/Session/ParameterActivityOperations.inc:97; windows/Session/ParameterActivityOperations.inc:28,Token matches locate candidate controls; no command parity claim
393,Parameter activity / Freeze view,,Parameter activity / Freeze view/invoke,activity,windows/App/ParameterActivityWindow.hpp;windows/Session/ParameterActivityOperations.inc;windows/Session/GraphProvenanceOperations.inc;editor/hosted/ParameterActivity.hpp;editor/ParameterProvenance.cpp;mac/App/ParameterActivity.swift,Surface exists; individual command equivalence and availability require A16 (not a one-to-one shortcut mapping),P5,A01/A12,Use semantic action ID and Windows context/shortcut precedence; preserve local text editing and held musical keys,Not executed,windows/Session/ParameterActivityOperations.inc:27; windows/Session/ParameterActivityOperations.inc:21; windows/App/ParameterActivityWindow.hpp:168,Token matches locate candidate controls; no command parity claim
394,Parameter activity / Clear capture,,Parameter activity / Clear capture/invoke,activity,windows/App/ParameterActivityWindow.hpp;windows/Session/ParameterActivityOperations.inc;windows/Session/GraphProvenanceOperations.inc;editor/hosted/ParameterActivity.hpp;editor/ParameterProvenance.cpp;mac/App/ParameterActivity.swift,Surface exists; individual command equivalence and availability require A16 (not a one-to-one shortcut mapping),P5,A01/A12,Use semantic action ID and Windows context/shortcut precedence; preserve local text editing and held musical keys,Not executed,windows/App/ParameterActivityWindow.hpp:168; windows/Session/ParameterActivityOperations.inc:40; windows/Session/ParameterActivityOperations.inc:38,Token matches locate candidate controls; no command parity claim
395,Parameter activity / Play / capture pattern,,Parameter activity / Play / capture pattern/invoke,activity,windows/App/ParameterActivityWindow.hpp;windows/Session/ParameterActivityOperations.inc;windows/Session/GraphProvenanceOperations.inc;editor/hosted/ParameterActivity.hpp;editor/ParameterProvenance.cpp;mac/App/ParameterActivity.swift,Surface exists; individual command equivalence and availability require A16 (not a one-to-one shortcut mapping),P5,A01/A12,Use semantic action ID and Windows context/shortcut precedence; preserve local text editing and held musical keys,Not executed,windows/Session/ParameterActivityOperations.inc:98; windows/Session/ParameterActivityOperations.inc:94; windows/Session/ParameterActivityOperations.inc:93,Token matches locate candidate controls; no command parity claim
396,Parameter activity / −,,Parameter activity / −/invoke,activity,windows/App/ParameterActivityWindow.hpp;windows/Session/ParameterActivityOperations.inc;windows/Session/GraphProvenanceOperations.inc;editor/hosted/ParameterActivity.hpp;editor/ParameterProvenance.cpp;mac/App/ParameterActivity.swift,Surface exists; individual command equivalence and availability require A16 (not a one-to-one shortcut mapping),P5,A01/A12,Use semantic action ID and Windows context/shortcut precedence; preserve local text editing and held musical keys,Not executed,,Token matches locate candidate controls; no command parity claim
397,Parameter activity / +,,Parameter activity / +/invoke,activity,windows/App/ParameterActivityWindow.hpp;windows/Session/ParameterActivityOperations.inc;windows/Session/GraphProvenanceOperations.inc;editor/hosted/ParameterActivity.hpp;editor/ParameterProvenance.cpp;mac/App/ParameterActivity.swift,Surface exists; individual command equivalence and availability require A16 (not a one-to-one shortcut mapping),P5,A01/A12,Use semantic action ID and Windows context/shortcut precedence; preserve local text editing and held musical keys,Not executed,,Token matches locate candidate controls; no command parity claim
398,Parameter activity / Fit,,Parameter activity / Fit/invoke,activity,windows/App/ParameterActivityWindow.hpp;windows/Session/ParameterActivityOperations.inc;windows/Session/GraphProvenanceOperations.inc;editor/hosted/ParameterActivity.hpp;editor/ParameterProvenance.cpp;mac/App/ParameterActivity.swift,Surface exists; individual command equivalence and availability require A16 (not a one-to-one shortcut mapping),P5,A01/A12,Use semantic action ID and Windows context/shortcut precedence; preserve local text editing and held musical keys,Not executed,windows/App/ParameterActivityWindow.hpp:168; windows/App/ParameterActivityWindow.hpp:140,Token matches locate candidate controls; no command parity claim
399,Parameter activity / Edit mapping…,,Parameter activity / Edit mapping…/invoke,activity,windows/App/ParameterActivityWindow.hpp;windows/Session/ParameterActivityOperations.inc;windows/Session/GraphProvenanceOperations.inc;editor/hosted/ParameterActivity.hpp;editor/ParameterProvenance.cpp;mac/App/ParameterActivity.swift,Surface exists; individual command equivalence and availability require A16 (not a one-to-one shortcut mapping),P5,A01/A12,Use semantic action ID and Windows context/shortcut precedence; preserve local text editing and held musical keys,Not executed,windows/App/ParameterActivityWindow.hpp:167; windows/App/ParameterActivityWindow.hpp:105; windows/App/ParameterActivityWindow.hpp:104,Token matches locate candidate controls; no command parity claim
400,Parameter activity / Open source…,,Parameter activity / Open source…/invoke,activity,windows/App/ParameterActivityWindow.hpp;windows/Session/ParameterActivityOperations.inc;windows/Session/GraphProvenanceOperations.inc;editor/hosted/ParameterActivity.hpp;editor/ParameterProvenance.cpp;mac/App/ParameterActivity.swift,Surface exists; individual command equivalence and availability require A16 (not a one-to-one shortcut mapping),P5,A01/A12,Use semantic action ID and Windows context/shortcut precedence; preserve local text editing and held musical keys,Not executed,windows/App/ParameterActivityWindow.hpp:168; windows/Session/ParameterActivityOperations.inc:90; windows/Session/ParameterActivityOperations.inc:89,Token matches locate candidate controls; no command parity claim
401,Parameter activity / Add / update,,Parameter activity / Add / update/invoke,activity,windows/App/ParameterActivityWindow.hpp;windows/Session/ParameterActivityOperations.inc;windows/Session/GraphProvenanceOperations.inc;editor/hosted/ParameterActivity.hpp;editor/ParameterProvenance.cpp;mac/App/ParameterActivity.swift,Surface exists; individual command equivalence and availability require A16 (not a one-to-one shortcut mapping),P5,A01/A12,Use semantic action ID and Windows context/shortcut precedence; preserve local text editing and held musical keys,Not executed,,Token matches locate candidate controls; no command parity claim
402,Parameter activity / Delete point,,Parameter activity / Delete point/invoke,activity,windows/App/ParameterActivityWindow.hpp;windows/Session/ParameterActivityOperations.inc;windows/Session/GraphProvenanceOperations.inc;editor/hosted/ParameterActivity.hpp;editor/ParameterProvenance.cpp;mac/App/ParameterActivity.swift,Surface exists; individual command equivalence and availability require A16 (not a one-to-one shortcut mapping),P5,A01/A12,Use semantic action ID and Windows context/shortcut precedence; preserve local text editing and held musical keys,Not executed,windows/App/ParameterActivityWindow.hpp:168; windows/App/ParameterActivityWindow.hpp:103; windows/App/ParameterActivityWindow.hpp:138,Token matches locate candidate controls; no command parity claim
403,Parameter activity / Next page,,Parameter activity / Next page/invoke,activity,windows/App/ParameterActivityWindow.hpp;windows/Session/ParameterActivityOperations.inc;windows/Session/GraphProvenanceOperations.inc;editor/hosted/ParameterActivity.hpp;editor/ParameterProvenance.cpp;mac/App/ParameterActivity.swift,Surface exists; individual command equivalence and availability require A16 (not a one-to-one shortcut mapping),P5,A01/A12,Use semantic action ID and Windows context/shortcut precedence; preserve local text editing and held musical keys,Not executed,windows/Session/GraphProvenanceOperations.inc:19; windows/App/ParameterActivityWindow.hpp:171; windows/App/ParameterActivityWindow.hpp:168,Token matches locate candidate controls; no command parity claim
404,Parameter activity / Parameter activity panel / Pin current target,,Parameter activity / Parameter activity panel / Pin current target/invoke,workspace,windows/App/WorkspaceRegions.hpp;windows/App/WorkspaceDocking.inc;windows/App/WorkspaceLayouts.inc;windows/App/WorkspaceCommands.inc;windows/App/WorkspaceShortcutDispatch.inc;windows/App/NativeToolWindow.hpp;mac/App/DockWorkspace.swift,Surface exists; individual command equivalence and availability require A16 (not a one-to-one shortcut mapping),P3/P8,A16,Use semantic action ID and Windows context/shortcut precedence; preserve local text editing and held musical keys,Not executed,windows/App/WorkspaceDocking.inc:584; windows/App/WorkspaceDocking.inc:595; windows/App/WorkspaceDocking.inc:580,Token matches locate candidate controls; no command parity claim
405,Parameter activity / Parameter activity panel / Inspect editing cursor,,Parameter activity / Parameter activity panel / Inspect editing cursor/invoke,workspace,windows/App/WorkspaceRegions.hpp;windows/App/WorkspaceDocking.inc;windows/App/WorkspaceLayouts.inc;windows/App/WorkspaceCommands.inc;windows/App/WorkspaceShortcutDispatch.inc;windows/App/NativeToolWindow.hpp;mac/App/DockWorkspace.swift,Surface exists; individual command equivalence and availability require A16 (not a one-to-one shortcut mapping),P3/P8,A16,Use semantic action ID and Windows context/shortcut precedence; preserve local text editing and held musical keys,Not executed,windows/App/WorkspaceCommands.inc:90; windows/App/WorkspaceDocking.inc:596; windows/App/WorkspaceDocking.inc:584,Token matches locate candidate controls; no command parity claim
406,Parameter activity / Parameter activity panel / Return to opening row,,Parameter activity / Parameter activity panel / Return to opening row/invoke,workspace,windows/App/WorkspaceRegions.hpp;windows/App/WorkspaceDocking.inc;windows/App/WorkspaceLayouts.inc;windows/App/WorkspaceCommands.inc;windows/App/WorkspaceShortcutDispatch.inc;windows/App/NativeToolWindow.hpp;mac/App/DockWorkspace.swift,Surface exists; individual command equivalence and availability require A16 (not a one-to-one shortcut mapping),P3/P8,A16,Use semantic action ID and Windows context/shortcut precedence; preserve local text editing and held musical keys,Not executed,windows/App/WorkspaceDocking.inc:584; windows/App/WorkspaceCommands.inc:90; windows/App/WorkspaceShortcutDispatch.inc:166,Token matches locate candidate controls; no command parity claim
407,Parameter activity / Parameter activity panel / Dock right,,Parameter activity / Parameter activity panel / Dock right/invoke,workspace,windows/App/WorkspaceRegions.hpp;windows/App/WorkspaceDocking.inc;windows/App/WorkspaceLayouts.inc;windows/App/WorkspaceCommands.inc;windows/App/WorkspaceShortcutDispatch.inc;windows/App/NativeToolWindow.hpp;mac/App/DockWorkspace.swift,Surface exists; individual command equivalence and availability require A16 (not a one-to-one shortcut mapping),P3/P8,A16,Use semantic action ID and Windows context/shortcut precedence; preserve local text editing and held musical keys,Not executed,windows/App/WorkspaceDocking.inc:584; windows/App/WorkspaceShortcutDispatch.inc:20; windows/App/WorkspaceRegions.hpp:128,Token matches locate candidate controls; no command parity claim
408,Parameter activity / Parameter activity panel / Dock below,,Parameter activity / Parameter activity panel / Dock below/invoke,workspace,windows/App/WorkspaceRegions.hpp;windows/App/WorkspaceDocking.inc;windows/App/WorkspaceLayouts.inc;windows/App/WorkspaceCommands.inc;windows/App/WorkspaceShortcutDispatch.inc;windows/App/NativeToolWindow.hpp;mac/App/DockWorkspace.swift,Surface exists; individual command equivalence and availability require A16 (not a one-to-one shortcut mapping),P3/P8,A16,Use semantic action ID and Windows context/shortcut precedence; preserve local text editing and held musical keys,Not executed,windows/App/WorkspaceDocking.inc:584; windows/App/WorkspaceDocking.inc:329; windows/App/WorkspaceCommands.inc:94,Token matches locate candidate controls; no command parity claim
409,Parameter activity / Parameter activity panel / Float,,Parameter activity / Parameter activity panel / Float/invoke,workspace,windows/App/WorkspaceRegions.hpp;windows/App/WorkspaceDocking.inc;windows/App/WorkspaceLayouts.inc;windows/App/WorkspaceCommands.inc;windows/App/WorkspaceShortcutDispatch.inc;windows/App/NativeToolWindow.hpp;mac/App/DockWorkspace.swift,Surface exists; individual command equivalence and availability require A16 (not a one-to-one shortcut mapping),P3/P8,A16,Use semantic action ID and Windows context/shortcut precedence; preserve local text editing and held musical keys,Not executed,windows/App/WorkspaceRegions.hpp:116; windows/App/WorkspaceRegions.hpp:112; windows/App/WorkspaceRegions.hpp:60,Token matches locate candidate controls; no command parity claim
410,Parameter activity / Parameter activity panel / Hide,,Parameter activity / Parameter activity panel / Hide/invoke,workspace,windows/App/WorkspaceRegions.hpp;windows/App/WorkspaceDocking.inc;windows/App/WorkspaceLayouts.inc;windows/App/WorkspaceCommands.inc;windows/App/WorkspaceShortcutDispatch.inc;windows/App/NativeToolWindow.hpp;mac/App/DockWorkspace.swift,Surface exists; individual command equivalence and availability require A16 (not a one-to-one shortcut mapping),P3/P8,A16,Use semantic action ID and Windows context/shortcut precedence; preserve local text editing and held musical keys,Not executed,windows/App/WorkspaceRegions.hpp:116; windows/App/WorkspaceRegions.hpp:61; windows/App/WorkspaceRegions.hpp:55,Token matches locate candidate controls; no command parity claim
411,Arrangement / Matrix…,,Arrangement / Matrix…/invoke,arrangement,windows/App/ArrangementWindow.hpp;windows/App/ArrangementMatrixWindow.hpp;windows/Session/DocumentOperations.cpp;editor/ArrangementTools.cpp;mac/App/ArrangementMatrix.swift,Surface exists; individual command equivalence and availability require A16 (not a one-to-one shortcut mapping),P2/P3,A01/A04/A06,Use semantic action ID and Windows context/shortcut precedence; preserve local text editing and held musical keys,Not executed,windows/Session/DocumentOperations.cpp:165; windows/Session/DocumentOperations.cpp:143; windows/Session/DocumentOperations.cpp:137,Token matches locate candidate controls; no command parity claim
412,Arrangement / Insert after,,Arrangement / Insert after/invoke,arrangement,windows/App/ArrangementWindow.hpp;windows/App/ArrangementMatrixWindow.hpp;windows/Session/DocumentOperations.cpp;editor/ArrangementTools.cpp;mac/App/ArrangementMatrix.swift,Surface exists; individual command equivalence and availability require A16 (not a one-to-one shortcut mapping),P2/P3,A01/A04/A06,Use semantic action ID and Windows context/shortcut precedence; preserve local text editing and held musical keys,Not executed,windows/App/ArrangementWindow.hpp:372; windows/Session/DocumentOperations.cpp:354; windows/Session/DocumentOperations.cpp:297,Token matches locate candidate controls; no command parity claim
413,Arrangement / Orders / Insert before,,Arrangement / Orders / Insert before/invoke,arrangement,windows/App/ArrangementWindow.hpp;windows/App/ArrangementMatrixWindow.hpp;windows/Session/DocumentOperations.cpp;editor/ArrangementTools.cpp;mac/App/ArrangementMatrix.swift,Surface exists; individual command equivalence and availability require A16 (not a one-to-one shortcut mapping),P2/P3,A01/A04/A06,Use semantic action ID and Windows context/shortcut precedence; preserve local text editing and held musical keys,Not executed,windows/App/ArrangementWindow.hpp:372; windows/Session/DocumentOperations.cpp:354; windows/Session/DocumentOperations.cpp:297,Token matches locate candidate controls; no command parity claim
414,Arrangement / Orders / Insert after,,Arrangement / Orders / Insert after/invoke,arrangement,windows/App/ArrangementWindow.hpp;windows/App/ArrangementMatrixWindow.hpp;windows/Session/DocumentOperations.cpp;editor/ArrangementTools.cpp;mac/App/ArrangementMatrix.swift,Surface exists; individual command equivalence and availability require A16 (not a one-to-one shortcut mapping),P2/P3,A01/A04/A06,Use semantic action ID and Windows context/shortcut precedence; preserve local text editing and held musical keys,Not executed,windows/App/ArrangementWindow.hpp:372; windows/Session/DocumentOperations.cpp:354; windows/Session/DocumentOperations.cpp:297,Token matches locate candidate controls; no command parity claim
415,Arrangement / Orders / Move up,,Arrangement / Orders / Move up/invoke,arrangement,windows/App/ArrangementWindow.hpp;windows/App/ArrangementMatrixWindow.hpp;windows/Session/DocumentOperations.cpp;editor/ArrangementTools.cpp;mac/App/ArrangementMatrix.swift,Surface exists; individual command equivalence and availability require A16 (not a one-to-one shortcut mapping),P2/P3,A01/A04/A06,Use semantic action ID and Windows context/shortcut precedence; preserve local text editing and held musical keys,Not executed,windows/Session/DocumentOperations.cpp:306; windows/Session/DocumentOperations.cpp:216; windows/Session/DocumentOperations.cpp:177,Token matches locate candidate controls; no command parity claim
416,Arrangement / Orders / Move down,,Arrangement / Orders / Move down/invoke,arrangement,windows/App/ArrangementWindow.hpp;windows/App/ArrangementMatrixWindow.hpp;windows/Session/DocumentOperations.cpp;editor/ArrangementTools.cpp;mac/App/ArrangementMatrix.swift,Surface exists; individual command equivalence and availability require A16 (not a one-to-one shortcut mapping),P2/P3,A01/A04/A06,Use semantic action ID and Windows context/shortcut precedence; preserve local text editing and held musical keys,Not executed,windows/App/ArrangementWindow.hpp:372; windows/Session/DocumentOperations.cpp:355; windows/Session/DocumentOperations.cpp:306,Token matches locate candidate controls; no command parity claim
417,Arrangement / Orders / Remove order,,Arrangement / Orders / Remove order/invoke,arrangement,windows/App/ArrangementWindow.hpp;windows/App/ArrangementMatrixWindow.hpp;windows/Session/DocumentOperations.cpp;editor/ArrangementTools.cpp;mac/App/ArrangementMatrix.swift,Surface exists; individual command equivalence and availability require A16 (not a one-to-one shortcut mapping),P2/P3,A01/A04/A06,Use semantic action ID and Windows context/shortcut precedence; preserve local text editing and held musical keys,Not executed,windows/Session/DocumentOperations.cpp:355; windows/App/ArrangementWindow.hpp:377; windows/Session/DocumentOperations.cpp:358,Token matches locate candidate controls; no command parity claim
418,Arrangement / Previous section,,Arrangement / Previous section/invoke,arrangement,windows/App/ArrangementWindow.hpp;windows/App/ArrangementMatrixWindow.hpp;windows/Session/DocumentOperations.cpp;editor/ArrangementTools.cpp;mac/App/ArrangementMatrix.swift,Surface exists; individual command equivalence and availability require A16 (not a one-to-one shortcut mapping),P2/P3,A01/A04/A06,Use semantic action ID and Windows context/shortcut precedence; preserve local text editing and held musical keys,Not executed,windows/App/ArrangementWindow.hpp:374; windows/App/ArrangementWindow.hpp:434; windows/App/ArrangementWindow.hpp:423,Token matches locate candidate controls; no command parity claim
419,Arrangement / Next section,,Arrangement / Next section/invoke,arrangement,windows/App/ArrangementWindow.hpp;windows/App/ArrangementMatrixWindow.hpp;windows/Session/DocumentOperations.cpp;editor/ArrangementTools.cpp;mac/App/ArrangementMatrix.swift,Surface exists; individual command equivalence and availability require A16 (not a one-to-one shortcut mapping),P2/P3,A01/A04/A06,Use semantic action ID and Windows context/shortcut precedence; preserve local text editing and held musical keys,Not executed,windows/App/ArrangementWindow.hpp:374; windows/Session/DocumentOperations.cpp:225; windows/App/ArrangementWindow.hpp:434,Token matches locate candidate controls; no command parity claim
