reference_id,surface,title,reference_kind,fixture,reference_path,capture_date,source_commit,carried_forward,reproduction,reference_expected,windows_observed,remaining_and_limits,windows_sources,existing_test_sources,phase,acceptance_ids,runtime_status,historical_evidence,peer_review_disposition,peer_acceptance_proposal,peer_review_source,main_baseline,candidate_delta,candidate_evidence,review_main,review_checkout,current_main_disposition,current_checkout_disposition,current_evidence
01,workspace,Default Compose workspace,Live app,01,screenshots/01-default-compose.png,2026-10-08,000d47848a3476244e9f79c6e7153bf9e98c9067,True,Open fixture 01; Workspace → Compose.,"Transport, song sidebar, order strip, tracker grid, note inspector, status and autosave affordance.","Independent retained regions, named layouts, pins, Return, shortcuts and sequences exist.",Broader panel placements and individual local command discoverability; foreground keyboard/UIA/DPI checks.,windows/App/WorkspaceRegions.hpp;windows/App/WorkspaceDocking.inc;windows/App/WorkspaceLayouts.inc;windows/App/WorkspaceCommands.inc;windows/App/WorkspaceShortcutDispatch.inc;windows/App/NativeToolWindow.hpp;mac/App/DockWorkspace.swift,windows/Tests/test_workspace.py;windows/Tests/test_workspace_shortcuts.py;windows/Tests/test_precise_note_host.py;mac/Tests/WorkspaceInterfaceTests.swift,P3/P8,A16,Not executed in this planning task,See README provenance; no inherited current-main pass,"Adopt composing reachability and compact transport checks; exact order-chip design and Mac preset composition are proposals, not Windows parity requirements. Verify launch restoration and current foreground layout.","Fixture 01, Compose layout at 1280x800 DIP: transport shows play-from-start/play/stop/loop/follow/live keys and position+BPM; order chips with +Pattern/Duplicate/Remove; tracker focused; note inspector; autosave status.",peer-matrix-review.csv#01,ffe81aa4bfa83bc89b1e1dd92db06c67819c247a,"Existing 13a5be2ab/758cd1559: graph-curve measured combo bounds, exact workspace fixture client size, wheel-coordinate and preview-readiness fixture corrections; scoped evidence only; d37ecf785 / isolated 6c3eea908 adds exact client geometry in the Python owned-window fixture only.",Latest read-only snapshot 2026-10-09 11:34 UTC: runs 37923921386/37923921268 at isolated head 6c3eea908 remain in progress; no pass claimed. Existing p0a-client-geometry-ui-configured.log records 2 targeted cases passing on ARM64 binary receipt 758cd1559; separate surrogate log establishes wide/compact geometry. Earlier de3112d18 Mac passes / Windows setup failure remain historical. See planning-review-refresh.md.,16cab100b898f66726cfab6c2386887a9bcf5fd4,07060e1c4a7d5a5928c9762dd7897261636ef0b8,P0a measured Graph Curve layout and owned-window/percent/wheel/readiness fixture repairs merged. Successful retained-editor CI is scoped evidence; remaining workspace/foreground/DPI/UIA gaps persist.,No additional implemented parity gap closure established for this row by the branch diff. Original per-row acceptance remains required.,current-review.md; README.md A01-A18; original implementation/test pointers in this row; Windows run 37923921386 job 113798216568; Mac run 37923921268 jobs 113798215876/113798216235; tested tree 6433dc0 equals main
02,workspace,Command palette and shortcut management,Live app,01,screenshots/02-command-palette.png,2026-10-08,000d47848a3476244e9f79c6e7153bf9e98c9067,True,Cmd+K; clear the query.,"Searchable commands, current shortcuts, shortcut/sequence assignment, reset and Run.","Independent retained regions, named layouts, pins, Return, shortcuts and sequences exist.",Broader panel placements and individual local command discoverability; foreground keyboard/UIA/DPI checks.,windows/App/WorkspaceRegions.hpp;windows/App/WorkspaceDocking.inc;windows/App/WorkspaceLayouts.inc;windows/App/WorkspaceCommands.inc;windows/App/WorkspaceShortcutDispatch.inc;windows/App/NativeToolWindow.hpp;mac/App/DockWorkspace.swift,windows/Tests/test_workspace.py;windows/Tests/test_workspace_shortcuts.py;windows/Tests/test_precise_note_host.py;mac/Tests/WorkspaceInterfaceTests.swift,P3/P8,A16,Not executed in this planning task,See README provenance; no inherited current-main pass,Adopt item-level command reachability and availability checks. Do not equate 129 palette entries with all Windows actions or inherit heuristic matching counts as proof.,Ctrl+K lists every registry command including tool-window actions; unavailable entries greyed with reason and not run; sequence binding persists after restart; conflict rejected naming the other command.,peer-matrix-review.csv#02,ffe81aa4bfa83bc89b1e1dd92db06c67819c247a,,,16cab100b898f66726cfab6c2386887a9bcf5fd4,07060e1c4a7d5a5928c9762dd7897261636ef0b8,Baseline feature/contract assessment retained after post-reference diff review; no new parity implementation for this row. Source presence is not a runtime pass.,No additional implemented parity gap closure established for this row by the branch diff. Original per-row acceptance remains required.,current-review.md; README.md A01-A18; original implementation/test pointers in this row
03,keyboard,Keyboard and display settings,Live app,01,screenshots/03-keyboard-display.png,2026-10-08,000d47848a3476244e9f79c6e7153bf9e98c9067,True,ScreamSeq → Keyboard and Display.,"Two note-key rows, play key preference, pattern row-height control and Apply.",Live musical typing captures sound/owner; global shortcuts are configurable.,Fixed musical key rows and rowHeight=18 need settings; text/IME/AltGr precedence and no hanging held notes.,windows/App/MusicalTyping.inc;windows/App/WorkspaceView.inc;windows/App/WorkspaceShortcuts.hpp;mac/App/KeyboardSettings.swift,windows/Tests/test_workspace_shortcuts.py;windows/Tests/test_pattern_performance.py,P3,A05/A16,Not executed in this planning task,See README provenance; no inherited current-main pass,Fixed musical key rows and 18-DIP height confirmed previously. Preserve held-note physical ownership and saved shortcuts while adding preferences.,"Edit both note rows, choose Space or Return for play, set row height 18-34; grid geometry and hit-testing follow; settings persist; default physical-key layout unchanged for new users.",peer-matrix-review.csv#03,ffe81aa4bfa83bc89b1e1dd92db06c67819c247a,,,16cab100b898f66726cfab6c2386887a9bcf5fd4,07060e1c4a7d5a5928c9762dd7897261636ef0b8,Baseline feature/contract assessment retained after post-reference diff review; no new parity implementation for this row. Source presence is not a runtime pass.,No additional implemented parity gap closure established for this row by the branch diff. Original per-row acceptance remains required.,current-review.md; README.md A01-A18; original implementation/test pointers in this row
04,precise,"Precise notes, expanded details",Live app,04,screenshots/04-precise-notes-expanded.png,2026-10-08,000d47848a3476244e9f79c6e7153bf9e98c9067,True,"Pattern 0, row 0, channel 1; Pattern → Precise Notes; expand Selected hit details.","Four sub-row hits, velocity stems, editable beat/row offsets, note/instrument/volume/effect fields and retrigger controls.",Independent retained precise-note owner with fractional fields and captured sound.,"Compare direct table/gesture flow, per-hit effects, no-op, stale rejection and retained selected hit.",windows/App/PreciseNoteWindow.hpp;windows/App/PreciseNoteOwnerModel.inc;windows/App/PreciseNoteOwnerInteraction.inc;windows/Session/TimelineOperations.cpp;mac/App/PreciseNotes.swift,windows/Tests/test_precise_note_editor.py;windows/Tests/test_precise_note_host.py;mac/Tests/PreciseNotesInterfaceTests.swift,P3/P4,A01/A05,Not executed in this planning task,See README provenance; no inherited current-main pass,Adopt one-Undo direct gestures plus retained complex drafts; explicit Apply alone is not a defect. Stale write cannot discard raw draft.,"Fixture 04 P0 R0 ch1: 4 hits, row offsets 0/.25/.5/.75, beat offsets 0/.0625/.125/.1875, notes 49/56/61/56, velocities 98/79/110/61. Edit velocity: Undo count matches the agreed commit model; external edit mid-draft keeps the draft and rejects stale commit.",peer-matrix-review.csv#04,ffe81aa4bfa83bc89b1e1dd92db06c67819c247a,"Existing 13a5be2ab/758cd1559: graph-curve measured combo bounds, exact workspace fixture client size, wheel-coordinate and preview-readiness fixture corrections; scoped evidence only",planning-review-refresh.md; bin/parity-evidence/p0-layout-receipt.json at 758cd1559,16cab100b898f66726cfab6c2386887a9bcf5fd4,07060e1c4a7d5a5928c9762dd7897261636ef0b8,P0a measured Graph Curve layout and owned-window/percent/wheel/readiness fixture repairs merged. Successful retained-editor CI is scoped evidence; remaining workspace/foreground/DPI/UIA gaps persist.,Branch adds native draft summaries/registration for this owner family; final Application admission remains unwired. Selected census/completion evidence does not close F21 or this row.,current-review.md; README.md A01-A18; original implementation/test pointers in this row; Windows run 37923921386 job 113798216568; Mac run 37923921268 jobs 113798215876/113798216235; tested tree 6433dc0 equals main; 08b0f5e8c; DocumentDrafts.inc; NativeToolWindow.hpp; current-review.md owner census; bin/parity-evidence/p0b-census-receipt.json
05,effects,Extra pattern effect editor,Live app,04,screenshots/05-pattern-effects.png,2026-10-08,000d47848a3476244e9f79c6e7153bf9e98c9067,True,Pattern → Extra Effects; select channel 1 and its effect column.,"Column count, command picker, parameter binding, value, duration, preview and apply. Draft controls can differ from the saved command.","Unified FX descriptors, inline named values, search and guarded effects editor exist.","All 1-8 columns, bindings, unit conversions, clipboard and discoverable local commands.",windows/App/PatternEditor.inc;windows/App/PatternFields.hpp;windows/App/PatternGeometry.inc;windows/Session/PatternOperations.cpp;editor/NativePatternCommands.hpp;mac/App/PatternPerformance.swift,windows/Tests/test_pattern_performance.py;windows/Tests/UnifiedEffectsTests.cpp;mac/Tests/PatternPerformanceTests.mm,P3,A01/A05,Not executed in this planning task,See README provenance; no inherited current-main pass,Existing typed native FX controls are implemented. Preview/picker workflow is additional UI scope; do not rebuild command semantics.,Fixture 04 P0 ch1: 3 FX columns; row 4 FX2 pitch slide +2.5 st / 2 rows; row 8 FX3 nudge 35% / 1 beat; row 12 FX2 PS binding 1 at 60%. Preview leaves revision unchanged; Apply = one Undo.,peer-matrix-review.csv#05,ffe81aa4bfa83bc89b1e1dd92db06c67819c247a,"Existing 13a5be2ab/758cd1559: graph-curve measured combo bounds, exact workspace fixture client size, wheel-coordinate and preview-readiness fixture corrections; scoped evidence only",planning-review-refresh.md; bin/parity-evidence/p0-layout-receipt.json at 758cd1559,16cab100b898f66726cfab6c2386887a9bcf5fd4,07060e1c4a7d5a5928c9762dd7897261636ef0b8,Baseline feature/contract assessment retained after post-reference diff review; no new parity implementation for this row. Source presence is not a runtime pass.,Branch adds native draft summaries/registration for this owner family; final Application admission remains unwired. Selected census/completion evidence does not close F21 or this row.,current-review.md; README.md A01-A18; original implementation/test pointers in this row; 08b0f5e8c; DocumentDrafts.inc; NativeToolWindow.hpp; current-review.md owner census; bin/parity-evidence/p0b-census-receipt.json
06,timing,Tempo and groove,Live app,02,screenshots/06-tempo-groove.png,2026-10-08,000d47848a3476244e9f79c6e7153bf9e98c9067,True,Pattern → Tempo and Groove.,"Modern timing at 124.5 BPM, 4 rows/beat, 16 rows/bar, groove 1.12/0.88 and preview/apply.",Native song timing editor and shared timing model exist.,Timeline/ruler and live loop methods absent; verify first-visit timing and stopped timing-Apply semantics.,windows/App/SongTimingWindow.hpp;windows/App/SongTools.inc;windows/Session/DocumentOperations.cpp;editor/SongTiming.cpp;mac/App/SongTimingEditor.swift;mac/Bridge/TrackerSessionAPI.inc,windows/Tests/test_song_tools_ui.py,P3,A06,Not executed in this planning task,See README provenance; no inherited current-main pass,Aligned with existing scope. Keep peer acceptance as a future proposed check; source-specific subclaims require targeted confirmation before being labelled gaps. No runtime pass inherited.,"Fixture 02: modern timing 124.5 BPM, 6 ticks/row, 4 rows/beat, 16 rows/bar, groove 1.12/0.88/1.12/0.88; Preview during playback leaves revision unchanged; Apply = one Undo.",peer-matrix-review.csv#06,ffe81aa4bfa83bc89b1e1dd92db06c67819c247a,,,16cab100b898f66726cfab6c2386887a9bcf5fd4,07060e1c4a7d5a5928c9762dd7897261636ef0b8,Baseline feature/contract assessment retained after post-reference diff review; no new parity implementation for this row. Source presence is not a runtime pass.,Branch adds native draft summaries/registration for this owner family; final Application admission remains unwired. Selected census/completion evidence does not close F21 or this row.,current-review.md; README.md A01-A18; original implementation/test pointers in this row; 08b0f5e8c; DocumentDrafts.inc; NativeToolWindow.hpp; current-review.md owner census; bin/parity-evidence/p0b-census-receipt.json
07,tools,Pattern transform preview,Live app,04,screenshots/07-pattern-tools-preview.png,2026-10-08,000d47848a3476244e9f79c6e7153bf9e98c9067,True,Pattern → Pattern Tools; Current channel; Interpolate → Volume; From 4 to 64; Preview.,A populated before/after preview and guarded Apply changes. The preview was not applied to the fixture.,Shared transforms and Windows fixed direct commands exist.,Confirmed comprehensive scope/operation/interpolation/preview workbench UI gap; use current API.,windows/App/EditingView.inc;windows/Session/PatternTransform.inc;editor/PatternTools.cpp;mac/App/PatternTools.swift,mac/Tests/PatternToolsTests.cpp;windows/Tests/test_editor_app.py,P3,A01/A04/A05,Not executed in this planning task,See README provenance; no inherited current-main pass,Full retained transform preview workbench is a confirmed UI gap; preview must capture all settings and revision and allocate no live IDs.,"Fixture 04, current channel, Interpolate Volume 4->64: preview lists the same changes as Mac pattern.transform dryRun for identical params; any setting change discards preview; Apply reuses previewed revision; stale rejection; one Undo.",peer-matrix-review.csv#07,ffe81aa4bfa83bc89b1e1dd92db06c67819c247a,,,16cab100b898f66726cfab6c2386887a9bcf5fd4,07060e1c4a7d5a5928c9762dd7897261636ef0b8,Baseline feature/contract assessment retained after post-reference diff review; no new parity implementation for this row. Source presence is not a runtime pass.,No additional implemented parity gap closure established for this row by the branch diff. Original per-row acceptance remains required.,current-review.md; README.md A01-A18; original implementation/test pointers in this row
08,effects,Native command picker,Live app,02,screenshots/08-command-picker-native.png,2026-10-08,000d47848a3476244e9f79c6e7153bf9e98c9067,True,Pattern → Command Picker; search scratch.,"Native SK and SX commands, command descriptions and bounded parameter input.","Unified FX descriptors, inline named values, search and guarded effects editor exist.","All 1-8 columns, bindings, unit conversions, clipboard and discoverable local commands.",windows/App/PatternEditor.inc;windows/App/PatternFields.hpp;windows/App/PatternGeometry.inc;windows/Session/PatternOperations.cpp;editor/NativePatternCommands.hpp;mac/App/PatternPerformance.swift,windows/Tests/test_pattern_performance.py;windows/Tests/UnifiedEffectsTests.cpp;mac/Tests/PatternPerformanceTests.mm,P3,A01/A05,Not executed in this planning task,See README provenance; no inherited current-main pass,Aligned with existing scope. Keep peer acceptance as a future proposed check; source-specific subclaims require targeted confirmation before being labelled gaps. No runtime pass inherited.,Fixture 02 FX cell: open picker at cursor; search 'scratch' lists SK and SX with descriptions; bounded parameter entry; choosing SK offers the phrase editor.,peer-matrix-review.csv#08,ffe81aa4bfa83bc89b1e1dd92db06c67819c247a,,,16cab100b898f66726cfab6c2386887a9bcf5fd4,07060e1c4a7d5a5928c9762dd7897261636ef0b8,Baseline feature/contract assessment retained after post-reference diff review; no new parity implementation for this row. Source presence is not a runtime pass.,No additional implemented parity gap closure established for this row by the branch diff. Original per-row acceptance remains required.,current-review.md; README.md A01-A18; original implementation/test pointers in this row
09,scratch,Scratch phrase editor,Live app,02,screenshots/09-scratch-phrases.png,2026-10-08,000d47848a3476244e9f79c6e7153bf9e98c9067,True,Pattern → Scratch Phrases; select Parity two-click flare.,"Separate motion and fader curves, shared phase ruler, snap, cursor and use-in-pattern action.",Paired motion/fader scratch editor and shared SK/SX runtime exist.,"Verify linked cell/phrase clone, formula duration, current cursor/Return and two-repeat fixture.",windows/App/ScratchGestureWindow.hpp;windows/App/ScratchEditorState.hpp;windows/Session/ScratchGestureOperations.hpp;editor/ScratchGesture.cpp;editor/ScratchRuntime.cpp;mac/App/ScratchGestureEditor.swift,windows/Tests/test_scratch_editor.py;windows/Tests/ScratchEditorStateTests.cpp;editor/Tests/ScratchRuntimeTests.cpp,P4,A01/A05/A09,Not executed in this planning task,See README provenance; no inherited current-main pass,Aligned with existing scope. Keep peer acceptance as a future proposed check; source-specific subclaims require targeted confirmation before being labelled gaps. No runtime pass inherited.,"Fixture 02: phrase 'Parity two-click flare'; SK P0 r0 ch5 (API ch4) instr 5, 4 beats, 120 ms, repeats 2, forward; SX at row 16; Use in pattern + Undo.",peer-matrix-review.csv#09,ffe81aa4bfa83bc89b1e1dd92db06c67819c247a,,,16cab100b898f66726cfab6c2386887a9bcf5fd4,07060e1c4a7d5a5928c9762dd7897261636ef0b8,Baseline feature/contract assessment retained after post-reference diff review; no new parity implementation for this row. Source presence is not a runtime pass.,Branch adds native draft summaries/registration for this owner family; final Application admission remains unwired. Selected census/completion evidence does not close F21 or this row.,current-review.md; README.md A01-A18; original implementation/test pointers in this row; 08b0f5e8c; DocumentDrafts.inc; NativeToolWindow.hpp; current-review.md owner census; bin/parity-evidence/p0b-census-receipt.json
11,arrangement,Order and section editor,Live app,02,screenshots/11-order-editor.png,2026-10-08,000d47848a3476244e9f79c6e7153bf9e98c9067,True,Pattern → Arrange Orders.,"INTRO / VARIATION / RETURN, repeated pattern 0, 64-row patterns, order insertion, labels and annotations.",Order/matrix/annotations and shared whole-layer copy exist on main.,"Runtime check exact F04→F05, independent repeated order, density, collision modes, preview/no-op history.",windows/App/ArrangementWindow.hpp;windows/App/ArrangementMatrixWindow.hpp;windows/Session/DocumentOperations.cpp;editor/ArrangementTools.cpp;mac/App/ArrangementMatrix.swift,windows/Tests/test_matrix_api.py;windows/Tests/test_matrix_ui.py;windows/Tests/test_annotations_ui.py;mac/Tests/ArrangementToolsTests.cpp,P2/P3,A01/A04/A06,Not executed in this planning task,See README provenance; no inherited current-main pass,order.edit omits move/destination in Windows current source; adopt contract case. Button reordering already exists.,"Fixture 02: INTRO/VARIATION/RETURN, P0 repeated; insert, move (UI and order.edit move), rename, Undo; save/reopen preserves labels.",peer-matrix-review.csv#11,ffe81aa4bfa83bc89b1e1dd92db06c67819c247a,,,16cab100b898f66726cfab6c2386887a9bcf5fd4,07060e1c4a7d5a5928c9762dd7897261636ef0b8,Baseline feature/contract assessment retained after post-reference diff review; no new parity implementation for this row. Source presence is not a runtime pass.,Branch adds native draft summaries/registration for this owner family; final Application admission remains unwired. Selected census/completion evidence does not close F21 or this row.,current-review.md; README.md A01-A18; original implementation/test pointers in this row; 08b0f5e8c; DocumentDrafts.inc; NativeToolWindow.hpp; current-review.md owner census; bin/parity-evidence/p0b-census-receipt.json
12,arrangement,Arrangement matrix — current main,Live app,04,screenshots/12-arrangement-matrix.png,2026-10-09,ffe81aa4bfa83bc89b1e1dd92db06c67819c247a,False,Pattern → Arrangement Matrix.,Three orders across eight channels. Density and note totals now include precise events; source Pulse includes four sub-row hits plus three native effects. Refreshed on current main.,Order/matrix/annotations and shared whole-layer copy exist on main.,"Runtime check exact F04→F05, independent repeated order, density, collision modes, preview/no-op history.",windows/App/ArrangementWindow.hpp;windows/App/ArrangementMatrixWindow.hpp;windows/Session/DocumentOperations.cpp;editor/ArrangementTools.cpp;mac/App/ArrangementMatrix.swift,windows/Tests/test_matrix_api.py;windows/Tests/test_matrix_ui.py;windows/Tests/test_annotations_ui.py;mac/Tests/ArrangementToolsTests.cpp,P2/P3,A01/A04/A06,Not executed in this planning task,See README provenance; no inherited current-main pass,Aligned with existing scope. Keep peer acceptance as a future proposed check; source-specific subclaims require targeted confirmation before being labelled gaps. No runtime pass inherited.,arrangement.matrix for fixture 04 equals REF evidence/arrangement-before.json after removing revision tokens.,peer-matrix-review.csv#12,ffe81aa4bfa83bc89b1e1dd92db06c67819c247a,,,16cab100b898f66726cfab6c2386887a9bcf5fd4,07060e1c4a7d5a5928c9762dd7897261636ef0b8,Baseline feature/contract assessment retained after post-reference diff review; no new parity implementation for this row. Source presence is not a runtime pass.,Branch adds native draft summaries/registration for this owner family; final Application admission remains unwired. Selected census/completion evidence does not close F21 or this row.,current-review.md; README.md A01-A18; original implementation/test pointers in this row; 08b0f5e8c; DocumentDrafts.inc; NativeToolWindow.hpp; current-review.md owner census; bin/parity-evidence/p0b-census-receipt.json
13,tracks,New note track dialog,Live app,02,screenshots/13-new-note-track.png,2026-10-08,000d47848a3476244e9f79c6e7153bf9e98c9067,True,Pattern → New Note Track; enter a draft name and 3 columns without creating.,"Track name, polyphonic note-column count, output choice and shared mixer-group explanation.",Shared noteTracks/columnMutes/groupNoteColumns and codecs exist.,"Confirmed Windows track.* editing API, named/grouped headers and per-column mute UI gap.",editor/TrackLayout.cpp;editor/TrackLayout.hpp;mac/Bridge/TrackAPI.inc;windows/App/WorkspaceDraw.inc;windows/Session/HostedProject.cpp;mac/App/NoteTracks.swift,mac/Tests/NoteTrackTests.mm;mac/Tests/NoteTracksInterfaceTests.swift;windows/Tests/DocumentControllerTests.cpp,P2,A01/A03,Not executed in this planning task,See README provenance; no inherited current-main pass,"Track APIs/header grouping missing, shared model/codec exist. Structural create and live column mute require separate admission policies.",Fixture 02: New Note Track with 3 columns + output choice; Group Selected Columns; Ungroup keeps processing; column mute by header click; one Undo each; save/reopen; Mac reopen shows identical noteTracks.,peer-matrix-review.csv#13,ffe81aa4bfa83bc89b1e1dd92db06c67819c247a,,,16cab100b898f66726cfab6c2386887a9bcf5fd4,07060e1c4a7d5a5928c9762dd7897261636ef0b8,Baseline feature/contract assessment retained after post-reference diff review; no new parity implementation for this row. Source presence is not a runtime pass.,No additional implemented parity gap closure established for this row by the branch diff. Original per-row acceptance remains required.,current-review.md; README.md A01-A18; original implementation/test pointers in this row
14,sample,Waveform and loop handles,Live app,02,screenshots/14-sample-waveform-loops.png,2026-10-08,000d47848a3476244e9f79c6e7153bf9e98c9067,True,"Select sample 5, Parity loop / scratch source; Samples inspector.","Generated 24,000-frame waveform, normal loop at 2,400–19,200 frames, selection and zoom controls.",Retained waveform/process/loop/clipboard/snap/drawing workflows exist.,Direct manipulation consistency; exact PCM/settings presence and stale range/draft preservation.,windows/App/SampleDetailWindow.hpp;windows/App/SampleDetailWorkflows.inc;windows/App/SampleWorkflowDraft.hpp;windows/Session/AssetOperations.cpp;editor/SampleProcessing.cpp;mac/App/SampleWaveformEditor.swift,windows/Tests/test_sample_workflows_ui.py;windows/Tests/test_sample_settings_ui.py;windows/Tests/test_sample_detail_ui.py,P4,A01/A07,Not executed in this planning task,See README provenance; no inherited current-main pass,Adopt direct loop-handle/keyboard checks as planned ergonomics; current source already supports sample loop editing/preview/apply.,"Fixture 02 sample 5: 24,000 frames, forward loop 2,400-19,200; drag and keyboard-nudge loop end; commit per agreed model; Undo; stale rejection.",peer-matrix-review.csv#14,ffe81aa4bfa83bc89b1e1dd92db06c67819c247a,,,16cab100b898f66726cfab6c2386887a9bcf5fd4,07060e1c4a7d5a5928c9762dd7897261636ef0b8,Baseline feature/contract assessment retained after post-reference diff review; no new parity implementation for this row. Source presence is not a runtime pass.,Branch adds native draft summaries/registration for this owner family; final Application admission remains unwired. Selected census/completion evidence does not close F21 or this row.,current-review.md; README.md A01-A18; original implementation/test pointers in this row; 08b0f5e8c; DocumentDrafts.inc; NativeToolWindow.hpp; current-review.md owner census; bin/parity-evidence/p0b-census-receipt.json
15,sample,Sample processing and snapping,Live app,02,screenshots/15-sample-processing-snapping.png,2026-10-08,000d47848a3476244e9f79c6e7153bf9e98c9067,True,Sample 5; expand Edit audio and Snapping; scroll the inspector.,"Processing operation, curve, channel and range controls; snapping modes and preview/apply behavior.",Retained waveform/process/loop/clipboard/snap/drawing workflows exist.,Direct manipulation consistency; exact PCM/settings presence and stale range/draft preservation.,windows/App/SampleDetailWindow.hpp;windows/App/SampleDetailWorkflows.inc;windows/App/SampleWorkflowDraft.hpp;windows/Session/AssetOperations.cpp;editor/SampleProcessing.cpp;mac/App/SampleWaveformEditor.swift,windows/Tests/test_sample_workflows_ui.py;windows/Tests/test_sample_settings_ui.py;windows/Tests/test_sample_detail_ui.py,P4,A01/A07,Not executed in this planning task,See README provenance; no inherited current-main pass,Aligned with existing scope. Keep peer acceptance as a future proposed check; source-specific subclaims require targeted confirmation before being labelled gaps. No runtime pass inherited.,Fixture 02 sample 5: preview exponential fade-out (exp 3) leaves revision unchanged; Apply = one Undo; zero-crossing snap with search 2048.,peer-matrix-review.csv#15,ffe81aa4bfa83bc89b1e1dd92db06c67819c247a,,,16cab100b898f66726cfab6c2386887a9bcf5fd4,07060e1c4a7d5a5928c9762dd7897261636ef0b8,Baseline feature/contract assessment retained after post-reference diff review; no new parity implementation for this row. Source presence is not a runtime pass.,Branch adds native draft summaries/registration for this owner family; final Application admission remains unwired. Selected census/completion evidence does not close F21 or this row.,current-review.md; README.md A01-A18; original implementation/test pointers in this row; 08b0f5e8c; DocumentDrafts.inc; NativeToolWindow.hpp; current-review.md owner census; bin/parity-evidence/p0b-census-receipt.json
16,sample,"Crossfade, clipboard and sample settings",Live app,02,screenshots/16-sample-crossfade-clipboard-settings.png,2026-10-08,000d47848a3476244e9f79c6e7153bf9e98c9067,True,"Sample 5; expand crossfade, clipboard and settings; scroll down.","Loop crossfade, copy/cut/delete/new sample, paste mode/gains, sample pitch/volume and loop options.",Retained waveform/process/loop/clipboard/snap/drawing workflows exist.,Direct manipulation consistency; exact PCM/settings presence and stale range/draft preservation.,windows/App/SampleDetailWindow.hpp;windows/App/SampleDetailWorkflows.inc;windows/App/SampleWorkflowDraft.hpp;windows/Session/AssetOperations.cpp;editor/SampleProcessing.cpp;mac/App/SampleWaveformEditor.swift,windows/Tests/test_sample_workflows_ui.py;windows/Tests/test_sample_settings_ui.py;windows/Tests/test_sample_detail_ui.py,P4,A01/A07,Not executed in this planning task,See README provenance; no inherited current-main pass,Aligned with existing scope. Keep peer acceptance as a future proposed check; source-specific subclaims require targeted confirmation before being labelled gaps. No runtime pass inherited.,"Fixture 02 sample 5: copy, preview mix paste -6/0 dB, paste, Undo; Copy to new; 64-frame equal-power crossfade preview then apply.",peer-matrix-review.csv#16,ffe81aa4bfa83bc89b1e1dd92db06c67819c247a,,,16cab100b898f66726cfab6c2386887a9bcf5fd4,07060e1c4a7d5a5928c9762dd7897261636ef0b8,Baseline feature/contract assessment retained after post-reference diff review; no new parity implementation for this row. Source presence is not a runtime pass.,Branch adds native draft summaries/registration for this owner family; final Application admission remains unwired. Selected census/completion evidence does not close F21 or this row.,current-review.md; README.md A01-A18; original implementation/test pointers in this row; 08b0f5e8c; DocumentDrafts.inc; NativeToolWindow.hpp; current-review.md owner census; bin/parity-evidence/p0b-census-receipt.json
17,instrument,Instrument envelope and keymap,Live app,02,screenshots/17-instrument-envelope-keymap.png,2026-10-08,000d47848a3476244e9f79c6e7153bf9e98c9067,True,"Instrument 1, Pulse with ADSR; expand behavior and sample keymap.","Volume envelope, selected-node fields, sustain/loop flags, ADSR preset, NNA/duplicate-note behavior and note-to-sample map.","Native envelopes, keymap/settings and shared transforms exist.","Complete direct point and settings keyboard flow, NNA/duplicate behavior and linked envelope safety.",windows/App/InstrumentEnvelopeWindow.hpp;windows/Session/EnvelopeOperations.cpp;editor/InstrumentEnvelopeTools.cpp;mac/App/InstrumentEnvelopeToolsEditor.swift,windows/Tests/test_instrument_envelope_ui.py;mac/Tests/InstrumentEnvelopeInterfaceTests.swift,P4,A01/A08,Not executed in this planning task,See README provenance; no inherited current-main pass,Preserve compound form Apply and raw drafts while introducing gesture commits where useful; do not copy Mac per-keystroke history.,"Fixture 04 instrument 1/n20: volume (0,0),(4,64),(16,40),(40,0), sustain node 2; pan (0,16),(8,48),(24,32) enabled; Undo granularity matches agreed model.",peer-matrix-review.csv#17,ffe81aa4bfa83bc89b1e1dd92db06c67819c247a,,,16cab100b898f66726cfab6c2386887a9bcf5fd4,07060e1c4a7d5a5928c9762dd7897261636ef0b8,Baseline feature/contract assessment retained after post-reference diff review; no new parity implementation for this row. Source presence is not a runtime pass.,Branch adds native draft summaries/registration for this owner family; final Application admission remains unwired. Selected census/completion evidence does not close F21 or this row.,current-review.md; README.md A01-A18; original implementation/test pointers in this row; 08b0f5e8c; DocumentDrafts.inc; NativeToolWindow.hpp; current-review.md owner census; bin/parity-evidence/p0b-census-receipt.json
18,instrument,Instrument envelope transform tools,Live app,02,screenshots/18-instrument-envelope-tools.png,2026-10-08,000d47848a3476244e9f79c6e7153bf9e98c9067,True,Instrument 1 → Envelope tools.,"Envelope preview, tick range, transform selection, copy, preview, apply and reload.","Native envelopes, keymap/settings and shared transforms exist.","Complete direct point and settings keyboard flow, NNA/duplicate behavior and linked envelope safety.",windows/App/InstrumentEnvelopeWindow.hpp;windows/Session/EnvelopeOperations.cpp;editor/InstrumentEnvelopeTools.cpp;mac/App/InstrumentEnvelopeToolsEditor.swift,windows/Tests/test_instrument_envelope_ui.py;mac/Tests/InstrumentEnvelopeInterfaceTests.swift,P4,A01/A08,Not executed in this planning task,See README provenance; no inherited current-main pass,Aligned with existing scope. Keep peer acceptance as a future proposed check; source-specific subclaims require targeted confirmation before being labelled gaps. No runtime pass inherited.,Fixture 02: preview Scale ticks 0-16 leaves revision unchanged; Apply; one Undo.,peer-matrix-review.csv#18,ffe81aa4bfa83bc89b1e1dd92db06c67819c247a,,,16cab100b898f66726cfab6c2386887a9bcf5fd4,07060e1c4a7d5a5928c9762dd7897261636ef0b8,Baseline feature/contract assessment retained after post-reference diff review; no new parity implementation for this row. Source presence is not a runtime pass.,Branch adds native draft summaries/registration for this owner family; final Application admission remains unwired. Selected census/completion evidence does not close F21 or this row.,current-review.md; README.md A01-A18; original implementation/test pointers in this row; 08b0f5e8c; DocumentDrafts.inc; NativeToolWindow.hpp; current-review.md owner census; bin/parity-evidence/p0b-census-receipt.json
19,bank,Envelope bank before linking,Live app,04,screenshots/19-envelope-bank.png,2026-10-08,000d47848a3476244e9f79c6e7153bf9e98c9067,True,"Instrument 1 → Envelope bank. For the exact pre-link state, use Make current independent first.","Song template list, master shape and point editing, independent-copy versus linked use, catalogue copy actions. Capture was taken before the link was applied.","Song bank, links, independent catalogue and guarded native window exist.",Shared target handling and all editor entry points; no implicit master write-through; catalogue separate history.,windows/App/EnvelopeBankWindow.hpp;windows/Session/EnvelopeOperations.cpp;editor/EnvelopeBank.cpp;mac/Bridge/EnvelopeBankAPI.inc;mac/App/EnvelopeBank.swift,windows/Tests/test_envelope_bank_ui.py;mac/Tests/EnvelopeBankTests.mm,P4,A01/A08/A09,Not executed in this planning task,See README provenance; no inherited current-main pass,Aligned with existing scope. Keep peer acceptance as a future proposed check; source-specific subclaims require targeted confirmation before being labelled gaps. No runtime pass inherited.,"Fixture 04 with --envelope-test-catalogue: Make current independent, then template list, master edit, catalogue copy.",peer-matrix-review.csv#19,ffe81aa4bfa83bc89b1e1dd92db06c67819c247a,,,16cab100b898f66726cfab6c2386887a9bcf5fd4,07060e1c4a7d5a5928c9762dd7897261636ef0b8,Baseline feature/contract assessment retained after post-reference diff review; no new parity implementation for this row. Source presence is not a runtime pass.,Branch adds native draft summaries/registration for this owner family; final Application admission remains unwired. Selected census/completion evidence does not close F21 or this row.,current-review.md; README.md A01-A18; original implementation/test pointers in this row; 08b0f5e8c; DocumentDrafts.inc; NativeToolWindow.hpp; current-review.md owner census; bin/parity-evidence/p0b-census-receipt.json
21,plugins,Docked plugin rack and parameter controls,Live app,02,screenshots/21-plugin-rack-controls.png,2026-10-08,000d47848a3476244e9f79c6e7153bf9e98c9067,True,Plugins inspector; select Gainer.,"Rack order, enable/bypass checks, parameter search, numeric values and per-parameter actions.","Builtin/VST3 library, rack, programs, ports, aliases, presets and path repair exist.","Efficient parameter controls, current live effect preset behavior, architecture/editor/vendor qualification. AU execution intentionally unavailable.",windows/App/PluginEditor.inc;windows/App/PluginLibraryWindow.hpp;windows/App/PluginInstrumentsWindow.hpp;windows/Session/PluginOperations.cpp;windows/Plugins/WindowsVST3.cpp;editor/NativeEffects.cpp;mac/App/PluginEditor.swift,windows/Tests/test_plugins_app.py;windows/Tests/test_plugin_presets.py;windows/Tests/test_plugin_library.py;windows/Tests/Plugins/EditorTests.cpp,P4/P7,A01/A17,Not executed in this planning task,See README provenance; no inherited current-main pass,"Adopt searchable typed parameters, destination-aware controls and activity links. Existing API/plugin-state publication is not missing.",Fixture 04 Gainer: searchable parameter list; Gain slider gesture = one Undo; enum/bool parameters show labelled choices; compare names with REF evidence/effect-01.ax.txt.,peer-matrix-review.csv#21,ffe81aa4bfa83bc89b1e1dd92db06c67819c247a,,,16cab100b898f66726cfab6c2386887a9bcf5fd4,07060e1c4a7d5a5928c9762dd7897261636ef0b8,Baseline feature/contract assessment retained after post-reference diff review; no new parity implementation for this row. Source presence is not a runtime pass.,Branch adds native draft summaries/registration for this owner family; final Application admission remains unwired. Selected census/completion evidence does not close F21 or this row.,current-review.md; README.md A01-A18; original implementation/test pointers in this row; 08b0f5e8c; DocumentDrafts.inc; NativeToolWindow.hpp; current-review.md owner census; bin/parity-evidence/p0b-census-receipt.json
23,automation,Pattern automation curve,Live app,02,screenshots/23-pattern-automation.png,2026-10-08,000d47848a3476244e9f79c6e7153bf9e98c9067,True,Automation → Pattern Automation; Gainer → Gain.,"Four-point curve with smooth, linear and scripted segments; snap, zoom, enabled, point editing and gesture recording.","Pattern parameter and absolute lane editors, graph curves and shared tools exist.","Consistent direct editing, gesture commits, bank/transform access, recordings and source identity.",windows/App/ParameterAutomationWindow.hpp;windows/App/AbsoluteAutomationWindow.hpp;windows/App/GraphCurveWindow.hpp;windows/Session/PatternAutomation.inc;editor/AutomationTools.cpp;mac/App/PatternAutomation.swift,windows/Tests/test_parameter_automation_ui.py;windows/Tests/test_absolute_automation_ui.py;windows/Tests/test_graph_curve_host.py,P4/P4b/P8,A01/A09,Not executed in this planning task,See README provenance; no inherited current-main pass,Add explicit manual-capture workflow; existing recorded-point APIs are not the same as record-gesture arming.,"Fixture 02/04 P0 Gainer Gain: points rows 0/16/32/48, values .35/.8/.45/.65, shapes smooth/linear/scripted/linear; drag point commits per agreed model; one Undo; save/reopen.",peer-matrix-review.csv#23,ffe81aa4bfa83bc89b1e1dd92db06c67819c247a,,,16cab100b898f66726cfab6c2386887a9bcf5fd4,07060e1c4a7d5a5928c9762dd7897261636ef0b8,Baseline feature/contract assessment retained after post-reference diff review; no new parity implementation for this row. Source presence is not a runtime pass.,Branch adds native draft summaries/registration for this owner family; final Application admission remains unwired. Selected census/completion evidence does not close F21 or this row.,current-review.md; README.md A01-A18; original implementation/test pointers in this row; 08b0f5e8c; DocumentDrafts.inc; NativeToolWindow.hpp; current-review.md owner census; bin/parity-evidence/p0b-census-receipt.json
24,formula,Formula workbench,Live app,02,screenshots/24-formula-workbench.png,2026-10-08,000d47848a3476244e9f79c6e7153bf9e98c9067,True,Select the scripted point at row 32 on Gainer Gain; Expand formula.,"Expression, live preview, values/functions reference, compile feedback and Use formula action.",Retained formula workbench with generation-aware Apply exists.,Completion/reference navigation and error display; newer typing must survive every parent Apply.,windows/App/FormulaWorkbenchWindow.hpp;windows/App/FormulaApplyState.hpp;editor/CurveFormula.hpp;editor/CurveFormulaReference.hpp;mac/App/FormulaWorkbench.swift,windows/Tests/test_formula_workbench.py;mac/Tests/CurveFormulaTests.cpp,P4,A01/A09,Not executed in this planning task,See README provenance; no inherited current-main pass,Aligned with existing scope. Keep peer acceptance as a future proposed check; source-specific subclaims require targeted confirmation before being labelled gaps. No runtime pass inherited.,Row-32 segment shows start+(end-start)*t + 0.06*sin(t*pi*4) with live preview; Use formula commits per agreed model; one Undo.,peer-matrix-review.csv#24,ffe81aa4bfa83bc89b1e1dd92db06c67819c247a,,,16cab100b898f66726cfab6c2386887a9bcf5fd4,07060e1c4a7d5a5928c9762dd7897261636ef0b8,Baseline feature/contract assessment retained after post-reference diff review; no new parity implementation for this row. Source presence is not a runtime pass.,Branch adds native draft summaries/registration for this owner family; final Application admission remains unwired. Selected census/completion evidence does not close F21 or this row.,current-review.md; README.md A01-A18; original implementation/test pointers in this row; 08b0f5e8c; DocumentDrafts.inc; NativeToolWindow.hpp; current-review.md owner census; bin/parity-evidence/p0b-census-receipt.json
25,formula,Formula validation error,Live app,02,screenshots/25-formula-validation.png,2026-10-08,000d47848a3476244e9f79c6e7153bf9e98c9067,True,In the formula workbench type sin( and compile; cancel afterward.,Inline parse error and preserved preview. This invalid draft is deliberately not persisted.,Retained formula workbench with generation-aware Apply exists.,Completion/reference navigation and error display; newer typing must survive every parent Apply.,windows/App/FormulaWorkbenchWindow.hpp;windows/App/FormulaApplyState.hpp;editor/CurveFormula.hpp;editor/CurveFormulaReference.hpp;mac/App/FormulaWorkbench.swift,windows/Tests/test_formula_workbench.py;mac/Tests/CurveFormulaTests.cpp,P4,A01/A09,Not executed in this planning task,See README provenance; no inherited current-main pass,"Retaining last-valid formula preview is a proposal; label it stale/last valid, disable Use on invalid input, verify current native behavior.","Type 'sin(' and Check: inline 'Formula at character 5' error, previous valid preview retained, Use disabled, song revision unchanged.",peer-matrix-review.csv#25,ffe81aa4bfa83bc89b1e1dd92db06c67819c247a,,,16cab100b898f66726cfab6c2386887a9bcf5fd4,07060e1c4a7d5a5928c9762dd7897261636ef0b8,Baseline feature/contract assessment retained after post-reference diff review; no new parity implementation for this row. Source presence is not a runtime pass.,Branch adds native draft summaries/registration for this owner family; final Application admission remains unwired. Selected census/completion evidence does not close F21 or this row.,current-review.md; README.md A01-A18; original implementation/test pointers in this row; 08b0f5e8c; DocumentDrafts.inc; NativeToolWindow.hpp; current-review.md owner census; bin/parity-evidence/p0b-census-receipt.json
26,automation,Automation range and transform tools,Live app,04,screenshots/26-automation-transform-tools.png,2026-10-08,000d47848a3476244e9f79c6e7153bf9e98c9067,True,Gainer Gain automation → More → Range and transform tools.,"Explicit row span, transform, apply/copy controls under the canonical saved curve.","Pattern parameter and absolute lane editors, graph curves and shared tools exist.","Consistent direct editing, gesture commits, bank/transform access, recordings and source identity.",windows/App/ParameterAutomationWindow.hpp;windows/App/AbsoluteAutomationWindow.hpp;windows/App/GraphCurveWindow.hpp;windows/Session/PatternAutomation.inc;editor/AutomationTools.cpp;mac/App/PatternAutomation.swift,windows/Tests/test_parameter_automation_ui.py;windows/Tests/test_absolute_automation_ui.py;windows/Tests/test_graph_curve_host.py,P4,A01/A09,Not executed in this planning task,See README provenance; no inherited current-main pass,"Keep preview/apply as a valid equivalent for compound transforms, with exact scope/history and stale protection.","Fixture 04 Gainer Gain: Flip time over rows 0-64; copy 0-16, paste at 32 x2; same clip count as Mac; one Undo.",peer-matrix-review.csv#26,ffe81aa4bfa83bc89b1e1dd92db06c67819c247a,,,16cab100b898f66726cfab6c2386887a9bcf5fd4,07060e1c4a7d5a5928c9762dd7897261636ef0b8,Baseline feature/contract assessment retained after post-reference diff review; no new parity implementation for this row. Source presence is not a runtime pass.,Branch adds native draft summaries/registration for this owner family; final Application admission remains unwired. Selected census/completion evidence does not close F21 or this row.,current-review.md; README.md A01-A18; original implementation/test pointers in this row; 08b0f5e8c; DocumentDrafts.inc; NativeToolWindow.hpp; current-review.md owner census; bin/parity-evidence/p0b-census-receipt.json
27,activity,Parameter activity and source attribution,Live app,02,screenshots/27-parameter-activity.png,2026-10-08,000d47848a3476244e9f79c6e7153bf9e98c9067,True,Open Parameter activity; choose Gainer → Gain.,"Capture status, recent-time/pattern-pass views, source breakdown and source navigation. Stopped state has no delivered-value trace.","Native activity panel, saved-point editing, separate Absolute Automation editor and prepared live recorded-timeline publication exist. Activity Fit/zoomOut/zoomIn already handled in ParameterActivityWindow.hpp::action and laid out as native buttons.","Names-first targets; stopped initial Activity catalogue versus stopped lane access; exact copy identity, navigation, stale telemetry; preserve supported live point edits and atomic refusal (F28/A12).",windows/App/ParameterActivityWindow.hpp;windows/Session/ParameterActivityOperations.inc;windows/Session/GraphProvenanceOperations.inc;editor/hosted/ParameterActivity.hpp;editor/ParameterProvenance.cpp;mac/App/ParameterActivity.swift;windows/App/AbsoluteAutomationWindow.hpp;windows/Session/AbsoluteAutomation.inc;windows/Session/PluginOperations.cpp;windows/Session/DocumentController.cpp;mac/Bridge/ParameterActivityAPI.inc;mac/Bridge/TrackerSession.mm,windows/Tests/test_main_integration.py;mac/Tests/ParameterActivityTests.mm;windows/Tests/LiveGraphPublicationTests.inc,P5,A01/A12,Not executed in this planning task,See README provenance; no inherited current-main pass,"Stopped enumeration, retargeting and re-watch after engine rebuild require runtime/source-path qualification; API observation/provenance already exists. Correction: peer claim of missing zoom is false in current source; qualify existing zoom and prepared-copy transitions instead.",Fixture 02 stopped: rack processors listed with explicit empty trace; play P0: Gainer Gain trace + source breakdown; engine rebuild keeps watching; Open source navigates to the lane.,peer-matrix-review.csv#27,ffe81aa4bfa83bc89b1e1dd92db06c67819c247a,,,16cab100b898f66726cfab6c2386887a9bcf5fd4,07060e1c4a7d5a5928c9762dd7897261636ef0b8,Saved recorded-point reads and prepared live edit/Undo publication already exist. Activity prepared-copy catalogue is a distinct stopped-state question; manual gesture capture and navigation/ergonomics gaps remain.,Branch adds native draft summaries/registration for this owner family; final Application admission remains unwired. Selected census/completion evidence does not close F21 or this row.,current-review.md; README.md A01-A18; original implementation/test pointers in this row; 08b0f5e8c; DocumentDrafts.inc; NativeToolWindow.hpp; current-review.md owner census; bin/parity-evidence/p0b-census-receipt.json
28,activity,Recorded automation point editor,Live app,02,screenshots/28-recorded-automation-editor.png,2026-10-08,000d47848a3476244e9f79c6e7153bf9e98c9067,True,Parameter activity → Recorded points.,"Recorded point table, time/value fields, add/update/delete and empty-state explanation. Fixture has no recorded take.","Native activity panel, saved-point editing, separate Absolute Automation editor and prepared live recorded-timeline publication exist.","Names-first targets; stopped initial Activity catalogue versus stopped lane access; exact copy identity, navigation, stale telemetry; preserve supported live point edits and atomic refusal (F28/A12).",windows/App/ParameterActivityWindow.hpp;windows/Session/ParameterActivityOperations.inc;windows/Session/GraphProvenanceOperations.inc;editor/hosted/ParameterActivity.hpp;editor/ParameterProvenance.cpp;mac/App/ParameterActivity.swift;windows/App/AbsoluteAutomationWindow.hpp;windows/Session/AbsoluteAutomation.inc;windows/Session/PluginOperations.cpp;windows/Session/DocumentController.cpp;mac/Bridge/ParameterActivityAPI.inc;mac/Bridge/TrackerSession.mm,windows/Tests/test_main_integration.py;mac/Tests/ParameterActivityTests.mm;windows/Tests/LiveGraphPublicationTests.inc,P5,A01/A12,Not executed in this planning task,See README provenance; no inherited current-main pass,"Upsert/move UI intent requires explicit commands; stopped reads and prepared live edits already exist. Preserve strict revision guards; unrelated edits may require reread/revalidation, never blind rebase. See F28 and handoff-details.md.",Fixture 02: empty-state text; add at 0.5 s on a parameter without envelope; move; delete; one Undo each; unrelated edit does not block point edit; save/reopen.,peer-matrix-review.csv#28,ffe81aa4bfa83bc89b1e1dd92db06c67819c247a,,,16cab100b898f66726cfab6c2386887a9bcf5fd4,07060e1c4a7d5a5928c9762dd7897261636ef0b8,Saved recorded-point reads and prepared live edit/Undo publication already exist. Activity prepared-copy catalogue is a distinct stopped-state question; manual gesture capture and navigation/ergonomics gaps remain.,Branch adds native draft summaries/registration for this owner family; final Application admission remains unwired. Selected census/completion evidence does not close F21 or this row.,current-review.md; README.md A01-A18; original implementation/test pointers in this row; 08b0f5e8c; DocumentDrafts.inc; NativeToolWindow.hpp; current-review.md owner census; bin/parity-evidence/p0b-census-receipt.json
29,graph,Song graph and processing stages,Live app,03,screenshots/29-song-graph-stages.png,2026-10-08,000d47848a3476244e9f79c6e7153bf9e98c9067,True,Audio & modulation graph → Song.,"Track sources, persistent and ordinary graph stages, physical ports and audio cables. Scroll to see the remaining song nodes.","Song/recipe graph operations, groups, notes, fanout and native workflow forms/canvas exist.","Direct contextual canvas actions, all command coverage, compact inspectors and live/error/runtime equivalence.",windows/App/GraphEditor.inc;windows/App/GraphCanvas.hpp;windows/App/GraphWorkflowWindow.hpp;windows/App/GraphWorkflowActions.inc;windows/Session/GraphOperations.cpp;editor/GraphEditing.cpp;mac/App/SignalGraphEditor.swift,windows/Tests/test_graph_editor.py;windows/Tests/test_main_integration.py;windows/Tests/GraphOperations/GraphOperationsTests.cpp;mac/Tests/SignalGraphSessionTests.mm,P5,A01/A10/A11/A12,Not executed in this planning task,See README provenance; no inherited current-main pass,Aligned with existing scope. Keep peer acceptance as a future proposed check; source-specific subclaims require targeted confirmation before being labelled gaps. No runtime pass inherited.,Fixture 03/04: node and edge set equals Mac screenshot 29 / graph.get; activity badges during playback.,peer-matrix-review.csv#29,ffe81aa4bfa83bc89b1e1dd92db06c67819c247a,,,16cab100b898f66726cfab6c2386887a9bcf5fd4,07060e1c4a7d5a5928c9762dd7897261636ef0b8,Baseline feature/contract assessment retained after post-reference diff review; no new parity implementation for this row. Source presence is not a runtime pass. F22 stage-role defect remains on main.,Branch adds native draft summaries/registration for this owner family; final Application admission remains unwired. Selected census/completion evidence does not close F21 or this row. Existing e7f165eb4 role/capability checks block ordinary assignment/inserts from Row/Persistent cards; shared-definition navigation remains. Not yet on main.,current-review.md; README.md A01-A18; original implementation/test pointers in this row; 08b0f5e8c; DocumentDrafts.inc; NativeToolWindow.hpp; current-review.md owner census; bin/parity-evidence/p0b-census-receipt.json; SongRoutingCanvas.hpp; SongRoutingWindow.hpp; windows/Tests/test_song_routing.py; IMPLEMENTATION.md role evidence
30,graph,Graph-stage inspector,Live app,03,screenshots/30-graph-stage-inspector.png,2026-10-08,000d47848a3476244e9f79c6e7153bf9e98c9067,True,Song graph; click Pulse persistent stage.,Stage identity and route context; distinguish stages from shared library definitions and live processor copies.,"Song/recipe graph operations, groups, notes, fanout and native workflow forms/canvas exist.","Direct contextual canvas actions, all command coverage, compact inspectors and live/error/runtime equivalence.",windows/App/GraphEditor.inc;windows/App/GraphCanvas.hpp;windows/App/GraphWorkflowWindow.hpp;windows/App/GraphWorkflowActions.inc;windows/Session/GraphOperations.cpp;editor/GraphEditing.cpp;mac/App/SignalGraphEditor.swift,windows/Tests/test_graph_editor.py;windows/Tests/test_main_integration.py;windows/Tests/GraphOperations/GraphOperationsTests.cpp;mac/Tests/SignalGraphSessionTests.mm,P0b/P5/P8,A01/A10/A11/A12,Not executed in this planning task,See README provenance; no inherited current-main pass,"Independently confirmed role-blind assignment path; P0b fix before general graph redesign. Role text exists in canvas detail, but action identity/inspector are insufficient.",Fixture 03: selecting the Persistent card shows role-specific controls only; Assign cannot alter the Ordinary assignment; identity text shows role and n34.,peer-matrix-review.csv#30,ffe81aa4bfa83bc89b1e1dd92db06c67819c247a,e7f165eb4: explicit stage role and capability checks in controls and handlers; selected Row/Persistent recipe retained. Main still has F22. Broader live-copy observation/navigation remains P5.,"current-source-review.md; existing source/logs only, no new execution or main parity pass",16cab100b898f66726cfab6c2386887a9bcf5fd4,07060e1c4a7d5a5928c9762dd7897261636ef0b8,Baseline feature/contract assessment retained after post-reference diff review; no new parity implementation for this row. Source presence is not a runtime pass. F22 stage-role defect remains on main.,Branch adds native draft summaries/registration for this owner family; final Application admission remains unwired. Selected census/completion evidence does not close F21 or this row. Existing e7f165eb4 role/capability checks block ordinary assignment/inserts from Row/Persistent cards; shared-definition navigation remains. Not yet on main.,current-review.md; README.md A01-A18; original implementation/test pointers in this row; 08b0f5e8c; DocumentDrafts.inc; NativeToolWindow.hpp; current-review.md owner census; bin/parity-evidence/p0b-census-receipt.json; SongRoutingCanvas.hpp; SongRoutingWindow.hpp; windows/Tests/test_song_routing.py; IMPLEMENTATION.md role evidence
31,graph,Reusable audio/modulation recipe,Live app,03,screenshots/31-recipe-audio-modulation.png,2026-10-08,000d47848a3476244e9f79c6e7153bf9e98c9067,True,Double-click Pulse movement in the Song graph.,"Input → plugin → Output audio path, LFO modulation wire and pattern automation source. This earlier fixture intentionally has zero modulation depth.","Song/recipe graph operations, groups, notes, fanout and native workflow forms/canvas exist.","Direct contextual canvas actions, all command coverage, compact inspectors and live/error/runtime equivalence.",windows/App/GraphEditor.inc;windows/App/GraphCanvas.hpp;windows/App/GraphWorkflowWindow.hpp;windows/App/GraphWorkflowActions.inc;windows/Session/GraphOperations.cpp;editor/GraphEditing.cpp;mac/App/SignalGraphEditor.swift,windows/Tests/test_graph_editor.py;windows/Tests/test_main_integration.py;windows/Tests/GraphOperations/GraphOperationsTests.cpp;mac/Tests/SignalGraphSessionTests.mm,P5,A01/A10/A11/A12,Not executed in this planning task,See README provenance; no inherited current-main pass,Adopt per-level navigation and direct gesture ergonomics. Definition/draft currently exists; do not claim entire recipe editor is absent.,"Fixture 03 Pulse movement: 5 nodes, audio path, zero-depth LFO wire; open by double-click and breadcrumb.",peer-matrix-review.csv#31,ffe81aa4bfa83bc89b1e1dd92db06c67819c247a,,,16cab100b898f66726cfab6c2386887a9bcf5fd4,07060e1c4a7d5a5928c9762dd7897261636ef0b8,Baseline feature/contract assessment retained after post-reference diff review; no new parity implementation for this row. Source presence is not a runtime pass. F23 fresh modulation/default and field-preservation repair is not on main.,Branch adds native draft summaries/registration for this owner family; final Application admission remains unwired. Selected census/completion evidence does not close F21 or this row. Existing d59c24c8c preserves selected wire fields and uses zero-depth/catalogue-derived defaults with captured endpoints/generation. Not yet integrated.,current-review.md; README.md A01-A18; original implementation/test pointers in this row; 08b0f5e8c; DocumentDrafts.inc; NativeToolWindow.hpp; current-review.md owner census; bin/parity-evidence/p0b-census-receipt.json; GraphCableEdits.hpp; GraphEditor.inc; FanConnectionOperationsTests.inc; windows/Tests/test_graph_editor.py
32,graph,LFO node controls,Live app,03,screenshots/32-lfo-controls.png,2026-10-08,000d47848a3476244e9f79c6e7153bf9e98c9067,True,Open Pulse movement; select Slow pulse.,"Source name, rate and phase controls inside a reusable definition.","Song/recipe graph operations, groups, notes, fanout and native workflow forms/canvas exist.","Direct contextual canvas actions, all command coverage, compact inspectors and live/error/runtime equivalence.",windows/App/GraphEditor.inc;windows/App/GraphCanvas.hpp;windows/App/GraphWorkflowWindow.hpp;windows/App/GraphWorkflowActions.inc;windows/Session/GraphOperations.cpp;editor/GraphEditing.cpp;mac/App/SignalGraphEditor.swift,windows/Tests/test_graph_editor.py;windows/Tests/test_main_integration.py;windows/Tests/GraphOperations/GraphOperationsTests.cpp;mac/Tests/SignalGraphSessionTests.mm,P5,A01/A10/A11/A12,Not executed in this planning task,See README provenance; no inherited current-main pass,Aligned with existing scope. Keep peer acceptance as a future proposed check; source-specific subclaims require targeted confirmation before being labelled gaps. No runtime pass inherited.,Select Slow pulse: rate/phase/attack/release visible together; rate 2 commits; one Undo.,peer-matrix-review.csv#32,ffe81aa4bfa83bc89b1e1dd92db06c67819c247a,,,16cab100b898f66726cfab6c2386887a9bcf5fd4,07060e1c4a7d5a5928c9762dd7897261636ef0b8,Baseline feature/contract assessment retained after post-reference diff review; no new parity implementation for this row. Source presence is not a runtime pass.,Branch adds native draft summaries/registration for this owner family; final Application admission remains unwired. Selected census/completion evidence does not close F21 or this row.,current-review.md; README.md A01-A18; original implementation/test pointers in this row; 08b0f5e8c; DocumentDrafts.inc; NativeToolWindow.hpp; current-review.md owner census; bin/parity-evidence/p0b-census-receipt.json
33,plugins,Recipe plugin and port controls,Live app,03,screenshots/33-graph-plugin-and-port-trims.png,2026-10-08,000d47848a3476244e9f79c6e7153bf9e98c9067,True,Open Pulse movement; select the plugin node.,"Bypass/interface actions, parameter controls and audio port trims.","Builtin/VST3 library, rack, programs, ports, aliases, presets and path repair exist.","Efficient parameter controls, current live effect preset behavior, architecture/editor/vendor qualification. AU execution intentionally unavailable.",windows/App/PluginEditor.inc;windows/App/PluginLibraryWindow.hpp;windows/App/PluginInstrumentsWindow.hpp;windows/Session/PluginOperations.cpp;windows/Plugins/WindowsVST3.cpp;editor/NativeEffects.cpp;mac/App/PluginEditor.swift,windows/Tests/test_plugins_app.py;windows/Tests/test_plugin_presets.py;windows/Tests/test_plugin_library.py;windows/Tests/Plugins/EditorTests.cpp,P4/P7,A01/A17,Not executed in this planning task,See README provenance; no inherited current-main pass,Aligned with existing scope. Keep peer acceptance as a future proposed check; source-specific subclaims require targeted confirmation before being labelled gaps. No runtime pass inherited.,"Select n37: full parameter list, bypass, trims reachable from the inspector; Gain edit = one Undo.",peer-matrix-review.csv#33,ffe81aa4bfa83bc89b1e1dd92db06c67819c247a,,,16cab100b898f66726cfab6c2386887a9bcf5fd4,07060e1c4a7d5a5928c9762dd7897261636ef0b8,Baseline feature/contract assessment retained after post-reference diff review; no new parity implementation for this row. Source presence is not a runtime pass.,Branch adds native draft summaries/registration for this owner family; final Application admission remains unwired. Selected census/completion evidence does not close F21 or this row.,current-review.md; README.md A01-A18; original implementation/test pointers in this row; 08b0f5e8c; DocumentDrafts.inc; NativeToolWindow.hpp; current-review.md owner census; bin/parity-evidence/p0b-census-receipt.json
34,trim,Linked inverse port trims,Live app,03,screenshots/34-linked-trim-detail.png,2026-10-08,000d47848a3476244e9f79c6e7153bf9e98c9067,True,Select plugin; scroll its inspector to Port trims; select Input 0.,Input −6 dB linked to output +6 dB; inverse compensation and pattern-driven trim modulation.,Stable port trims and inverse link operations plus native controls exist.,"Recipe/song/stage port cases, exact units, linked modulation and live copy observation.",windows/App/GraphTrimsWindow.hpp;windows/Session/GraphTrimOperations.inc;windows/Session/GraphTrimWriteOperations.inc;editor/AudioPortTrim.hpp;mac/App/GraphTrimControls.swift,editor/Tests/AudioPortTrimTests.cpp;windows/Tests/test_graph_editor.py,P5,A01/A10/A11,Not executed in this planning task,See README provenance; no inherited current-main pass,Shared linked-trim behavior implemented. Confirm multi-source presentation/reset reachability before adding controls.,Fixture 03/04 Input 0: -6 dB linked inverse to output +6; Pattern motion 0..3 dB; set -9: output +9; one Undo; every source on the port listed.,peer-matrix-review.csv#34,ffe81aa4bfa83bc89b1e1dd92db06c67819c247a,,,16cab100b898f66726cfab6c2386887a9bcf5fd4,07060e1c4a7d5a5928c9762dd7897261636ef0b8,Baseline feature/contract assessment retained after post-reference diff review; no new parity implementation for this row. Source presence is not a runtime pass.,Branch adds native draft summaries/registration for this owner family; final Application admission remains unwired. Selected census/completion evidence does not close F21 or this row. GraphTrims pending text/link completion ownership has native regression evidence; overall trims/parameter-list parity remains open.,current-review.md; README.md A01-A18; original implementation/test pointers in this row; 08b0f5e8c; DocumentDrafts.inc; NativeToolWindow.hpp; current-review.md owner census; bin/parity-evidence/p0b-census-receipt.json
36,mixer,Mixer strips,Live app,04,screenshots/36-mixer-strips.png,2026-10-08,000d47848a3476244e9f79c6e7153bf9e98c9067,True,Window → Mixer; float the panel and choose Strips.,"Fader, mute/solo, balance, width, pre-gain/pre-balance and routing actions; horizontally scroll remaining buses.",Selected bus fields and live preview/meter API exist.,Confirmed simultaneous native multi-bus strips gap; one Undo per gesture and safe preview cancellation.,windows/App/MixerEditor.inc;windows/Session/MixerOperations.cpp;windows/Session/DocumentController.cpp;mac/Bridge/MixerAPI.inc;mac/App/MixerStrips.swift,windows/Tests/test_graph_mixer_app.py;windows/Tests/MixerIntegrationTests.inc;mac/Tests/MixerStripsInterfaceTests.swift,P1,A01/A02/A11,Not executed in this planning task,See README provenance; no inherited current-main pass,Mixer strip UI absent from main; retained ignored proposal is not implementation. P1 follows P0 safety/conformance.,Fixture 04: 12 buses as strips (scrollable); fader drag previews during playback and commits one Undo per gesture; per-bus meters; immediate mute/solo; strip never retargets during scroll/reorder.,peer-matrix-review.csv#36,ffe81aa4bfa83bc89b1e1dd92db06c67819c247a,,,16cab100b898f66726cfab6c2386887a9bcf5fd4,07060e1c4a7d5a5928c9762dd7897261636ef0b8,Baseline feature/contract assessment retained after post-reference diff review; no new parity implementation for this row. Source presence is not a runtime pass.,No additional implemented parity gap closure established for this row by the branch diff. Original per-row acceptance remains required.,current-review.md; README.md A01-A18; original implementation/test pointers in this row
37,routing,Mixer routing editor,Live app,04,screenshots/37-mixer-routing.png,2026-10-08,000d47848a3476244e9f79c6e7153bf9e98c9067,True,Floating Mixer → Routing; select Pulse.,"Bus list, names/colors, gain/pan/width, output, timing, inserts, sends, instrument input and sidechain access.","Song routing, sends/inserts, plugin input/output and sidechain APIs/UI exist.","Clear direct access, no implicit reconnect, live capabilities/failure atomicity and useful incompatible-input explanation.",windows/App/SongRoutingWindow.hpp;windows/App/SongRoutingCanvas.hpp;windows/Session/MixerOperations.cpp;editor/MixerPluginRouting.cpp;mac/App/SidechainEditor.swift,windows/Tests/test_song_routing.py;windows/Tests/MixerOperationsTests.cpp;mac/Tests/NativeMixerTests.mm,P5,A01/A10/A11/A17,Not executed in this planning task,See README provenance; no inherited current-main pass,Adopt return/destination/color workflow over existing APIs. Keep bus ID and send/inserts preserved.,Fixture 04 Pulse: send to Parallel texture -12 dB post; add a return; set colour; Route here for an instrument; each one Undo; save/reopen.,peer-matrix-review.csv#37,ffe81aa4bfa83bc89b1e1dd92db06c67819c247a,,,16cab100b898f66726cfab6c2386887a9bcf5fd4,07060e1c4a7d5a5928c9762dd7897261636ef0b8,Baseline feature/contract assessment retained after post-reference diff review; no new parity implementation for this row. Source presence is not a runtime pass.,Branch adds native draft summaries/registration for this owner family; final Application admission remains unwired. Selected census/completion evidence does not close F21 or this row.,current-review.md; README.md A01-A18; original implementation/test pointers in this row; 08b0f5e8c; DocumentDrafts.inc; NativeToolWindow.hpp; current-review.md owner census; bin/parity-evidence/p0b-census-receipt.json
38,timing,Song settings,Live app,03,screenshots/38-song-settings.png,2026-10-08,000d47848a3476244e9f79c6e7153bf9e98c9067,True,Sidebar → Song settings.,"Title, BPM, ticks/row, channel count, Cancel and Apply.",Native song timing editor and shared timing model exist.,Timeline/ruler and live loop methods absent; verify first-visit timing and stopped timing-Apply semantics.,windows/App/SongTimingWindow.hpp;windows/App/SongTools.inc;windows/Session/DocumentOperations.cpp;editor/SongTiming.cpp;mac/App/SongTimingEditor.swift;mac/Bridge/TrackerSessionAPI.inc,windows/Tests/test_song_tools_ui.py,P3c/P6/P8,A06,Not executed in this planning task,See README provenance; no inherited current-main pass,Aligned with existing scope. Keep peer acceptance as a future proposed check; source-specific subclaims require targeted confirmation before being labelled gaps. No runtime pass inherited.,Fixture 03: change title and channel count via Song settings; Cancel leaves revision; Apply = one Undo.,peer-matrix-review.csv#38,ffe81aa4bfa83bc89b1e1dd92db06c67819c247a,,,16cab100b898f66726cfab6c2386887a9bcf5fd4,07060e1c4a7d5a5928c9762dd7897261636ef0b8,Baseline feature/contract assessment retained after post-reference diff review; no new parity implementation for this row. Source presence is not a runtime pass.,Branch adds native draft summaries/registration for this owner family; final Application admission remains unwired. Selected census/completion evidence does not close F21 or this row.,current-review.md; README.md A01-A18; original implementation/test pointers in this row; 08b0f5e8c; DocumentDrafts.inc; NativeToolWindow.hpp; current-review.md owner census; bin/parity-evidence/p0b-census-receipt.json
39,devices,Audio device settings,Live app,03,screenshots/39-audio-settings.png,2026-10-08,000d47848a3476244e9f79c6e7153bf9e98c9067,True,Sidebar → Audio settings.,Output device and buffer size. Device inventory is host-specific; no settings were applied.,Native output selection/period negotiation and explicit faults exist.,Stereo-only output and absent endpoint notification registration; actual hot-unplug/format/device recovery and truthful latency.,windows/Audio/WasapiDevice.cpp;windows/App/AudioSettingsWindow.hpp;windows/App/AudioSettings.inc;mac/Audio/AudioDevice.mm,windows/Tests/test_audio_settings.py;windows/Tests/Audio/WasapiDeviceTests.cpp,P7,A11/A13/A17,Not executed in this planning task,See README provenance; no inherited current-main pass,Stereo-only source and no endpoint notification registration found; actual device failure/recovery requires qualification. Do not change system defaults.,Open without applying; multichannel endpoint maps or is rejected with explanation; unplug/default change transitions safely.,peer-matrix-review.csv#39,ffe81aa4bfa83bc89b1e1dd92db06c67819c247a,,,16cab100b898f66726cfab6c2386887a9bcf5fd4,07060e1c4a7d5a5928c9762dd7897261636ef0b8,Baseline feature/contract assessment retained after post-reference diff review; no new parity implementation for this row. Source presence is not a runtime pass.,No additional implemented parity gap closure established for this row by the branch diff. Original per-row acceptance remains required.,current-review.md; README.md A01-A18; original implementation/test pointers in this row
40,midi,MIDI input and recording settings,Live app,03,screenshots/40-midi-input.png,2026-10-08,000d47848a3476244e9f79c6e7153bf9e98c9067,True,Sidebar → MIDI input.,"Source, record-to-pattern, exact timing/snap choice, recording columns and input adjustment. No hardware recording was performed.",Native WinMM input/timestamped take-review/recovery operations exist.,Hardware clock/latency/reconnect/overflow; exact/quantized recording and MIDI controller API contract.,windows/Audio/MidiInput.cpp;windows/App/RecordingIntegration.inc;windows/App/MidiRecordingWindow.hpp;windows/Session/RecordingOperations.inc;editor/NoteRecording.cpp;editor/RecordingClock.hpp;mac/Bridge/RecordingAPI.inc,windows/Tests/test_recording.py;mac/Tests/MidiTests.cpp,P7,A01/A13,Not executed in this planning task,See README provenance; no inherited current-main pass,Aligned with existing scope. Keep peer acceptance as a future proposed check; source-specific subclaims require targeted confirmation before being labelled gaps. No runtime pass inherited.,"Source, record-to-pattern, exact/snap, columns, latency adjust; injected test input produces a retained take.",peer-matrix-review.csv#40,ffe81aa4bfa83bc89b1e1dd92db06c67819c247a,P0a candidate separates MIDI/sample take guards and rechecks MIDI after sample worker reads. Physical MIDI and full parity remain unqualified.,"current-source-review.md; existing source/logs only, no new execution or main parity pass",16cab100b898f66726cfab6c2386887a9bcf5fd4,07060e1c4a7d5a5928c9762dd7897261636ef0b8,"P0a separate MIDI/sample take guards with MIDI recheck and compatible Mac capture monitor merged and qualified. Hardware, manual gesture recording, recorder limit UI, full recovery/draft parity remain separate open checks.",No additional implemented parity gap closure established for this row by the branch diff. Original per-row acceptance remains required.,current-review.md; README.md A01-A18; original implementation/test pointers in this row; SampleCaptureIntegration.inc::protectRecordingTake; RecordingIntegration.inc::protectMidiRecordingTake; mac/Audio/CaptureEndMonitor.hpp; P0a CI links in current-review.md
41,files,Project load report,Live app,03,screenshots/41-import-report.png,2026-10-08,000d47848a3476244e9f79c6e7153bf9e98c9067,True,Sidebar → Import report.,Missing-sample/inactive-plugin reporting and editable-format versus preview-only guidance; clean load shown.,"Native save/open, preserved metadata and best-effort source-protected recovery exist.",Confirmed module export method/UI and user audio export gaps; dedicated nonmodal load report needs implementation/review.,windows/Project/NativeProject.cpp;windows/Project/NativeProjectRecovery.inc;windows/Session/DocumentOperations.cpp;windows/App/EditingView.inc;mac/Audio/AudioExport.mm;mac/Bridge/ProjectLoadRecovery.inc,windows/Tests/test_native_project_app.py;windows/Tests/ProjectNative/PreservationTests.cpp;mac/Tests/ExportTests.mm,P3c/P6/P8,A01/A15,Not executed in this planning task,See README provenance; no inherited current-main pass,"Load warnings/source protection exist; full persistent report is a UI gap, not absent recovery implementation.","Missing-plugin project: persistent report listing issues, editable vs preview-only guidance, Save a copy path.",peer-matrix-review.csv#41,ffe81aa4bfa83bc89b1e1dd92db06c67819c247a,,,16cab100b898f66726cfab6c2386887a9bcf5fd4,07060e1c4a7d5a5928c9762dd7897261636ef0b8,Baseline feature/contract assessment retained after post-reference diff review; no new parity implementation for this row. Source presence is not a runtime pass.,No additional implemented parity gap closure established for this row by the branch diff. Original per-row acceptance remains required.,current-review.md; README.md A01-A18; original implementation/test pointers in this row
42,files,Offline audio export save panel,Live app,03,screenshots/42-export-audio.png,2026-10-08,000d47848a3476244e9f79c6e7153bf9e98c9067,True,File → Export Audio; cancel the save panel.,Native destination/file naming. This screenshot does not demonstrate a completed audio render.,"Native save/open, preserved metadata and best-effort source-protected recovery exist.",Confirmed module export method/UI and user audio export gaps; dedicated nonmodal load report needs implementation/review.,windows/Project/NativeProject.cpp;windows/Project/NativeProjectRecovery.inc;windows/Session/DocumentOperations.cpp;windows/App/EditingView.inc;mac/Audio/AudioExport.mm;mac/Bridge/ProjectLoadRecovery.inc,windows/Tests/test_native_project_app.py;windows/Tests/ProjectNative/PreservationTests.cpp;mac/Tests/ExportTests.mm,P6,A01/A15,Not executed in this planning task,See README provenance; no inherited current-main pass,User audio export absent; diagnostic/offline and selection render infrastructure exists. Shared export has snapshot/cancel/atomic-output requirements.,Fixture 04 export 48 kHz WAV; rendered PCM matches Mac export of the same fixture within the agreed tolerance; cancel leaves no partial file.,peer-matrix-review.csv#42,ffe81aa4bfa83bc89b1e1dd92db06c67819c247a,,,16cab100b898f66726cfab6c2386887a9bcf5fd4,07060e1c4a7d5a5928c9762dd7897261636ef0b8,Baseline feature/contract assessment retained after post-reference diff review; no new parity implementation for this row. Source presence is not a runtime pass.,No additional implemented parity gap closure established for this row by the branch diff. Original per-row acceptance remains required.,current-review.md; README.md A01-A18; original implementation/test pointers in this row
44,capture,Microphone sample recorder,Live app,03,screenshots/44-sample-recorder.png,2026-10-08,000d47848a3476244e9f79c6e7153bf9e98c9067,True,File → Record Microphone to Sample.,"Input/channel selection, level/time, limit, sample name, create-instrument, discard and commit controls. Idle state only.",WASAPI capture/retained take and selection-render windows/API exist.,Expose API-backed duration choice; real capture and native recorder interaction still require qualification.,windows/App/SampleRecordingWindow.hpp;windows/App/SampleCaptureIntegration.inc;windows/App/PatternSampleRenderWindow.hpp;windows/Audio/WasapiCapture.cpp;windows/Session/SampleRecordingOperations.cpp;editor/hosted/SelectionRender.cpp,windows/Tests/SampleRecordingTests.cpp;windows/Tests/SamplingOperationsChecks.inc;editor/Tests/SamplingTests.cpp,P4/P7,A01/A14,Not executed in this planning task,See README provenance; no inherited current-main pass,Fixed 60-second Windows UI confirmed; 300-second option must obey actual frame/memory limits and retained take lifecycle.,Idle recorder shows device/channel/limit/name/create-instrument; limit 300 s accepted; no system default change.,peer-matrix-review.csv#44,ffe81aa4bfa83bc89b1e1dd92db06c67819c247a,P0a candidate preserves sample/MIDI take checks and repairs Mac monitor lifecycle. Selectable Windows 300-second limit and device qualification remain outstanding.,"current-source-review.md; existing source/logs only, no new execution or main parity pass",16cab100b898f66726cfab6c2386887a9bcf5fd4,07060e1c4a7d5a5928c9762dd7897261636ef0b8,"P0a separate MIDI/sample take guards with MIDI recheck and compatible Mac capture monitor merged and qualified. Hardware, manual gesture recording, recorder limit UI, full recovery/draft parity remain separate open checks.",No additional implemented parity gap closure established for this row by the branch diff. Original per-row acceptance remains required.,current-review.md; README.md A01-A18; original implementation/test pointers in this row; SampleCaptureIntegration.inc::protectRecordingTake; RecordingIntegration.inc::protectMidiRecordingTake; mac/Audio/CaptureEndMonitor.hpp; P0a CI links in current-review.md
45,library,Searchable sample library,Live app,audio,screenshots/45-sample-library.png,2026-10-08,000d47848a3476244e9f79c6e7153bf9e98c9067,True,File → Browse Samples; Add folder fixtures/audio; search Parity; select Parity_C3.wav.,"Folder tags, query, results, waveform, preview gain, related-note detection and import actions. Files are supplied; indexed total is machine-specific.","Indexed sample library, preview and multisample mapping UI exist.","Real supplied three-WAV import, missing-file/cancel/limit cases; Mac component is not live sheet evidence.",windows/App/SampleLibraryWindow.hpp;windows/App/MultisampleImportWindow.hpp;windows/Samples/Library.cpp;windows/Session/AssetOperations.cpp;mac/App/SampleLibrary.swift,windows/Tests/test_sample_library.py;windows/Tests/test_instrument_import_ui.py,P4,A07/A08,Not executed in this planning task,See README provenance; no inherited current-main pass,Reuse shared family rules only after comparing current Swift/C++ behavior; sample library/import APIs already exist.,"--sample-test-library REF fixtures/audio: search Parity, Parity_C3.wav shows a 3-note family; Check roots; import one instrument.",peer-matrix-review.csv#45,ffe81aa4bfa83bc89b1e1dd92db06c67819c247a,,,16cab100b898f66726cfab6c2386887a9bcf5fd4,07060e1c4a7d5a5928c9762dd7897261636ef0b8,Baseline feature/contract assessment retained after post-reference diff review; no new parity implementation for this row. Source presence is not a runtime pass.,No additional implemented parity gap closure established for this row by the branch diff. Original per-row acceptance remains required. Multisample summary exists but configured-family intent and late-input/commit clearing remain gaps; PluginPath and SampleRecording summaries are absent. See current owner census.,current-review.md; README.md A01-A18; original implementation/test pointers in this row
47,routing,Sidechain routing editor,Live app,04,screenshots/47-sidechains.png,2026-10-08,000d47848a3476244e9f79c6e7153bf9e98c9067,True,Mixer → Routing → Sidechains.,"Receiving effect/input, source bus, gain, pre-fader and enabled state. Gainer has no auxiliary input, so the compatibility explanation is visible.","Song routing, sends/inserts, plugin input/output and sidechain APIs/UI exist.","Clear direct access, no implicit reconnect, live capabilities/failure atomicity and useful incompatible-input explanation.",windows/App/SongRoutingWindow.hpp;windows/App/SongRoutingCanvas.hpp;windows/Session/MixerOperations.cpp;editor/MixerPluginRouting.cpp;mac/App/SidechainEditor.swift,windows/Tests/test_song_routing.py;windows/Tests/MixerOperationsTests.cpp;mac/Tests/NativeMixerTests.mm,P5,A01/A10/A11/A17,Not executed in this planning task,See README provenance; no inherited current-main pass,"Adopt bus enumeration/incompatibility explanation; separate sidechain window is optional Windows design, not mandatory copying.",Fixture 04: Gainer shows 'no auxiliary input' explanation; Compressor input 1 from Kick; Undo.,peer-matrix-review.csv#47,ffe81aa4bfa83bc89b1e1dd92db06c67819c247a,,,16cab100b898f66726cfab6c2386887a9bcf5fd4,07060e1c4a7d5a5928c9762dd7897261636ef0b8,Baseline feature/contract assessment retained after post-reference diff review; no new parity implementation for this row. Source presence is not a runtime pass.,Branch adds native draft summaries/registration for this owner family; final Application admission remains unwired. Selected census/completion evidence does not close F21 or this row.,current-review.md; README.md A01-A18; original implementation/test pointers in this row; 08b0f5e8c; DocumentDrafts.inc; NativeToolWindow.hpp; current-review.md owner census; bin/parity-evidence/p0b-census-receipt.json
48,plugins,Plugin audio buses,Live app,04,screenshots/48-plugin-audio-buses.png,2026-10-08,000d47848a3476244e9f79c6e7153bf9e98c9067,True,"Sidechains → Audio buses, with Gainer selected.","Named input/output buses, enable states and fixed main-bus explanation.","Builtin/VST3 library, rack, programs, ports, aliases, presets and path repair exist.","Efficient parameter controls, current live effect preset behavior, architecture/editor/vendor qualification. AU execution intentionally unavailable.",windows/App/PluginEditor.inc;windows/App/PluginLibraryWindow.hpp;windows/App/PluginInstrumentsWindow.hpp;windows/Session/PluginOperations.cpp;windows/Plugins/WindowsVST3.cpp;editor/NativeEffects.cpp;mac/App/PluginEditor.swift,windows/Tests/test_plugins_app.py;windows/Tests/test_plugin_presets.py;windows/Tests/test_plugin_library.py;windows/Tests/Plugins/EditorTests.cpp,P4/P7,A01/A17,Not executed in this planning task,See README provenance; no inherited current-main pass,Aligned with existing scope. Keep peer acceptance as a future proposed check; source-specific subclaims require targeted confirmation before being labelled gaps. No runtime pass inherited.,Gainer: main buses listed with fixed-main explanation; reachable from mixer/sidechain flow.,peer-matrix-review.csv#48,ffe81aa4bfa83bc89b1e1dd92db06c67819c247a,,,16cab100b898f66726cfab6c2386887a9bcf5fd4,07060e1c4a7d5a5928c9762dd7897261636ef0b8,Baseline feature/contract assessment retained after post-reference diff review; no new parity implementation for this row. Source presence is not a runtime pass.,Branch adds native draft summaries/registration for this owner family; final Application admission remains unwired. Selected census/completion evidence does not close F21 or this row.,current-review.md; README.md A01-A18; original implementation/test pointers in this row; 08b0f5e8c; DocumentDrafts.inc; NativeToolWindow.hpp; current-review.md owner census; bin/parity-evidence/p0b-census-receipt.json
49,graphcommands,Pattern graph-command lanes,Live app,04,screenshots/49-graph-command-lanes.png,2026-10-08,000d47848a3476244e9f79c6e7153bf9e98c9067,True,"Workspace → Pattern Graph Commands; pattern 0, row 0, Pulse.","Two graph lanes plus start/amount/wet/tails controls; saved start row 0, amount row 16, stop-with-tails row 32.",Pattern-aligned graph lanes and retained command window exist.,"Selection/Return and native keyboard command mapping; role order, amount/wet, stop tails.",windows/App/GraphCommandsWindow.hpp;windows/App/GraphPatternLanes.inc;windows/Session/GraphOperations.cpp;mac/App/GraphCommandsEditor.swift,windows/Tests/test_graph_commands.py;mac/Tests/SignalGraphSessionTests.mm,P3/P5/P8,A01/A05/A10,Not executed in this planning task,See README provenance; no inherited current-main pass,Both rounding drift and hard-coded lane beat shading independently confirmed. F04 B2/59 display checks; do not mutate stored amount. Retargeting remains runtime check.,Fixture 04 P0 Pulse: cells read identically on both platforms (shared formatter); row 0 lane 1 start n34 70%/80%; row 16 lane 2 Amount 35%; row 32 stop with tails; editor retargets from lane Enter.,peer-matrix-review.csv#49,ffe81aa4bfa83bc89b1e1dd92db06c67819c247a,,,16cab100b898f66726cfab6c2386887a9bcf5fd4,07060e1c4a7d5a5928c9762dd7897261636ef0b8,Baseline feature/contract assessment retained after post-reference diff review; no new parity implementation for this row. Source presence is not a runtime pass.,Branch adds native draft summaries/registration for this owner family; final Application admission remains unwired. Selected census/completion evidence does not close F21 or this row.,current-review.md; README.md A01-A18; original implementation/test pointers in this row; 08b0f5e8c; DocumentDrafts.inc; NativeToolWindow.hpp; current-review.md owner census; bin/parity-evidence/p0b-census-receipt.json
50,plugins,"Plugin browser, built-in filter",Live app,04,screenshots/50-plugin-browser.png,2026-10-08,000d47848a3476244e9f79c6e7153bf9e98c9067,True,Plugins → Add plugin; format Built-in; select Gainer.,"Format/type/category filters, favorites/hidden controls, result list and add destination. Third-party plugin installation is unnecessary.","Builtin/VST3 library, rack, programs, ports, aliases, presets and path repair exist.","Efficient parameter controls, current live effect preset behavior, architecture/editor/vendor qualification. AU execution intentionally unavailable.",windows/App/PluginEditor.inc;windows/App/PluginLibraryWindow.hpp;windows/App/PluginInstrumentsWindow.hpp;windows/Session/PluginOperations.cpp;windows/Plugins/WindowsVST3.cpp;editor/NativeEffects.cpp;mac/App/PluginEditor.swift,windows/Tests/test_plugins_app.py;windows/Tests/test_plugin_presets.py;windows/Tests/test_plugin_library.py;windows/Tests/Plugins/EditorTests.cpp,P4/P7,A01/A17,Not executed in this planning task,See README provenance; no inherited current-main pass,Aligned with existing scope. Keep peer acceptance as a future proposed check; source-specific subclaims require targeted confirmation before being labelled gaps. No runtime pass inherited.,Fixture 04 --plugin-test-library: Built-in > Gainer > Add to cursor track / selected graph; correct destination; one Undo.,peer-matrix-review.csv#50,ffe81aa4bfa83bc89b1e1dd92db06c67819c247a,,,16cab100b898f66726cfab6c2386887a9bcf5fd4,07060e1c4a7d5a5928c9762dd7897261636ef0b8,Baseline feature/contract assessment retained after post-reference diff review; no new parity implementation for this row. Source presence is not a runtime pass.,No additional implemented parity gap closure established for this row by the branch diff. Original per-row acceptance remains required.,current-review.md; README.md A01-A18; original implementation/test pointers in this row
51,workspace,Sound design workspace preset,Live app,04,screenshots/51-sound-design-workspace.png,2026-10-08,000d47848a3476244e9f79c6e7153bf9e98c9067,True,Workspace → Sound design (or workspace.layout with that exact name).,"Sample editor with bottom mixer and retained pattern context. Layout is a local UI preference, not song data.","Independent retained regions, named layouts, pins, Return, shortcuts and sequences exist.",Broader panel placements and individual local command discoverability; foreground keyboard/UIA/DPI checks.,windows/App/WorkspaceRegions.hpp;windows/App/WorkspaceDocking.inc;windows/App/WorkspaceLayouts.inc;windows/App/WorkspaceCommands.inc;windows/App/WorkspaceShortcutDispatch.inc;windows/App/NativeToolWindow.hpp;mac/App/DockWorkspace.swift,windows/Tests/test_workspace.py;windows/Tests/test_workspace_shortcuts.py;windows/Tests/test_precise_note_host.py;mac/Tests/WorkspaceInterfaceTests.swift,P3/P8,A16,Not executed in this planning task,See README provenance; no inherited current-main pass,Presets should achieve composing journey clarity; need not use exactly the same Mac panel placements. Preserve Windows named/Connected/Graph-editing layouts.,"Fixture 04 Sound design: sample editor, bottom mixer, automation, retained pattern context; compare REF evidence/sound-design-workspace.json.",peer-matrix-review.csv#51,ffe81aa4bfa83bc89b1e1dd92db06c67819c247a,"Existing 13a5be2ab/758cd1559: graph-curve measured combo bounds, exact workspace fixture client size, wheel-coordinate and preview-readiness fixture corrections; scoped evidence only; d37ecf785 / isolated 6c3eea908 adds exact client geometry in the Python owned-window fixture only.",Latest read-only snapshot 2026-10-09 11:34 UTC: runs 37923921386/37923921268 at isolated head 6c3eea908 remain in progress; no pass claimed. Existing p0a-client-geometry-ui-configured.log records 2 targeted cases passing on ARM64 binary receipt 758cd1559; separate surrogate log establishes wide/compact geometry. Earlier de3112d18 Mac passes / Windows setup failure remain historical. See planning-review-refresh.md.,16cab100b898f66726cfab6c2386887a9bcf5fd4,07060e1c4a7d5a5928c9762dd7897261636ef0b8,P0a measured Graph Curve layout and owned-window/percent/wheel/readiness fixture repairs merged. Successful retained-editor CI is scoped evidence; remaining workspace/foreground/DPI/UIA gaps persist.,No additional implemented parity gap closure established for this row by the branch diff. Original per-row acceptance remains required.,current-review.md; README.md A01-A18; original implementation/test pointers in this row; Windows run 37923921386 job 113798216568; Mac run 37923921268 jobs 113798215876/113798216235; tested tree 6433dc0 equals main
52,workspace,Pattern focus workspace preset,Live app,04,screenshots/52-pattern-focus-workspace.png,2026-10-08,000d47848a3476244e9f79c6e7153bf9e98c9067,True,Workspace → Pattern focus.,Expanded tracker area with auxiliary docks hidden; verify focus and return behavior.,"Independent retained regions, named layouts, pins, Return, shortcuts and sequences exist.",Broader panel placements and individual local command discoverability; foreground keyboard/UIA/DPI checks.,windows/App/WorkspaceRegions.hpp;windows/App/WorkspaceDocking.inc;windows/App/WorkspaceLayouts.inc;windows/App/WorkspaceCommands.inc;windows/App/WorkspaceShortcutDispatch.inc;windows/App/NativeToolWindow.hpp;mac/App/DockWorkspace.swift,windows/Tests/test_workspace.py;windows/Tests/test_workspace_shortcuts.py;windows/Tests/test_precise_note_host.py;mac/Tests/WorkspaceInterfaceTests.swift,P3/P8,A16,Not executed in this planning task,See README provenance; no inherited current-main pass,Aligned with existing scope. Keep peer acceptance as a future proposed check; source-specific subclaims require targeted confirmation before being labelled gaps. No runtime pass inherited.,Pattern focus hides auxiliaries; opening a docked editor returns to Compose; compare REF evidence/pattern-focus-workspace.json.,peer-matrix-review.csv#52,ffe81aa4bfa83bc89b1e1dd92db06c67819c247a,"Existing 13a5be2ab/758cd1559: graph-curve measured combo bounds, exact workspace fixture client size, wheel-coordinate and preview-readiness fixture corrections; scoped evidence only; d37ecf785 / isolated 6c3eea908 adds exact client geometry in the Python owned-window fixture only.",Latest read-only snapshot 2026-10-09 11:34 UTC: runs 37923921386/37923921268 at isolated head 6c3eea908 remain in progress; no pass claimed. Existing p0a-client-geometry-ui-configured.log records 2 targeted cases passing on ARM64 binary receipt 758cd1559; separate surrogate log establishes wide/compact geometry. Earlier de3112d18 Mac passes / Windows setup failure remain historical. See planning-review-refresh.md.,16cab100b898f66726cfab6c2386887a9bcf5fd4,07060e1c4a7d5a5928c9762dd7897261636ef0b8,P0a measured Graph Curve layout and owned-window/percent/wheel/readiness fixture repairs merged. Successful retained-editor CI is scoped evidence; remaining workspace/foreground/DPI/UIA gaps persist.,No additional implemented parity gap closure established for this row by the branch diff. Original per-row acceptance remains required.,current-review.md; README.md A01-A18; original implementation/test pointers in this row; Windows run 37923921386 job 113798216568; Mac run 37923921268 jobs 113798215876/113798216235; tested tree 6433dc0 equals main
53,bank,Linked song envelope bank,Live app,04,screenshots/53-linked-envelope-bank.png,2026-10-08,000d47848a3476244e9f79c6e7153bf9e98c9067,True,Instrument 1 → Envelope bank.,"Saved Parity ADSR template linked to instrument n20; master edits update linked uses, independent copies do not.","Song bank, links, independent catalogue and guarded native window exist.",Shared target handling and all editor entry points; no implicit master write-through; catalogue separate history.,windows/App/EnvelopeBankWindow.hpp;windows/Session/EnvelopeOperations.cpp;editor/EnvelopeBank.cpp;mac/Bridge/EnvelopeBankAPI.inc;mac/App/EnvelopeBank.swift,windows/Tests/test_envelope_bank_ui.py;mac/Tests/EnvelopeBankTests.mm,P4,A01/A08/A09,Not executed in this planning task,See README provenance; no inherited current-main pass,Aligned with existing scope. Keep peer acceptance as a future proposed check; source-specific subclaims require targeted confirmation before being labelled gaps. No runtime pass inherited.,Fixture 04: master edit of 'Parity ADSR template' updates the linked use on n20; independent copy unchanged; unlink keeps shape; Undo.,peer-matrix-review.csv#53,ffe81aa4bfa83bc89b1e1dd92db06c67819c247a,,,16cab100b898f66726cfab6c2386887a9bcf5fd4,07060e1c4a7d5a5928c9762dd7897261636ef0b8,Baseline feature/contract assessment retained after post-reference diff review; no new parity implementation for this row. Source presence is not a runtime pass.,Branch adds native draft summaries/registration for this owner family; final Application admission remains unwired. Selected census/completion evidence does not close F21 or this row.,current-review.md; README.md A01-A18; original implementation/test pointers in this row; 08b0f5e8c; DocumentDrafts.inc; NativeToolWindow.hpp; current-review.md owner census; bin/parity-evidence/p0b-census-receipt.json
54,graph,Complete reference recipe,Live app,04,screenshots/54-complete-recipe.png,2026-10-08,000d47848a3476244e9f79c6e7153bf9e98c9067,True,Song graph → double-click Pulse persistent Pulse movement stage.,"Named Gain processor, ±0.2 LFO range around 0.8 and pattern-controlled inverse trims. Selected live copy is unavailable while stopped.","Song/recipe graph operations, groups, notes, fanout and native workflow forms/canvas exist.","Direct contextual canvas actions, all command coverage, compact inspectors and live/error/runtime equivalence.",windows/App/GraphEditor.inc;windows/App/GraphCanvas.hpp;windows/App/GraphWorkflowWindow.hpp;windows/App/GraphWorkflowActions.inc;windows/Session/GraphOperations.cpp;editor/GraphEditing.cpp;mac/App/SignalGraphEditor.swift,windows/Tests/test_graph_editor.py;windows/Tests/test_main_integration.py;windows/Tests/GraphOperations/GraphOperationsTests.cpp;mac/Tests/SignalGraphSessionTests.mm,P5,A01/A10/A11/A12,Not executed in this planning task,See README provenance; no inherited current-main pass,Aligned with existing scope. Keep peer acceptance as a future proposed check; source-specific subclaims require targeted confirmation before being labelled gaps. No runtime pass inherited.,"Fixture 04: named Gain processor, LFO +/-0.2 around 0.8, inverse trims; stopped copy unavailable message.",peer-matrix-review.csv#54,ffe81aa4bfa83bc89b1e1dd92db06c67819c247a,,,16cab100b898f66726cfab6c2386887a9bcf5fd4,07060e1c4a7d5a5928c9762dd7897261636ef0b8,Baseline feature/contract assessment retained after post-reference diff review; no new parity implementation for this row. Source presence is not a runtime pass. F23 fresh modulation/default and field-preservation repair is not on main.,Branch adds native draft summaries/registration for this owner family; final Application admission remains unwired. Selected census/completion evidence does not close F21 or this row. Existing d59c24c8c preserves selected wire fields and uses zero-depth/catalogue-derived defaults with captured endpoints/generation. Not yet integrated.,current-review.md; README.md A01-A18; original implementation/test pointers in this row; 08b0f5e8c; DocumentDrafts.inc; NativeToolWindow.hpp; current-review.md owner census; bin/parity-evidence/p0b-census-receipt.json; GraphCableEdits.hpp; GraphEditor.inc; FanConnectionOperationsTests.inc; windows/Tests/test_graph_editor.py
55,graph,Modulation wire inspector,Live app,04,screenshots/55-modulation-wire.png,2026-10-08,000d47848a3476244e9f79c6e7153bf9e98c9067,True,"Inside Pulse movement, focus canvas and Option-Tab through wires to Slow pulse → Gain processor.","Source/destination, stable parameter ID 1, range −0.2 to +0.2, base 0.8, quantization and enabled.","Song/recipe graph operations, groups, notes, fanout and native workflow forms/canvas exist.","Direct contextual canvas actions, all command coverage, compact inspectors and live/error/runtime equivalence.",windows/App/GraphEditor.inc;windows/App/GraphCanvas.hpp;windows/App/GraphWorkflowWindow.hpp;windows/App/GraphWorkflowActions.inc;windows/Session/GraphOperations.cpp;editor/GraphEditing.cpp;mac/App/SignalGraphEditor.swift,windows/Tests/test_graph_editor.py;windows/Tests/test_main_integration.py;windows/Tests/GraphOperations/GraphOperationsTests.cpp;mac/Tests/SignalGraphSessionTests.mm,P0b/P5/P8,A01/A10/A11/A12,Not executed in this planning task,See README provenance; no inherited current-main pass,"Fresh socket default and dropped quantized field independently confirmed; safe range edits preserve siblings/base/other fields. Mac zero-depth is verified for gesture path, not every form initializer. Scope: GraphWorkflowWindow already exposes Enabled/Quantize for song modulation; missing recipe-wire controls are distinct.","Cycle to Slow pulse -> Gain processor: parameter 1, -0.2..+0.2, base 0.8, quantize and enabled editable and preserved on update; reverse cycling; a new cable starts at zero depth around the current base.",peer-matrix-review.csv#55,ffe81aa4bfa83bc89b1e1dd92db06c67819c247a,"d59c24c8c: zero-depth fresh cable with manual/peer baseline, explicit discrete mode, field-preserving edits and catalogue-read generation guard. Main still has F23. Enabled/Quantize UI and wider ergonomics remain P5.","current-source-review.md; existing source/logs only, no new execution or main parity pass",16cab100b898f66726cfab6c2386887a9bcf5fd4,07060e1c4a7d5a5928c9762dd7897261636ef0b8,Baseline feature/contract assessment retained after post-reference diff review; no new parity implementation for this row. Source presence is not a runtime pass. F23 fresh modulation/default and field-preservation repair is not on main.,Branch adds native draft summaries/registration for this owner family; final Application admission remains unwired. Selected census/completion evidence does not close F21 or this row. Existing d59c24c8c preserves selected wire fields and uses zero-depth/catalogue-derived defaults with captured endpoints/generation. Not yet integrated.,current-review.md; README.md A01-A18; original implementation/test pointers in this row; 08b0f5e8c; DocumentDrafts.inc; NativeToolWindow.hpp; current-review.md owner census; bin/parity-evidence/p0b-census-receipt.json; GraphCableEdits.hpp; GraphEditor.inc; FanConnectionOperationsTests.inc; windows/Tests/test_graph_editor.py
56,automation,Graph pattern-envelope editor,Live app,04,screenshots/56-graph-pattern-envelope.png,2026-10-08,000d47848a3476244e9f79c6e7153bf9e98c9067,True,"Inside Pulse movement, click Pattern motion node.","Pattern selector and source curve at rows 0/16/32, point shape/snap, zoom and envelope-bank access.","Pattern parameter and absolute lane editors, graph curves and shared tools exist.","Consistent direct editing, gesture commits, bank/transform access, recordings and source identity.",windows/App/ParameterAutomationWindow.hpp;windows/App/AbsoluteAutomationWindow.hpp;windows/App/GraphCurveWindow.hpp;windows/Session/PatternAutomation.inc;editor/AutomationTools.cpp;mac/App/PatternAutomation.swift,windows/Tests/test_parameter_automation_ui.py;windows/Tests/test_absolute_automation_ui.py;windows/Tests/test_graph_curve_host.py,P4,A01/A09,Not executed in this planning task,See README provenance; no inherited current-main pass,Retained draft plus Apply is already functional. Add consistent gesture/outcome semantics without automatic blind stale retries.,"Fixture 04 n39/P0: points 0/0.1 smooth, 4096/0.9 smooth, 8192/0.25 linear; edit; delete source elsewhere then commit: stale rejection keeps draft.",peer-matrix-review.csv#56,ffe81aa4bfa83bc89b1e1dd92db06c67819c247a,"Existing 13a5be2ab/758cd1559: graph-curve measured combo bounds, exact workspace fixture client size, wheel-coordinate and preview-readiness fixture corrections; scoped evidence only; d37ecf785 / isolated 6c3eea908 adds exact client geometry in the Python owned-window fixture only.",Latest read-only snapshot 2026-10-09 11:34 UTC: runs 37923921386/37923921268 at isolated head 6c3eea908 remain in progress; no pass claimed. Existing p0a-client-geometry-ui-configured.log records 2 targeted cases passing on ARM64 binary receipt 758cd1559; separate surrogate log establishes wide/compact geometry. Earlier de3112d18 Mac passes / Windows setup failure remain historical. See planning-review-refresh.md.,16cab100b898f66726cfab6c2386887a9bcf5fd4,07060e1c4a7d5a5928c9762dd7897261636ef0b8,P0a measured Graph Curve layout and owned-window/percent/wheel/readiness fixture repairs merged. Successful retained-editor CI is scoped evidence; remaining workspace/foreground/DPI/UIA gaps persist.,Branch adds native draft summaries/registration for this owner family; final Application admission remains unwired. Selected census/completion evidence does not close F21 or this row.,current-review.md; README.md A01-A18; original implementation/test pointers in this row; Windows run 37923921386 job 113798216568; Mac run 37923921268 jobs 113798215876/113798216235; tested tree 6433dc0 equals main; 08b0f5e8c; DocumentDrafts.inc; NativeToolWindow.hpp; current-review.md owner census; bin/parity-evidence/p0b-census-receipt.json
57,trim,Complete graph processor controls,Live app,04,screenshots/57-graph-plugin-controls.png,2026-10-08,000d47848a3476244e9f79c6e7153bf9e98c9067,True,"Inside Pulse movement, click Gain processor.","Built-in plugin parameter controls, bypass, parameter activity and port-trim controls.",Stable port trims and inverse link operations plus native controls exist.,"Recipe/song/stage port cases, exact units, linked modulation and live copy observation.",windows/App/GraphTrimsWindow.hpp;windows/Session/GraphTrimOperations.inc;windows/Session/GraphTrimWriteOperations.inc;editor/AudioPortTrim.hpp;mac/App/GraphTrimControls.swift,editor/Tests/AudioPortTrimTests.cpp;windows/Tests/test_graph_editor.py,P5,A01/A10/A11,Not executed in this planning task,See README provenance; no inherited current-main pass,Aligned with existing scope. Keep peer acceptance as a future proposed check; source-specific subclaims require targeted confirmation before being labelled gaps. No runtime pass inherited.,"Gain processor: full parameter list, bypass, activity, trims.",peer-matrix-review.csv#57,ffe81aa4bfa83bc89b1e1dd92db06c67819c247a,,,16cab100b898f66726cfab6c2386887a9bcf5fd4,07060e1c4a7d5a5928c9762dd7897261636ef0b8,Baseline feature/contract assessment retained after post-reference diff review; no new parity implementation for this row. Source presence is not a runtime pass.,Branch adds native draft summaries/registration for this owner family; final Application admission remains unwired. Selected census/completion evidence does not close F21 or this row. GraphTrims pending text/link completion ownership has native regression evidence; overall trims/parameter-list parity remains open.,current-review.md; README.md A01-A18; original implementation/test pointers in this row; 08b0f5e8c; DocumentDrafts.inc; NativeToolWindow.hpp; current-review.md owner census; bin/parity-evidence/p0b-census-receipt.json
58,files,Export module save panel,Live app,04,screenshots/58-export-module.png,2026-10-08,000d47848a3476244e9f79c6e7153bf9e98c9067,True,File → Export Module; cancel the save panel.,Module export destination. Use native .screamseq files for this handoff so native state remains available.,"Native save/open, preserved metadata and best-effort source-protected recovery exist.",Confirmed module export method/UI and user audio export gaps; dedicated nonmodal load report needs implementation/review.,windows/Project/NativeProject.cpp;windows/Project/NativeProjectRecovery.inc;windows/Session/DocumentOperations.cpp;windows/App/EditingView.inc;mac/Audio/AudioExport.mm;mac/Bridge/ProjectLoadRecovery.inc,windows/Tests/test_native_project_app.py;windows/Tests/ProjectNative/PreservationTests.cpp;mac/Tests/ExportTests.mm,P6,A01/A15,Not executed in this planning task,See README provenance; no inherited current-main pass,Windows module export absent. Preserve native save and communicate loss rather than silently stripping native state.,Fixture 04 Export Module: format-matched filter; sample-preservation warning; exported module reopens; native-only state warning shown.,peer-matrix-review.csv#58,ffe81aa4bfa83bc89b1e1dd92db06c67819c247a,,,16cab100b898f66726cfab6c2386887a9bcf5fd4,07060e1c4a7d5a5928c9762dd7897261636ef0b8,Baseline feature/contract assessment retained after post-reference diff review; no new parity implementation for this row. Source presence is not a runtime pass.,No additional implemented parity gap closure established for this row by the branch diff. Original per-row acceptance remains required.,current-review.md; README.md A01-A18; original implementation/test pointers in this row
59,arrangement,Arrangement after whole-block copy,Live app,05,screenshots/59-arrangement-after-copy.png,2026-10-09,ffe81aa4bfa83bc89b1e1dd92db06c67819c247a,False,"Open fixture 05; Pattern → Arrangement Matrix. To reproduce from fixture 04: select INTRO / Pulse, Copy block, select RETURN / Spare, Overwrite, Paste block.",RETURN becomes independent P002; INTRO still uses P000. Spare gains the source block including four precise hits and three native FX records. One Undo restores the pre-copy state.,Order/matrix/annotations and shared whole-layer copy exist on main.,"Runtime check exact F04→F05, independent repeated order, density, collision modes, preview/no-op history.",windows/App/ArrangementWindow.hpp;windows/App/ArrangementMatrixWindow.hpp;windows/Session/DocumentOperations.cpp;editor/ArrangementTools.cpp;mac/App/ArrangementMatrix.swift,windows/Tests/test_matrix_api.py;windows/Tests/test_matrix_ui.py;windows/Tests/test_annotations_ui.py;mac/Tests/ArrangementToolsTests.cpp,P2/P3,A01/A04/A06,Not executed in this planning task,See README provenance; no inherited current-main pass,"No blanket allocator exception: exact expected F04->F05 allocation, Undo high-water exception only; no-op preserves Redo.",Copy INTRO/Pulse -> RETURN/Spare overwrite makeUnique on fixture 04: saved tree equals fixture 05 (except allowed nextID); one Undo restores 04 (nextID 43 retained); Redo restores 05; aliased no-op preserves Redo.,peer-matrix-review.csv#59,ffe81aa4bfa83bc89b1e1dd92db06c67819c247a,,,16cab100b898f66726cfab6c2386887a9bcf5fd4,07060e1c4a7d5a5928c9762dd7897261636ef0b8,Baseline feature/contract assessment retained after post-reference diff review; no new parity implementation for this row. Source presence is not a runtime pass.,Branch adds native draft summaries/registration for this owner family; final Application admission remains unwired. Selected census/completion evidence does not close F21 or this row.,current-review.md; README.md A01-A18; original implementation/test pointers in this row; 08b0f5e8c; DocumentDrafts.inc; NativeToolWindow.hpp; current-review.md owner census; bin/parity-evidence/p0b-census-receipt.json
60,precise,Copied precise-note events,Live app,05,screenshots/60-copied-precise-notes.png,2026-10-09,ffe81aa4bfa83bc89b1e1dd92db06c67819c247a,False,"Pattern 2, row 0, channel 8 Spare; Pattern → Precise Notes; expand Selected hit details.","Four copied sub-row hits at row offsets 0, 0.25, 0.5, 0.75 with unchanged notes, instruments and velocities. Original Pulse and other patterns stay intact.",Independent retained precise-note owner with fractional fields and captured sound.,"Compare direct table/gesture flow, per-hit effects, no-op, stale rejection and retained selected hit.",windows/App/PreciseNoteWindow.hpp;windows/App/PreciseNoteOwnerModel.inc;windows/App/PreciseNoteOwnerInteraction.inc;windows/Session/TimelineOperations.cpp;mac/App/PreciseNotes.swift,windows/Tests/test_precise_note_editor.py;windows/Tests/test_precise_note_host.py;mac/Tests/PreciseNotesInterfaceTests.swift,P3/P4,A01/A05,Not executed in this planning task,See README provenance; no inherited current-main pass,Aligned with existing scope. Keep peer acceptance as a future proposed check; source-specific subclaims require targeted confirmation before being labelled gaps. No runtime pass inherited.,"Fixture 05 P2 ch8/API ch7: offsets 0/.25/.5/.75, notes/instrument/velocities unchanged.",peer-matrix-review.csv#60,ffe81aa4bfa83bc89b1e1dd92db06c67819c247a,"Existing 13a5be2ab/758cd1559: graph-curve measured combo bounds, exact workspace fixture client size, wheel-coordinate and preview-readiness fixture corrections; scoped evidence only",planning-review-refresh.md; bin/parity-evidence/p0-layout-receipt.json at 758cd1559,16cab100b898f66726cfab6c2386887a9bcf5fd4,07060e1c4a7d5a5928c9762dd7897261636ef0b8,P0a measured Graph Curve layout and owned-window/percent/wheel/readiness fixture repairs merged. Successful retained-editor CI is scoped evidence; remaining workspace/foreground/DPI/UIA gaps persist.,Branch adds native draft summaries/registration for this owner family; final Application admission remains unwired. Selected census/completion evidence does not close F21 or this row.,current-review.md; README.md A01-A18; original implementation/test pointers in this row; Windows run 37923921386 job 113798216568; Mac run 37923921268 jobs 113798215876/113798216235; tested tree 6433dc0 equals main; 08b0f5e8c; DocumentDrafts.inc; NativeToolWindow.hpp; current-review.md owner census; bin/parity-evidence/p0b-census-receipt.json
61,effects,Copied extra effect columns,Live app,05,screenshots/61-copied-effect-columns.png,2026-10-09,ffe81aa4bfa83bc89b1e1dd92db06c67819c247a,False,"Pattern 2, channel 8 Spare; Pattern → Extra Effects; select FX2 and row 4 pitch slide.","Spare grows to three FX columns. Pitch slide +2.5 over two rows, nudge 35% for one beat, and parameter-set binding 1 at 60% preserve values, units and destinations.","Unified FX descriptors, inline named values, search and guarded effects editor exist.","All 1-8 columns, bindings, unit conversions, clipboard and discoverable local commands.",windows/App/PatternEditor.inc;windows/App/PatternFields.hpp;windows/App/PatternGeometry.inc;windows/Session/PatternOperations.cpp;editor/NativePatternCommands.hpp;mac/App/PatternPerformance.swift,windows/Tests/test_pattern_performance.py;windows/Tests/UnifiedEffectsTests.cpp;mac/Tests/PatternPerformanceTests.mm,P3,A01/A05,Not executed in this planning task,See README provenance; no inherited current-main pass,Aligned with existing scope. Keep peer acceptance as a future proposed check; source-specific subclaims require targeted confirmation before being labelled gaps. No runtime pass inherited.,"Fixture 05 P2 Spare: 3 FX columns; +2.5 st/2 rows, nudge 35%/1 beat, binding 1 at 60%.",peer-matrix-review.csv#61,ffe81aa4bfa83bc89b1e1dd92db06c67819c247a,"Existing 13a5be2ab/758cd1559: graph-curve measured combo bounds, exact workspace fixture client size, wheel-coordinate and preview-readiness fixture corrections; scoped evidence only",planning-review-refresh.md; bin/parity-evidence/p0-layout-receipt.json at 758cd1559,16cab100b898f66726cfab6c2386887a9bcf5fd4,07060e1c4a7d5a5928c9762dd7897261636ef0b8,Baseline feature/contract assessment retained after post-reference diff review; no new parity implementation for this row. Source presence is not a runtime pass.,Branch adds native draft summaries/registration for this owner family; final Application admission remains unwired. Selected census/completion evidence does not close F21 or this row.,current-review.md; README.md A01-A18; original implementation/test pointers in this row; 08b0f5e8c; DocumentDrafts.inc; NativeToolWindow.hpp; current-review.md owner census; bin/parity-evidence/p0b-census-receipt.json
FX01,plugins,Gainer,Live app,04,screenshots/effects/01-Gainer.png,2026-10-08,000d47848a3476244e9f79c6e7153bf9e98c9067,True,"Plugins inspector → float panel → select rack slot 1, Gainer. Scroll the parameter list for lower controls.","Live native controls. Enabled, Gain, Balance, Left polarity, Right polarity. Values are fixture defaults; no sound-quality claim is made.","Builtin/VST3 library, rack, programs, ports, aliases, presets and path repair exist.","Efficient parameter controls, current live effect preset behavior, architecture/editor/vendor qualification. AU execution intentionally unavailable.",windows/App/PluginEditor.inc;windows/App/PluginLibraryWindow.hpp;windows/App/PluginInstrumentsWindow.hpp;windows/Session/PluginOperations.cpp;windows/Plugins/WindowsVST3.cpp;editor/NativeEffects.cpp;mac/App/PluginEditor.swift,windows/Tests/test_plugins_app.py;windows/Tests/test_plugin_presets.py;windows/Tests/test_plugin_library.py;windows/Tests/Plugins/EditorTests.cpp,P4/P7,A01/A17,Not executed in this planning task,See README provenance; no inherited current-main pass,"Adopt labelled enum/bool/slider/search/meter acceptance per effect using the reference parameter catalogue; shared built-in DSP already exists. Parameter counts are reference inputs, not newly executed plugin results.",Fixture 04 rack slot 1: 5 parameters with names/order/ranges matching REF evidence/effect-01.ax.txt; enumerated parameters show labelled choices; lower controls reachable by scroll/search.,peer-matrix-review.csv#FX01,ffe81aa4bfa83bc89b1e1dd92db06c67819c247a,,,16cab100b898f66726cfab6c2386887a9bcf5fd4,07060e1c4a7d5a5928c9762dd7897261636ef0b8,Baseline feature/contract assessment retained after post-reference diff review; no new parity implementation for this row. Source presence is not a runtime pass.,No additional implemented parity gap closure established for this row by the branch diff. Original per-row acceptance remains required.,current-review.md; README.md A01-A18; original implementation/test pointers in this row
FX02,plugins,DC Offset,Live app,04,screenshots/effects/02-DC-Offset.png,2026-10-08,000d47848a3476244e9f79c6e7153bf9e98c9067,True,"Plugins inspector → float panel → select rack slot 2, DC Offset. Scroll the parameter list for lower controls.","Live native controls. Enabled, Offset, Auto DC. Values are fixture defaults; no sound-quality claim is made.","Builtin/VST3 library, rack, programs, ports, aliases, presets and path repair exist.","Efficient parameter controls, current live effect preset behavior, architecture/editor/vendor qualification. AU execution intentionally unavailable.",windows/App/PluginEditor.inc;windows/App/PluginLibraryWindow.hpp;windows/App/PluginInstrumentsWindow.hpp;windows/Session/PluginOperations.cpp;windows/Plugins/WindowsVST3.cpp;editor/NativeEffects.cpp;mac/App/PluginEditor.swift,windows/Tests/test_plugins_app.py;windows/Tests/test_plugin_presets.py;windows/Tests/test_plugin_library.py;windows/Tests/Plugins/EditorTests.cpp,P4/P7,A01/A17,Not executed in this planning task,See README provenance; no inherited current-main pass,"Adopt labelled enum/bool/slider/search/meter acceptance per effect using the reference parameter catalogue; shared built-in DSP already exists. Parameter counts are reference inputs, not newly executed plugin results.",Fixture 04 rack slot 2: 3 parameters with names/order/ranges matching REF evidence/effect-02.ax.txt; enumerated parameters show labelled choices; lower controls reachable by scroll/search.,peer-matrix-review.csv#FX02,ffe81aa4bfa83bc89b1e1dd92db06c67819c247a,,,16cab100b898f66726cfab6c2386887a9bcf5fd4,07060e1c4a7d5a5928c9762dd7897261636ef0b8,Baseline feature/contract assessment retained after post-reference diff review; no new parity implementation for this row. Source presence is not a runtime pass.,No additional implemented parity gap closure established for this row by the branch diff. Original per-row acceptance remains required.,current-review.md; README.md A01-A18; original implementation/test pointers in this row
FX03,plugins,Stereo Expander,Live app,04,screenshots/effects/03-Stereo-Expander.png,2026-10-08,000d47848a3476244e9f79c6e7153bf9e98c9067,True,"Plugins inspector → float panel → select rack slot 3, Stereo Expander. Scroll the parameter list for lower controls.","Live native controls. Enabled, Width, Phase spread, Mono source. Values are fixture defaults; no sound-quality claim is made.","Builtin/VST3 library, rack, programs, ports, aliases, presets and path repair exist.","Efficient parameter controls, current live effect preset behavior, architecture/editor/vendor qualification. AU execution intentionally unavailable.",windows/App/PluginEditor.inc;windows/App/PluginLibraryWindow.hpp;windows/App/PluginInstrumentsWindow.hpp;windows/Session/PluginOperations.cpp;windows/Plugins/WindowsVST3.cpp;editor/NativeEffects.cpp;mac/App/PluginEditor.swift,windows/Tests/test_plugins_app.py;windows/Tests/test_plugin_presets.py;windows/Tests/test_plugin_library.py;windows/Tests/Plugins/EditorTests.cpp,P4/P7,A01/A17,Not executed in this planning task,See README provenance; no inherited current-main pass,"Adopt labelled enum/bool/slider/search/meter acceptance per effect using the reference parameter catalogue; shared built-in DSP already exists. Parameter counts are reference inputs, not newly executed plugin results.",Fixture 04 rack slot 3: 4 parameters with names/order/ranges matching REF evidence/effect-03.ax.txt; enumerated parameters show labelled choices; lower controls reachable by scroll/search.,peer-matrix-review.csv#FX03,ffe81aa4bfa83bc89b1e1dd92db06c67819c247a,,,16cab100b898f66726cfab6c2386887a9bcf5fd4,07060e1c4a7d5a5928c9762dd7897261636ef0b8,Baseline feature/contract assessment retained after post-reference diff review; no new parity implementation for this row. Source presence is not a runtime pass.,No additional implemented parity gap closure established for this row by the branch diff. Original per-row acceptance remains required.,current-review.md; README.md A01-A18; original implementation/test pointers in this row
FX04,plugins,Digital Filter,Live app,04,screenshots/effects/04-Digital-Filter.png,2026-10-08,000d47848a3476244e9f79c6e7153bf9e98c9067,True,"Plugins inspector → float panel → select rack slot 4, Digital Filter. Scroll the parameter list for lower controls.","Live native controls. Enabled, Shape, Frequency, Q, Channels, Output gain. Values are fixture defaults; no sound-quality claim is made.","Builtin/VST3 library, rack, programs, ports, aliases, presets and path repair exist.","Efficient parameter controls, current live effect preset behavior, architecture/editor/vendor qualification. AU execution intentionally unavailable.",windows/App/PluginEditor.inc;windows/App/PluginLibraryWindow.hpp;windows/App/PluginInstrumentsWindow.hpp;windows/Session/PluginOperations.cpp;windows/Plugins/WindowsVST3.cpp;editor/NativeEffects.cpp;mac/App/PluginEditor.swift,windows/Tests/test_plugins_app.py;windows/Tests/test_plugin_presets.py;windows/Tests/test_plugin_library.py;windows/Tests/Plugins/EditorTests.cpp,P4/P7,A01/A17,Not executed in this planning task,See README provenance; no inherited current-main pass,"Adopt labelled enum/bool/slider/search/meter acceptance per effect using the reference parameter catalogue; shared built-in DSP already exists. Parameter counts are reference inputs, not newly executed plugin results.",Fixture 04 rack slot 4: 6 parameters with names/order/ranges matching REF evidence/effect-04.ax.txt; enumerated parameters show labelled choices; lower controls reachable by scroll/search.,peer-matrix-review.csv#FX04,ffe81aa4bfa83bc89b1e1dd92db06c67819c247a,,,16cab100b898f66726cfab6c2386887a9bcf5fd4,07060e1c4a7d5a5928c9762dd7897261636ef0b8,Baseline feature/contract assessment retained after post-reference diff review; no new parity implementation for this row. Source presence is not a runtime pass.,No additional implemented parity gap closure established for this row by the branch diff. Original per-row acceptance remains required.,current-review.md; README.md A01-A18; original implementation/test pointers in this row
FX05,plugins,EQ5,Live app,04,screenshots/effects/05-EQ5.png,2026-10-08,000d47848a3476244e9f79c6e7153bf9e98c9067,True,"Plugins inspector → float panel → select rack slot 5, EQ5. Scroll the parameter list for lower controls.","Live native controls. Enabled, Channels, Output gain, Band 1 frequency, Band 1 gain, Band 1 Q, Band 1 shape, Band 2 frequency, Band 2 gain, Band 2 Q, Band 2 shape, Band 3 frequency, Band 3 gain, Band 3 Q, Band 3 shape, Band 4 frequency, Band 4 gain, Band 4 Q, Band 4 shape, Band 5 frequency, Band 5 gain, Band 5 Q, Band 5 shape. Values are fixture defaults; no sound-quality claim is made.","Builtin/VST3 library, rack, programs, ports, aliases, presets and path repair exist.","Efficient parameter controls, current live effect preset behavior, architecture/editor/vendor qualification. AU execution intentionally unavailable.",windows/App/PluginEditor.inc;windows/App/PluginLibraryWindow.hpp;windows/App/PluginInstrumentsWindow.hpp;windows/Session/PluginOperations.cpp;windows/Plugins/WindowsVST3.cpp;editor/NativeEffects.cpp;mac/App/PluginEditor.swift,windows/Tests/test_plugins_app.py;windows/Tests/test_plugin_presets.py;windows/Tests/test_plugin_library.py;windows/Tests/Plugins/EditorTests.cpp,P4/P7,A01/A17,Not executed in this planning task,See README provenance; no inherited current-main pass,"Adopt labelled enum/bool/slider/search/meter acceptance per effect using the reference parameter catalogue; shared built-in DSP already exists. Parameter counts are reference inputs, not newly executed plugin results.",Fixture 04 rack slot 5: 23 parameters with names/order/ranges matching REF evidence/effect-05.ax.txt; enumerated parameters show labelled choices; lower controls reachable by scroll/search.,peer-matrix-review.csv#FX05,ffe81aa4bfa83bc89b1e1dd92db06c67819c247a,,,16cab100b898f66726cfab6c2386887a9bcf5fd4,07060e1c4a7d5a5928c9762dd7897261636ef0b8,Baseline feature/contract assessment retained after post-reference diff review; no new parity implementation for this row. Source presence is not a runtime pass.,No additional implemented parity gap closure established for this row by the branch diff. Original per-row acceptance remains required.,current-review.md; README.md A01-A18; original implementation/test pointers in this row
FX06,plugins,EQ10,Live app,04,screenshots/effects/06-EQ10.png,2026-10-08,000d47848a3476244e9f79c6e7153bf9e98c9067,True,"Plugins inspector → float panel → select rack slot 6, EQ10. Scroll the parameter list for lower controls.","Live native controls. Enabled, Channels, Output gain, Band 1 frequency, Band 1 gain, Band 1 Q, Band 1 shape, Band 2 frequency, Band 2 gain, Band 2 Q, Band 2 shape, Band 3 frequency, Band 3 gain, Band 3 Q, Band 3 shape, Band 4 frequency, Band 4 gain, Band 4 Q, Band 4 shape, Band 5 frequency, Band 5 gain, Band 5 Q, Band 5 shape, Band 6 frequency, Band 6 gain, Band 6 Q, Band 6 shape, Band 7 frequency, Band 7 gain, Band 7 Q, Band 7 shape, Band 8 frequency, Band 8 gain, Band 8 Q, Band 8 shape, Band 9 frequency, Band 9 gain, Band 9 Q, Band 9 shape, Band 10 frequency, Band 10 gain, Band 10 Q, Band 10 shape. Values are fixture defaults; no sound-quality claim is made.","Builtin/VST3 library, rack, programs, ports, aliases, presets and path repair exist.","Efficient parameter controls, current live effect preset behavior, architecture/editor/vendor qualification. AU execution intentionally unavailable.",windows/App/PluginEditor.inc;windows/App/PluginLibraryWindow.hpp;windows/App/PluginInstrumentsWindow.hpp;windows/Session/PluginOperations.cpp;windows/Plugins/WindowsVST3.cpp;editor/NativeEffects.cpp;mac/App/PluginEditor.swift,windows/Tests/test_plugins_app.py;windows/Tests/test_plugin_presets.py;windows/Tests/test_plugin_library.py;windows/Tests/Plugins/EditorTests.cpp,P4/P7,A01/A17,Not executed in this planning task,See README provenance; no inherited current-main pass,"Adopt labelled enum/bool/slider/search/meter acceptance per effect using the reference parameter catalogue; shared built-in DSP already exists. Parameter counts are reference inputs, not newly executed plugin results.",Fixture 04 rack slot 6: 43 parameters with names/order/ranges matching REF evidence/effect-06.ax.txt; enumerated parameters show labelled choices; lower controls reachable by scroll/search.,peer-matrix-review.csv#FX06,ffe81aa4bfa83bc89b1e1dd92db06c67819c247a,,,16cab100b898f66726cfab6c2386887a9bcf5fd4,07060e1c4a7d5a5928c9762dd7897261636ef0b8,Baseline feature/contract assessment retained after post-reference diff review; no new parity implementation for this row. Source presence is not a runtime pass.,No additional implemented parity gap closure established for this row by the branch diff. Original per-row acceptance remains required.,current-review.md; README.md A01-A18; original implementation/test pointers in this row
FX07,plugins,Mixer EQ,Live app,04,screenshots/effects/07-Mixer-EQ.png,2026-10-08,000d47848a3476244e9f79c6e7153bf9e98c9067,True,"Plugins inspector → float panel → select rack slot 7, Mixer EQ. Scroll the parameter list for lower controls.","Live native controls. Enabled, Channels, Output gain, Band 1 frequency, Band 1 gain, Band 1 Q, Band 1 shape, Band 2 frequency, Band 2 gain, Band 2 Q, Band 2 shape, Band 3 frequency, Band 3 gain, Band 3 Q, Band 3 shape. Values are fixture defaults; no sound-quality claim is made.","Builtin/VST3 library, rack, programs, ports, aliases, presets and path repair exist.","Efficient parameter controls, current live effect preset behavior, architecture/editor/vendor qualification. AU execution intentionally unavailable.",windows/App/PluginEditor.inc;windows/App/PluginLibraryWindow.hpp;windows/App/PluginInstrumentsWindow.hpp;windows/Session/PluginOperations.cpp;windows/Plugins/WindowsVST3.cpp;editor/NativeEffects.cpp;mac/App/PluginEditor.swift,windows/Tests/test_plugins_app.py;windows/Tests/test_plugin_presets.py;windows/Tests/test_plugin_library.py;windows/Tests/Plugins/EditorTests.cpp,P4/P7,A01/A17,Not executed in this planning task,See README provenance; no inherited current-main pass,"Adopt labelled enum/bool/slider/search/meter acceptance per effect using the reference parameter catalogue; shared built-in DSP already exists. Parameter counts are reference inputs, not newly executed plugin results.",Fixture 04 rack slot 7: 15 parameters with names/order/ranges matching REF evidence/effect-07.ax.txt; enumerated parameters show labelled choices; lower controls reachable by scroll/search.,peer-matrix-review.csv#FX07,ffe81aa4bfa83bc89b1e1dd92db06c67819c247a,,,16cab100b898f66726cfab6c2386887a9bcf5fd4,07060e1c4a7d5a5928c9762dd7897261636ef0b8,Baseline feature/contract assessment retained after post-reference diff review; no new parity implementation for this row. Source presence is not a runtime pass.,No additional implemented parity gap closure established for this row by the branch diff. Original per-row acceptance remains required.,current-review.md; README.md A01-A18; original implementation/test pointers in this row
FX08,plugins,Comb Filter,Live app,04,screenshots/effects/08-Comb-Filter.png,2026-10-08,000d47848a3476244e9f79c6e7153bf9e98c9067,True,"Plugins inspector → float panel → select rack slot 8, Comb Filter. Scroll the parameter list for lower controls.","Live native controls. Enabled, Note, Transpose, Feedback, Dry / wet, Inertia, Channels, Output gain. Values are fixture defaults; no sound-quality claim is made.","Builtin/VST3 library, rack, programs, ports, aliases, presets and path repair exist.","Efficient parameter controls, current live effect preset behavior, architecture/editor/vendor qualification. AU execution intentionally unavailable.",windows/App/PluginEditor.inc;windows/App/PluginLibraryWindow.hpp;windows/App/PluginInstrumentsWindow.hpp;windows/Session/PluginOperations.cpp;windows/Plugins/WindowsVST3.cpp;editor/NativeEffects.cpp;mac/App/PluginEditor.swift,windows/Tests/test_plugins_app.py;windows/Tests/test_plugin_presets.py;windows/Tests/test_plugin_library.py;windows/Tests/Plugins/EditorTests.cpp,P4/P7,A01/A17,Not executed in this planning task,See README provenance; no inherited current-main pass,"Adopt labelled enum/bool/slider/search/meter acceptance per effect using the reference parameter catalogue; shared built-in DSP already exists. Parameter counts are reference inputs, not newly executed plugin results.",Fixture 04 rack slot 8: 8 parameters with names/order/ranges matching REF evidence/effect-08.ax.txt; enumerated parameters show labelled choices; lower controls reachable by scroll/search.,peer-matrix-review.csv#FX08,ffe81aa4bfa83bc89b1e1dd92db06c67819c247a,,,16cab100b898f66726cfab6c2386887a9bcf5fd4,07060e1c4a7d5a5928c9762dd7897261636ef0b8,Baseline feature/contract assessment retained after post-reference diff review; no new parity implementation for this row. Source presence is not a runtime pass.,No additional implemented parity gap closure established for this row by the branch diff. Original per-row acceptance remains required.,current-review.md; README.md A01-A18; original implementation/test pointers in this row
FX09,plugins,Distortion,Live app,04,screenshots/effects/09-Distortion.png,2026-10-08,000d47848a3476244e9f79c6e7153bf9e98c9067,True,"Plugins inspector → float panel → select rack slot 9, Distortion. Scroll the parameter list for lower controls.","Live native controls. Enabled, Drive, Mode, Tone, Dry mix, Wet mix, Output gain. Values are fixture defaults; no sound-quality claim is made.","Builtin/VST3 library, rack, programs, ports, aliases, presets and path repair exist.","Efficient parameter controls, current live effect preset behavior, architecture/editor/vendor qualification. AU execution intentionally unavailable.",windows/App/PluginEditor.inc;windows/App/PluginLibraryWindow.hpp;windows/App/PluginInstrumentsWindow.hpp;windows/Session/PluginOperations.cpp;windows/Plugins/WindowsVST3.cpp;editor/NativeEffects.cpp;mac/App/PluginEditor.swift,windows/Tests/test_plugins_app.py;windows/Tests/test_plugin_presets.py;windows/Tests/test_plugin_library.py;windows/Tests/Plugins/EditorTests.cpp,P4/P7,A01/A17,Not executed in this planning task,See README provenance; no inherited current-main pass,"Adopt labelled enum/bool/slider/search/meter acceptance per effect using the reference parameter catalogue; shared built-in DSP already exists. Parameter counts are reference inputs, not newly executed plugin results.",Fixture 04 rack slot 9: 7 parameters with names/order/ranges matching REF evidence/effect-09.ax.txt; enumerated parameters show labelled choices; lower controls reachable by scroll/search.,peer-matrix-review.csv#FX09,ffe81aa4bfa83bc89b1e1dd92db06c67819c247a,,,16cab100b898f66726cfab6c2386887a9bcf5fd4,07060e1c4a7d5a5928c9762dd7897261636ef0b8,Baseline feature/contract assessment retained after post-reference diff review; no new parity implementation for this row. Source presence is not a runtime pass.,No additional implemented parity gap closure established for this row by the branch diff. Original per-row acceptance remains required.,current-review.md; README.md A01-A18; original implementation/test pointers in this row
FX10,plugins,LofiMat,Live app,04,screenshots/effects/10-LofiMat.png,2026-10-08,000d47848a3476244e9f79c6e7153bf9e98c9067,True,"Plugins inspector → float panel → select rack slot 10, LofiMat. Scroll the parameter list for lower controls.","Live native controls. Enabled, Bit depth, Rate, Noise, Smooth, Dry mix, Wet mix, Output gain, Noise seed. Values are fixture defaults; no sound-quality claim is made.","Builtin/VST3 library, rack, programs, ports, aliases, presets and path repair exist.","Efficient parameter controls, current live effect preset behavior, architecture/editor/vendor qualification. AU execution intentionally unavailable.",windows/App/PluginEditor.inc;windows/App/PluginLibraryWindow.hpp;windows/App/PluginInstrumentsWindow.hpp;windows/Session/PluginOperations.cpp;windows/Plugins/WindowsVST3.cpp;editor/NativeEffects.cpp;mac/App/PluginEditor.swift,windows/Tests/test_plugins_app.py;windows/Tests/test_plugin_presets.py;windows/Tests/test_plugin_library.py;windows/Tests/Plugins/EditorTests.cpp,P4/P7,A01/A17,Not executed in this planning task,See README provenance; no inherited current-main pass,"Adopt labelled enum/bool/slider/search/meter acceptance per effect using the reference parameter catalogue; shared built-in DSP already exists. Parameter counts are reference inputs, not newly executed plugin results.",Fixture 04 rack slot 10: 9 parameters with names/order/ranges matching REF evidence/effect-10.ax.txt; enumerated parameters show labelled choices; lower controls reachable by scroll/search.,peer-matrix-review.csv#FX10,ffe81aa4bfa83bc89b1e1dd92db06c67819c247a,,,16cab100b898f66726cfab6c2386887a9bcf5fd4,07060e1c4a7d5a5928c9762dd7897261636ef0b8,Baseline feature/contract assessment retained after post-reference diff review; no new parity implementation for this row. Source presence is not a runtime pass.,No additional implemented parity gap closure established for this row by the branch diff. Original per-row acceptance remains required.,current-review.md; README.md A01-A18; original implementation/test pointers in this row
FX11,plugins,Cabinet Simulator,Live app,04,screenshots/effects/11-Cabinet-Simulator.png,2026-10-08,000d47848a3476244e9f79c6e7153bf9e98c9067,True,"Plugins inspector → float panel → select rack slot 11, Cabinet Simulator. Scroll the parameter list for lower controls.","Live native controls. Enabled, Cabinet model, Routing, Preamp gain, Channels, Dry mix, Wet mix, Output gain, Preamp enabled, Cabinet enabled, Band 1 frequency, Band 1 gain, Band 1 Q, Band 1 shape, Band 2 frequency, Band 2 gain, Band 2 Q, Band 2 shape, Band 3 frequency, Band 3 gain, Band 3 Q, Band 3 shape, Band 4 frequency, Band 4 gain, Band 4 Q, Band 4 shape, Band 5 frequency, Band 5 gain, Band 5 Q, Band 5 shape. Values are fixture defaults; no sound-quality claim is made.","Builtin/VST3 library, rack, programs, ports, aliases, presets and path repair exist.","Efficient parameter controls, current live effect preset behavior, architecture/editor/vendor qualification. AU execution intentionally unavailable.",windows/App/PluginEditor.inc;windows/App/PluginLibraryWindow.hpp;windows/App/PluginInstrumentsWindow.hpp;windows/Session/PluginOperations.cpp;windows/Plugins/WindowsVST3.cpp;editor/NativeEffects.cpp;mac/App/PluginEditor.swift,windows/Tests/test_plugins_app.py;windows/Tests/test_plugin_presets.py;windows/Tests/test_plugin_library.py;windows/Tests/Plugins/EditorTests.cpp,P4/P7,A01/A17,Not executed in this planning task,See README provenance; no inherited current-main pass,"Adopt labelled enum/bool/slider/search/meter acceptance per effect using the reference parameter catalogue; shared built-in DSP already exists. Parameter counts are reference inputs, not newly executed plugin results.",Fixture 04 rack slot 11: 30 parameters with names/order/ranges matching REF evidence/effect-11.ax.txt; enumerated parameters show labelled choices; lower controls reachable by scroll/search.,peer-matrix-review.csv#FX11,ffe81aa4bfa83bc89b1e1dd92db06c67819c247a,,,16cab100b898f66726cfab6c2386887a9bcf5fd4,07060e1c4a7d5a5928c9762dd7897261636ef0b8,Baseline feature/contract assessment retained after post-reference diff review; no new parity implementation for this row. Source presence is not a runtime pass.,No additional implemented parity gap closure established for this row by the branch diff. Original per-row acceptance remains required.,current-review.md; README.md A01-A18; original implementation/test pointers in this row
FX12,plugins,Compressor,Live app,04,screenshots/effects/12-Compressor.png,2026-10-08,000d47848a3476244e9f79c6e7153bf9e98c9067,True,"Plugins inspector → float panel → select rack slot 12, Compressor. Scroll the parameter list for lower controls.","Live native controls. Enabled, Threshold, Ratio, Attack, Release, Makeup, Knee, Detector, Stereo link, Detector source, Detector high-pass, Detector low-pass, Detector filters, Listen to detector, Dry / wet, RMS window. Values are fixture defaults; no sound-quality claim is made.","Builtin/VST3 library, rack, programs, ports, aliases, presets and path repair exist.","Efficient parameter controls, current live effect preset behavior, architecture/editor/vendor qualification. AU execution intentionally unavailable.",windows/App/PluginEditor.inc;windows/App/PluginLibraryWindow.hpp;windows/App/PluginInstrumentsWindow.hpp;windows/Session/PluginOperations.cpp;windows/Plugins/WindowsVST3.cpp;editor/NativeEffects.cpp;mac/App/PluginEditor.swift,windows/Tests/test_plugins_app.py;windows/Tests/test_plugin_presets.py;windows/Tests/test_plugin_library.py;windows/Tests/Plugins/EditorTests.cpp,P4/P7,A01/A17,Not executed in this planning task,See README provenance; no inherited current-main pass,"Adopt labelled enum/bool/slider/search/meter acceptance per effect using the reference parameter catalogue; shared built-in DSP already exists. Parameter counts are reference inputs, not newly executed plugin results.",Fixture 04 rack slot 12: 16 parameters with names/order/ranges matching REF evidence/effect-12.ax.txt; enumerated parameters show labelled choices; lower controls reachable by scroll/search.,peer-matrix-review.csv#FX12,ffe81aa4bfa83bc89b1e1dd92db06c67819c247a,,,16cab100b898f66726cfab6c2386887a9bcf5fd4,07060e1c4a7d5a5928c9762dd7897261636ef0b8,Baseline feature/contract assessment retained after post-reference diff review; no new parity implementation for this row. Source presence is not a runtime pass.,No additional implemented parity gap closure established for this row by the branch diff. Original per-row acceptance remains required.,current-review.md; README.md A01-A18; original implementation/test pointers in this row
FX13,plugins,Gate,Live app,04,screenshots/effects/13-Gate.png,2026-10-08,000d47848a3476244e9f79c6e7153bf9e98c9067,True,"Plugins inspector → float panel → select rack slot 13, Gate. Scroll the parameter list for lower controls.","Live native controls. Enabled, Threshold, Attack, Release, Output gain, Detector, Stereo link, Detector source, Detector high-pass, Detector low-pass, Detector filters, Listen to detector, Dry / wet, RMS window, Hold, Floor, Hysteresis, Mode. Values are fixture defaults; no sound-quality claim is made.","Builtin/VST3 library, rack, programs, ports, aliases, presets and path repair exist.","Efficient parameter controls, current live effect preset behavior, architecture/editor/vendor qualification. AU execution intentionally unavailable.",windows/App/PluginEditor.inc;windows/App/PluginLibraryWindow.hpp;windows/App/PluginInstrumentsWindow.hpp;windows/Session/PluginOperations.cpp;windows/Plugins/WindowsVST3.cpp;editor/NativeEffects.cpp;mac/App/PluginEditor.swift,windows/Tests/test_plugins_app.py;windows/Tests/test_plugin_presets.py;windows/Tests/test_plugin_library.py;windows/Tests/Plugins/EditorTests.cpp,P4/P7,A01/A17,Not executed in this planning task,See README provenance; no inherited current-main pass,"Adopt labelled enum/bool/slider/search/meter acceptance per effect using the reference parameter catalogue; shared built-in DSP already exists. Parameter counts are reference inputs, not newly executed plugin results.",Fixture 04 rack slot 13: 18 parameters with names/order/ranges matching REF evidence/effect-13.ax.txt; enumerated parameters show labelled choices; lower controls reachable by scroll/search.,peer-matrix-review.csv#FX13,ffe81aa4bfa83bc89b1e1dd92db06c67819c247a,,,16cab100b898f66726cfab6c2386887a9bcf5fd4,07060e1c4a7d5a5928c9762dd7897261636ef0b8,Baseline feature/contract assessment retained after post-reference diff review; no new parity implementation for this row. Source presence is not a runtime pass.,No additional implemented parity gap closure established for this row by the branch diff. Original per-row acceptance remains required.,current-review.md; README.md A01-A18; original implementation/test pointers in this row
FX14,plugins,Maximizer,Live app,04,screenshots/effects/14-Maximizer.png,2026-10-08,000d47848a3476244e9f79c6e7153bf9e98c9067,True,"Plugins inspector → float panel → select rack slot 14, Maximizer. Scroll the parameter list for lower controls.","Live native controls. Enabled, Boost, Threshold, Peak release, Slow release, Ceiling. Values are fixture defaults; no sound-quality claim is made.","Builtin/VST3 library, rack, programs, ports, aliases, presets and path repair exist.","Efficient parameter controls, current live effect preset behavior, architecture/editor/vendor qualification. AU execution intentionally unavailable.",windows/App/PluginEditor.inc;windows/App/PluginLibraryWindow.hpp;windows/App/PluginInstrumentsWindow.hpp;windows/Session/PluginOperations.cpp;windows/Plugins/WindowsVST3.cpp;editor/NativeEffects.cpp;mac/App/PluginEditor.swift,windows/Tests/test_plugins_app.py;windows/Tests/test_plugin_presets.py;windows/Tests/test_plugin_library.py;windows/Tests/Plugins/EditorTests.cpp,P4/P7,A01/A17,Not executed in this planning task,See README provenance; no inherited current-main pass,"Adopt labelled enum/bool/slider/search/meter acceptance per effect using the reference parameter catalogue; shared built-in DSP already exists. Parameter counts are reference inputs, not newly executed plugin results.",Fixture 04 rack slot 14: 6 parameters with names/order/ranges matching REF evidence/effect-14.ax.txt; enumerated parameters show labelled choices; lower controls reachable by scroll/search.,peer-matrix-review.csv#FX14,ffe81aa4bfa83bc89b1e1dd92db06c67819c247a,,,16cab100b898f66726cfab6c2386887a9bcf5fd4,07060e1c4a7d5a5928c9762dd7897261636ef0b8,Baseline feature/contract assessment retained after post-reference diff review; no new parity implementation for this row. Source presence is not a runtime pass.,No additional implemented parity gap closure established for this row by the branch diff. Original per-row acceptance remains required.,current-review.md; README.md A01-A18; original implementation/test pointers in this row
FX15,plugins,Bus Compressor,Live app,04,screenshots/effects/15-Bus-Compressor.png,2026-10-08,000d47848a3476244e9f79c6e7153bf9e98c9067,True,"Plugins inspector → float panel → select rack slot 15, Bus Compressor. Scroll the parameter list for lower controls.","Live native controls. Enabled, Threshold, Ratio, Attack, Release, Makeup, Knee, Response, Stereo link, Detector source, Detector high-pass, Detector low-pass, Detector filters, Listen to detector, Dry / wet, RMS window. Values are fixture defaults; no sound-quality claim is made.","Builtin/VST3 library, rack, programs, ports, aliases, presets and path repair exist.","Efficient parameter controls, current live effect preset behavior, architecture/editor/vendor qualification. AU execution intentionally unavailable.",windows/App/PluginEditor.inc;windows/App/PluginLibraryWindow.hpp;windows/App/PluginInstrumentsWindow.hpp;windows/Session/PluginOperations.cpp;windows/Plugins/WindowsVST3.cpp;editor/NativeEffects.cpp;mac/App/PluginEditor.swift,windows/Tests/test_plugins_app.py;windows/Tests/test_plugin_presets.py;windows/Tests/test_plugin_library.py;windows/Tests/Plugins/EditorTests.cpp,P4/P7,A01/A17,Not executed in this planning task,See README provenance; no inherited current-main pass,"Adopt labelled enum/bool/slider/search/meter acceptance per effect using the reference parameter catalogue; shared built-in DSP already exists. Parameter counts are reference inputs, not newly executed plugin results.",Fixture 04 rack slot 15: 16 parameters with names/order/ranges matching REF evidence/effect-15.ax.txt; enumerated parameters show labelled choices; lower controls reachable by scroll/search.,peer-matrix-review.csv#FX15,ffe81aa4bfa83bc89b1e1dd92db06c67819c247a,,,16cab100b898f66726cfab6c2386887a9bcf5fd4,07060e1c4a7d5a5928c9762dd7897261636ef0b8,Baseline feature/contract assessment retained after post-reference diff review; no new parity implementation for this row. Source presence is not a runtime pass.,No additional implemented parity gap closure established for this row by the branch diff. Original per-row acceptance remains required.,current-review.md; README.md A01-A18; original implementation/test pointers in this row
B01,files,Native load/save round trip,Behavioral checklist; not a screenshot proof,04,README.md,,ffe81aa4bfa83bc89b1e1dd92db06c67819c247a,,Open each of five fixtures; save as a new file; reopen on Mac and Windows.,"Preserve module PCM, stable identities, native metadata v17, 15 builtin states, curves, links and graph routing.","Native save/open, preserved metadata and best-effort source-protected recovery exist.",Confirmed module export method/UI and user audio export gaps; dedicated nonmodal load report needs implementation/review.,windows/Project/NativeProject.cpp;windows/Project/NativeProjectRecovery.inc;windows/Session/DocumentOperations.cpp;windows/App/EditingView.inc;mac/Audio/AudioExport.mm;mac/Bridge/ProjectLoadRecovery.inc,windows/Tests/test_native_project_app.py;windows/Tests/ProjectNative/PreservationTests.cpp;mac/Tests/ExportTests.mm,P0c/P6/P8,A01/A15,Not executed in this planning task,See README provenance; no inherited current-main pass,Typed trees distinguish bool/int/real and opaque bytes. Strict-decoder drift is not proof user open fails; test recovery classification. No blanket nextID/UUID exceptions.,All 5 fixtures: Windows open -> Save As -> Mac reopen and Mac open -> save -> Windows reopen produce identical normalized property trees (embedded module/plugin bytes identical).,peer-matrix-review.csv#B01,ffe81aa4bfa83bc89b1e1dd92db06c67819c247a,,,16cab100b898f66726cfab6c2386887a9bcf5fd4,07060e1c4a7d5a5928c9762dd7897261636ef0b8,Baseline feature/contract assessment retained after post-reference diff review; no new parity implementation for this row. Source presence is not a runtime pass.,No additional implemented parity gap closure established for this row by the branch diff. Original per-row acceptance remains required.,current-review.md; README.md A01-A18; original implementation/test pointers in this row
B02,history,All musical editing paths,Behavioral checklist; not a screenshot proof,04,README.md,,ffe81aa4bfa83bc89b1e1dd92db06c67819c247a,,"Change a note, sample loop, envelope, plugin parameter, graph wire and send; Undo/Redo each.",One coherent song history; rejected and cancelled edits leave content and cursor intact.,Document/plugin edits coordinate one chronological history.,Extract candidate/admission policy without splitting histories; failure allocation/publication and persistence cross-adapter.,editor/TrackerDocument.cpp;windows/Session/PluginOperations.cpp;windows/Session/DocumentController.cpp;mac/Bridge/TrackerSession.mm,editor/Tests/DocumentHistoryAllocationTests.cpp;mac/Tests/UnifiedHistoryTests.mm,P0b/P2/P4/P6/P8,A01/A15,Not executed in this planning task,See README provenance; no inherited current-main pass,"Compare musical history outcomes, atomicity and expiry; differing history depth or Apply granularity alone does not prove incorrect Undo.","Fixture 04: note, sample loop, envelope, plugin parameter, graph wire, send: each Undo/Redo restores exact state; rejected/cancelled edits leave content and cursor.",peer-matrix-review.csv#B02,ffe81aa4bfa83bc89b1e1dd92db06c67819c247a,,,16cab100b898f66726cfab6c2386887a9bcf5fd4,07060e1c4a7d5a5928c9762dd7897261636ef0b8,Baseline feature/contract assessment retained after post-reference diff review; no new parity implementation for this row. Source presence is not a runtime pass.,Branch adds native draft summaries/registration for this owner family; final Application admission remains unwired. Selected census/completion evidence does not close F21 or this row.,current-review.md; README.md A01-A18; original implementation/test pointers in this row; 08b0f5e8c; DocumentDrafts.inc; NativeToolWindow.hpp; current-review.md owner census; bin/parity-evidence/p0b-census-receipt.json
B03,workspace,"Panels, pins and drafts",Behavioral checklist; not a screenshot proof,04,README.md,,ffe81aa4bfa83bc89b1e1dd92db06c67819c247a,,"Pin an inspector, move the tracker cursor, float/dock/return it; hold a draft while switching panels.",Pin owns its target; no silent draft rebasing; returning restores cursor and text selection.,"Independent retained regions, named layouts, pins, Return, shortcuts and sequences exist.",Broader panel placements and individual local command discoverability; foreground keyboard/UIA/DPI checks.,windows/App/WorkspaceRegions.hpp;windows/App/WorkspaceDocking.inc;windows/App/WorkspaceLayouts.inc;windows/App/WorkspaceCommands.inc;windows/App/WorkspaceShortcutDispatch.inc;windows/App/NativeToolWindow.hpp;mac/App/DockWorkspace.swift,windows/Tests/test_workspace.py;windows/Tests/test_workspace_shortcuts.py;windows/Tests/test_precise_note_host.py;mac/Tests/WorkspaceInterfaceTests.swift,P0b/P3/P8,A16,Not executed in this planning task,See README provenance; no inherited current-main pass,Four retained owners and named layouts already exist. Verify focus/pin/placement cases before universal docking expansion; no silent target rebasing.,"Pin each dockable panel, move cursor, float/dock/return: target held, no draft rebasing, return restores cursor and text selection; pins persist in saved layouts.",peer-matrix-review.csv#B03,ffe81aa4bfa83bc89b1e1dd92db06c67819c247a,"Existing P0a take guards and P0b cable/stage-role repairs remain separate from main. b36bbefc4 supplies departure tokens/registry/optional worker hook; Application still omits the hook. Pre-existing dirty census includes native/Main registrations, captured timing sequence and nudge Review navigation. Selected native owner cases exist and have retained local logs. Owner completeness, final input lease, Close/API/recovery admission and retirement remain outstanding. F21 remains open.","Planning recheck at c76439494, 2026-10-09 12:00 UTC; see planning-review-refresh.md and review-snapshot.json. Read existing p0b-census-native-initial/split-tests/app/app-configured logs: selected owner and host checks only, initial setup failure/skip retained, no consolidated census source/dependency receipt found. No new execution in this review; no main parity pass. Current P0a CI: Apple Silicon successful at 6433dc0; Windows and Intel still running when read.",16cab100b898f66726cfab6c2386887a9bcf5fd4,07060e1c4a7d5a5928c9762dd7897261636ef0b8,P0a measured Graph Curve layout and owned-window/percent/wheel/readiness fixture repairs merged. Successful retained-editor CI is scoped evidence; remaining workspace/foreground/DPI/UIA gaps persist.,Branch adds native draft summaries/registration for this owner family; final Application admission remains unwired. Selected census/completion evidence does not close F21 or this row. Open/Close/API/recovery still need final admission/input lease/retirement; pending/uncertain state must be classified before discard.,current-review.md; README.md A01-A18; original implementation/test pointers in this row; Windows run 37923921386 job 113798216568; Mac run 37923921268 jobs 113798215876/113798216235; tested tree 6433dc0 equals main; 08b0f5e8c; DocumentDrafts.inc; NativeToolWindow.hpp; current-review.md owner census; bin/parity-evidence/p0b-census-receipt.json
B04,timing,Scope and follow,Behavioral checklist; not a screenshot proof,04,README.md,,ffe81aa4bfa83bc89b1e1dd92db06c67819c247a,,"Exercise beginning/cursor/selection/pattern playback, loop and follow.",Edit cursor is distinct from playhead; loop changes apply at supported boundaries.,Native song timing editor and shared timing model exist.,Timeline/ruler and live loop methods absent; verify first-visit timing and stopped timing-Apply semantics.,windows/App/SongTimingWindow.hpp;windows/App/SongTools.inc;windows/Session/DocumentOperations.cpp;editor/SongTiming.cpp;mac/App/SongTimingEditor.swift;mac/Bridge/TrackerSessionAPI.inc,windows/Tests/test_song_tools_ui.py,P3,A06,Not executed in this planning task,See README provenance; no inherited current-main pass,Add explicit scope/loop/focus-return semantics; preserve saved shortcut mappings and test IME/AltGr before adopting default changes.,"Fixture 04: Play from cursor, Play selection/pattern, loop toggle during playback (applies at boundary), follow on/off; edit cursor distinct from playhead; Esc focus-return without stopping (per decision).",peer-matrix-review.csv#B04,ffe81aa4bfa83bc89b1e1dd92db06c67819c247a,,,16cab100b898f66726cfab6c2386887a9bcf5fd4,07060e1c4a7d5a5928c9762dd7897261636ef0b8,"Playback API already accepts region/cursor/loop; missing native entry points, running-loop setter and timeline/ruler remain narrower gaps. No post-reference implementation change.",No additional implemented parity gap closure established for this row by the branch diff. Original per-row acceptance remains required.,current-review.md; README.md A01-A18; original implementation/test pointers in this row
B05,midi,MIDI and manual automation,Behavioral checklist; not a screenshot proof,04,README.md,,ffe81aa4bfa83bc89b1e1dd92db06c67819c247a,,Use a controlled MIDI source and manual plugin gestures during playback.,"Exact/quantized timing, retained take, discard/commit, delivered-value trace and persisted recorded points.",Native WinMM input/timestamped take-review/recovery operations exist.,Hardware clock/latency/reconnect/overflow; exact/quantized recording and MIDI controller API contract.,windows/Audio/MidiInput.cpp;windows/App/RecordingIntegration.inc;windows/App/MidiRecordingWindow.hpp;windows/Session/RecordingOperations.inc;editor/NoteRecording.cpp;editor/RecordingClock.hpp;mac/Bridge/RecordingAPI.inc,windows/Tests/test_recording.py;mac/Tests/MidiTests.cpp,P4b/P7/P8,A01/A13,Not executed in this planning task,See README provenance; no inherited current-main pass,Manual automation capture added as P4b; timestamp/conflict/arm/clear and API semantics on both platforms. Keep existing MIDI/recorded editing.,"Controlled MIDI source + plugin gestures during playback: exact/quantized timing, retained take, delivered-value trace, persisted recorded points.",peer-matrix-review.csv#B05,ffe81aa4bfa83bc89b1e1dd92db06c67819c247a,P0a candidate retained-take guards exist. Manual plugin-gesture recording remains a separate gap; recorded-point live editing already existed on main.,"current-source-review.md; existing source/logs only, no new execution or main parity pass",16cab100b898f66726cfab6c2386887a9bcf5fd4,07060e1c4a7d5a5928c9762dd7897261636ef0b8,"P0a separate MIDI/sample take guards with MIDI recheck and compatible Mac capture monitor merged and qualified. Hardware, manual gesture recording, recorder limit UI, full recovery/draft parity remain separate open checks.",No additional implemented parity gap closure established for this row by the branch diff. Original per-row acceptance remains required.,current-review.md; README.md A01-A18; original implementation/test pointers in this row; SampleCaptureIntegration.inc::protectRecordingTake; RecordingIntegration.inc::protectMidiRecordingTake; mac/Audio/CaptureEndMonitor.hpp; P0a CI links in current-review.md
B06,audio,Graph edits and processing order,Behavioral checklist; not a screenshot proof,04,README.md,,ffe81aa4bfa83bc89b1e1dd92db06c67819c247a,,"Exercise row-only, persistent, ordinary, instrument and rack routes, groups and fan-out.",Order and independent-copy identity agree; cycles and unsupported live changes reject atomically.,"Shared hosted renderer, prepared routing/rack/control publication and native devices exist.","Source support is not current runtime qualification; bound scopes for topology, latency, presets, callbacks and hardware.",editor/hosted/PluginChain.cpp;editor/hosted/RackPreset.cpp;editor/RealtimeTransition.hpp;windows/Session/HostedProject.cpp;windows/Session/DocumentController.cpp;mac/Audio/NativeSignalGraph.cpp,windows/Tests/LiveGraphPublicationTests.inc;windows/Tests/HostedProject/HostedProjectTests.cpp;mac/Tests/MixerPublicationTests.cpp;mac/Tests/PluginLatencyTests.mm,P7/P8,A11/A18,Not executed in this planning task,See README provenance; no inherited current-main pass,Shared validation exists. Role/cable safety first; branch choice/projection and live admission require targeted native input/audio checks.,Fixture 04: cycle via song route rejects atomically (revision unchanged); detach branched node with explicit branch choice; Rhythm group fan-out.,peer-matrix-review.csv#B06,ffe81aa4bfa83bc89b1e1dd92db06c67819c247a,"d59c24c8c/e7f165eb4 cover new cable defaults, field retention and role-correct assignment. They do not establish complete routing/processing-order parity.","current-source-review.md; existing source/logs only, no new execution or main parity pass",16cab100b898f66726cfab6c2386887a9bcf5fd4,07060e1c4a7d5a5928c9762dd7897261636ef0b8,Baseline feature/contract assessment retained after post-reference diff review; no new parity implementation for this row. Source presence is not a runtime pass. F22 stage-role defect remains on main. F23 fresh modulation/default and field-preservation repair is not on main.,Branch adds native draft summaries/registration for this owner family; final Application admission remains unwired. Selected census/completion evidence does not close F21 or this row. Existing e7f165eb4 role/capability checks block ordinary assignment/inserts from Row/Persistent cards; shared-definition navigation remains. Not yet on main. Existing d59c24c8c preserves selected wire fields and uses zero-depth/catalogue-derived defaults with captured endpoints/generation. Not yet integrated.,current-review.md; README.md A01-A18; original implementation/test pointers in this row; 08b0f5e8c; DocumentDrafts.inc; NativeToolWindow.hpp; current-review.md owner census; bin/parity-evidence/p0b-census-receipt.json; SongRoutingCanvas.hpp; SongRoutingWindow.hpp; windows/Tests/test_song_routing.py; IMPLEMENTATION.md role evidence; GraphCableEdits.hpp; GraphEditor.inc; FanConnectionOperationsTests.inc; windows/Tests/test_graph_editor.py
B07,graph,Advanced graph command inventory,Behavioral checklist; not a screenshot proof,04,README.md,,ffe81aa4bfa83bc89b1e1dd92db06c67819c247a,,"Use graph actions in COMMANDS.md: grouping, detach/insert, copy/duplicate, source types, note routing, scope/listen, provenance.",All actions discoverable and keyboard reachable; do not infer behavior from static pictures.,"Song/recipe graph operations, groups, notes, fanout and native workflow forms/canvas exist.","Direct contextual canvas actions, all command coverage, compact inspectors and live/error/runtime equivalence.",windows/App/GraphEditor.inc;windows/App/GraphCanvas.hpp;windows/App/GraphWorkflowWindow.hpp;windows/App/GraphWorkflowActions.inc;windows/Session/GraphOperations.cpp;editor/GraphEditing.cpp;mac/App/SignalGraphEditor.swift,windows/Tests/test_graph_editor.py;windows/Tests/test_main_integration.py;windows/Tests/GraphOperations/GraphOperationsTests.cpp;mac/Tests/SignalGraphSessionTests.mm,P5,A01/A10/A11/A12,Not executed in this planning task,See README provenance; no inherited current-main pass,Use all item-level command entries; aggregate graph command totals in peer narrative vary. Existing APIs/forms are not absent operations.,"Every Mac graph action in REF COMMANDS.md is discoverable in Ctrl+K and keyboard reachable against fixture 04, or recorded as an intentional platform difference.",peer-matrix-review.csv#B07,ffe81aa4bfa83bc89b1e1dd92db06c67819c247a,,,16cab100b898f66726cfab6c2386887a9bcf5fd4,07060e1c4a7d5a5928c9762dd7897261636ef0b8,Baseline feature/contract assessment retained after post-reference diff review; no new parity implementation for this row. Source presence is not a runtime pass.,No additional implemented parity gap closure established for this row by the branch diff. Original per-row acceptance remains required.,current-review.md; README.md A01-A18; original implementation/test pointers in this row
B08,plugins,"Presets, programs and instrument aliases",Behavioral checklist; not a screenshot proof,04,README.md,,ffe81aa4bfa83bc89b1e1dd92db06c67819c247a,,Use compatible redistributable VST3 fixture on both platforms.,"Factory/user programs, aliases, MIDI channel, audio buses, sidechains, preset state and missing-plugin recovery.","Builtin/VST3 library, rack, programs, ports, aliases, presets and path repair exist.","Efficient parameter controls, current live effect preset behavior, architecture/editor/vendor qualification. AU execution intentionally unavailable.",windows/App/PluginEditor.inc;windows/App/PluginLibraryWindow.hpp;windows/App/PluginInstrumentsWindow.hpp;windows/Session/PluginOperations.cpp;windows/Plugins/WindowsVST3.cpp;editor/NativeEffects.cpp;mac/App/PluginEditor.swift,windows/Tests/test_plugins_app.py;windows/Tests/test_plugin_presets.py;windows/Tests/test_plugin_library.py;windows/Tests/Plugins/EditorTests.cpp,P4/P7,A01/A17,Not executed in this planning task,See README provenance; no inherited current-main pass,Presets/aliases/programs already exist. Windows compatible live state uses prepared rack publication; blanket stopped-only gap rejected.,"Redistributable VST3 fixture on both platforms: program load, preset save/load, alias on channel 2, missing-plugin reconnect.",peer-matrix-review.csv#B08,ffe81aa4bfa83bc89b1e1dd92db06c67819c247a,,,16cab100b898f66726cfab6c2386887a9bcf5fd4,07060e1c4a7d5a5928c9762dd7897261636ef0b8,Baseline feature/contract assessment retained after post-reference diff review; no new parity implementation for this row. Source presence is not a runtime pass.,Branch adds native draft summaries/registration for this owner family; final Application admission remains unwired. Selected census/completion evidence does not close F21 or this row.,current-review.md; README.md A01-A18; original implementation/test pointers in this row; 08b0f5e8c; DocumentDrafts.inc; NativeToolWindow.hpp; current-review.md owner census; bin/parity-evidence/p0b-census-receipt.json
B09,recovery,Failure and recovery paths,Behavioral checklist; not a screenshot proof,04,README.md,,ffe81aa4bfa83bc89b1e1dd92db06c67819c247a,,Create a disposable recovery copy and a deliberately missing-plugin project.,Recovery never silently replaces unsaved work; unresolved state retained for repair.,"Retained native recovery window, disk worker and take snapshots exist.",Failure/close/restore/alias protection and reciprocal load warnings; component render does not prove real inventory.,windows/App/RecoveryWindow.hpp;windows/App/RecoveryIntegration.inc;windows/Session/RecoveryOperations.inc;editor/ProjectLoadRecovery.hpp;mac/App/RecoveryIntegration.swift,mac/Tests/RecoverySessionTests.mm,P3c/P6/P8,A01/A13/A15,Not executed in this planning task,See README provenance; no inherited current-main pass,Do not adopt automatic 30-day deletion uncritically; unresolved takes/source protection matter. Add persistent report and failure coverage.,Disposable recovery copy + missing-plugin project: recovery never replaces unsaved work; unresolved state retained for repair.,peer-matrix-review.csv#B09,ffe81aa4bfa83bc89b1e1dd92db06c67819c247a,"Existing P0a take guards and P0b cable/stage-role repairs remain separate from main. b36bbefc4 supplies departure tokens/registry/optional worker hook; Application still omits the hook. Pre-existing dirty census includes native/Main registrations, captured timing sequence and nudge Review navigation. Selected native owner cases exist and have retained local logs. Owner completeness, final input lease, Close/API/recovery admission and retirement remain outstanding. F21 remains open.","Planning recheck at c76439494, 2026-10-09 12:00 UTC; see planning-review-refresh.md and review-snapshot.json. Read existing p0b-census-native-initial/split-tests/app/app-configured logs: selected owner and host checks only, initial setup failure/skip retained, no consolidated census source/dependency receipt found. No new execution in this review; no main parity pass. Current P0a CI: Apple Silicon successful at 6433dc0; Windows and Intel still running when read.",16cab100b898f66726cfab6c2386887a9bcf5fd4,07060e1c4a7d5a5928c9762dd7897261636ef0b8,"P0a separate MIDI/sample take guards with MIDI recheck and compatible Mac capture monitor merged and qualified. Hardware, manual gesture recording, recorder limit UI, full recovery/draft parity remain separate open checks.",Branch adds native draft summaries/registration for this owner family; final Application admission remains unwired. Selected census/completion evidence does not close F21 or this row. Open/Close/API/recovery still need final admission/input lease/retirement; pending/uncertain state must be classified before discard.,current-review.md; README.md A01-A18; original implementation/test pointers in this row; SampleCaptureIntegration.inc::protectRecordingTake; RecordingIntegration.inc::protectMidiRecordingTake; mac/Audio/CaptureEndMonitor.hpp; P0a CI links in current-review.md; 08b0f5e8c; DocumentDrafts.inc; NativeToolWindow.hpp; current-review.md owner census; bin/parity-evidence/p0b-census-receipt.json
B10,workspace,Keyboard and resizing,Behavioral checklist; not a screenshot proof,04,README.md,,ffe81aa4bfa83bc89b1e1dd92db06c67819c247a,,Navigate without pointer; resize all dialogs; inspect AX/UIA names and disabled states.,"No hidden Apply buttons, dead tab stops, unreadable text or selection loss.","Independent retained regions, named layouts, pins, Return, shortcuts and sequences exist.",Broader panel placements and individual local command discoverability; foreground keyboard/UIA/DPI checks.,windows/App/WorkspaceRegions.hpp;windows/App/WorkspaceDocking.inc;windows/App/WorkspaceLayouts.inc;windows/App/WorkspaceCommands.inc;windows/App/WorkspaceShortcutDispatch.inc;windows/App/NativeToolWindow.hpp;mac/App/DockWorkspace.swift,windows/Tests/test_workspace.py;windows/Tests/test_workspace_shortcuts.py;windows/Tests/test_precise_note_host.py;mac/Tests/WorkspaceInterfaceTests.swift,P3/P8,A16,Not executed in this planning task,See README provenance; no inherited current-main pass,"No custom UIA source found, but stock HWND accessibility exists. Runtime screen-reader behavior not measured. Add providers/names and native focus/resize tests.","Keyboard-only walk of every panel; Accessibility Insights FastPass clean on main window, mixer, palette; Narrator reads grid cells; resize at 100/150/200% and 1366x768@125% without hidden Apply buttons.",peer-matrix-review.csv#B10,ffe81aa4bfa83bc89b1e1dd92db06c67819c247a,"Existing 13a5be2ab/758cd1559: graph-curve measured combo bounds, exact workspace fixture client size, wheel-coordinate and preview-readiness fixture corrections; scoped evidence only; d37ecf785 / isolated 6c3eea908 adds exact client geometry in the Python owned-window fixture only.",Latest read-only snapshot 2026-10-09 11:34 UTC: runs 37923921386/37923921268 at isolated head 6c3eea908 remain in progress; no pass claimed. Existing p0a-client-geometry-ui-configured.log records 2 targeted cases passing on ARM64 binary receipt 758cd1559; separate surrogate log establishes wide/compact geometry. Earlier de3112d18 Mac passes / Windows setup failure remain historical. See planning-review-refresh.md.,16cab100b898f66726cfab6c2386887a9bcf5fd4,07060e1c4a7d5a5928c9762dd7897261636ef0b8,P0a measured Graph Curve layout and owned-window/percent/wheel/readiness fixture repairs merged. Successful retained-editor CI is scoped evidence; remaining workspace/foreground/DPI/UIA gaps persist.,No additional implemented parity gap closure established for this row by the branch diff. Original per-row acceptance remains required.,current-review.md; README.md A01-A18; original implementation/test pointers in this row; Windows run 37923921386 job 113798216568; Mac run 37923921268 jobs 113798215876/113798216235; tested tree 6433dc0 equals main
B11,arrangement,"Whole-block copy, preview and history",Behavioral checklist; not a screenshot proof,04,README.md,,ffe81aa4bfa83bc89b1e1dd92db06c67819c247a,,Start with fixture 04: copy order 0/channel 0 to order 2/channel 7 with makeUnique; compare fixture 05; Undo/Redo.,"Copy legacy cells, precise notes and all native FX columns. Preview consumes no IDs; one Undo restores musical data; aliased identity no-op preserves Redo.",Order/matrix/annotations and shared whole-layer copy exist on main.,"Runtime check exact F04→F05, independent repeated order, density, collision modes, preview/no-op history.",windows/App/ArrangementWindow.hpp;windows/App/ArrangementMatrixWindow.hpp;windows/Session/DocumentOperations.cpp;editor/ArrangementTools.cpp;mac/App/ArrangementMatrix.swift,windows/Tests/test_matrix_api.py;windows/Tests/test_matrix_ui.py;windows/Tests/test_annotations_ui.py;mac/Tests/ArrangementToolsTests.cpp,P2/P3,A01/A04/A06,Not executed in this planning task,See README provenance; no inherited current-main pass,Aligned with existing scope. Keep peer acceptance as a future proposed check; source-specific subclaims require targeted confirmation before being labelled gaps. No runtime pass inherited.,"As row 59, automated in the portable fixture test on both platforms.",peer-matrix-review.csv#B11,ffe81aa4bfa83bc89b1e1dd92db06c67819c247a,,,16cab100b898f66726cfab6c2386887a9bcf5fd4,07060e1c4a7d5a5928c9762dd7897261636ef0b8,Baseline feature/contract assessment retained after post-reference diff review; no new parity implementation for this row. Source presence is not a runtime pass.,No additional implemented parity gap closure established for this row by the branch diff. Original per-row acceptance remains required.,current-review.md; README.md A01-A18; original implementation/test pointers in this row
B12,arrangement,Layer-aware matrix density,Behavioral checklist; not a screenshot proof,04,README.md,,ffe81aa4bfa83bc89b1e1dd92db06c67819c247a,,Read arrangement.matrix for fixture 04 and compare evidence/arrangement-before.json.,"Counts include tracker cells, precise on/off events and native FX; notes exclude releases, bins preserve sub-row positions, repeated orders retain independent identity.",Order/matrix/annotations and shared whole-layer copy exist on main.,"Runtime check exact F04→F05, independent repeated order, density, collision modes, preview/no-op history.",windows/App/ArrangementWindow.hpp;windows/App/ArrangementMatrixWindow.hpp;windows/Session/DocumentOperations.cpp;editor/ArrangementTools.cpp;mac/App/ArrangementMatrix.swift,windows/Tests/test_matrix_api.py;windows/Tests/test_matrix_ui.py;windows/Tests/test_annotations_ui.py;mac/Tests/ArrangementToolsTests.cpp,P2/P3,A01/A04/A06,Not executed in this planning task,See README provenance; no inherited current-main pass,Aligned with existing scope. Keep peer acceptance as a future proposed check; source-specific subclaims require targeted confirmation before being labelled gaps. No runtime pass inherited.,"As row 12, automated.",peer-matrix-review.csv#B12,ffe81aa4bfa83bc89b1e1dd92db06c67819c247a,,,16cab100b898f66726cfab6c2386887a9bcf5fd4,07060e1c4a7d5a5928c9762dd7897261636ef0b8,Baseline feature/contract assessment retained after post-reference diff review; no new parity implementation for this row. Source presence is not a runtime pass.,No additional implemented parity gap closure established for this row by the branch diff. Original per-row acceptance remains required.,current-review.md; README.md A01-A18; original implementation/test pointers in this row
B13,midi,Retained input failure diagnostics,Behavioral checklist; not a screenshot proof,04,README.md,,ffe81aa4bfa83bc89b1e1dd92db06c67819c247a,,Use a disposable MIDI failure/recovery scenario and read recording.get.,"inputError survives recovery without losing the compatible stopped take; requires controlled device/API testing, not established by static images.",Native WinMM input/timestamped take-review/recovery operations exist.,Hardware clock/latency/reconnect/overflow; exact/quantized recording and MIDI controller API contract.,windows/Audio/MidiInput.cpp;windows/App/RecordingIntegration.inc;windows/App/MidiRecordingWindow.hpp;windows/Session/RecordingOperations.inc;editor/NoteRecording.cpp;editor/RecordingClock.hpp;mac/Bridge/RecordingAPI.inc,windows/Tests/test_recording.py;mac/Tests/MidiTests.cpp,P7,A01/A13,Not executed in this planning task,See README provenance; no inherited current-main pass,"Source inputError retention is implemented; current-main runtime proof blocked by build, no inherited pass.",Controlled MIDI failure: recording.get inputError survives recovery without losing the stopped take.,peer-matrix-review.csv#B13,ffe81aa4bfa83bc89b1e1dd92db06c67819c247a,P0a take protection has bounded local recording/recovery evidence; physical input-error/reconnect qualification remains required.,"current-source-review.md; existing source/logs only, no new execution or main parity pass",16cab100b898f66726cfab6c2386887a9bcf5fd4,07060e1c4a7d5a5928c9762dd7897261636ef0b8,"P0a separate MIDI/sample take guards with MIDI recheck and compatible Mac capture monitor merged and qualified. Hardware, manual gesture recording, recorder limit UI, full recovery/draft parity remain separate open checks.",No additional implemented parity gap closure established for this row by the branch diff. Original per-row acceptance remains required.,current-review.md; README.md A01-A18; original implementation/test pointers in this row; SampleCaptureIntegration.inc::protectRecordingTake; RecordingIntegration.inc::protectMidiRecordingTake; mac/Audio/CaptureEndMonitor.hpp; P0a CI links in current-review.md
B14,audio,Audible and realtime qualification,Behavioral checklist; not a screenshot proof,04,README.md,,ffe81aa4bfa83bc89b1e1dd92db06c67819c247a,,Use offline reference renders and explicitly selected test audio routes.,"Rendering, tails, modulation, no discontinuities and latency require audio evidence beyond this visual report.","Shared hosted renderer, prepared routing/rack/control publication and native devices exist.","Source support is not current runtime qualification; bound scopes for topology, latency, presets, callbacks and hardware.",editor/hosted/PluginChain.cpp;editor/hosted/RackPreset.cpp;editor/RealtimeTransition.hpp;windows/Session/HostedProject.cpp;windows/Session/DocumentController.cpp;mac/Audio/NativeSignalGraph.cpp,windows/Tests/LiveGraphPublicationTests.inc;windows/Tests/HostedProject/HostedProjectTests.cpp;mac/Tests/MixerPublicationTests.cpp;mac/Tests/PluginLatencyTests.mm,P7/P8,A11/A18,Not executed in this planning task,See README provenance; no inherited current-main pass,"Characterize deterministic cross-platform PCM tolerance; retain existing exact/partition assertions, never weaken to fit a failure.","Offline renders of fixtures 02-05 on both platforms compared with the agreed tolerance; tails, modulation, no discontinuities.",peer-matrix-review.csv#B14,ffe81aa4bfa83bc89b1e1dd92db06c67819c247a,,,16cab100b898f66726cfab6c2386887a9bcf5fd4,07060e1c4a7d5a5928c9762dd7897261636ef0b8,Baseline feature/contract assessment retained after post-reference diff review; no new parity implementation for this row. Source presence is not a runtime pass.,No additional implemented parity gap closure established for this row by the branch diff. Original per-row acceptance remains required.,current-review.md; README.md A01-A18; original implementation/test pointers in this row
C01,arrangement,Arrangement Matrix,Component render,component,screenshots/components/ArrangementMatrix.png,2026-10-08,000d47848a3476244e9f79c6e7153bf9e98c9067,True,Run tools/capture-components.sh from the repository root. Synthetic state is constructed by mac/Tests/InterfaceTests.swift::layoutChecks and its called checks.,Isolated AppKit component render with test data. Supplemental geometry only: some native button/popup captions are blank in offscreen rendering. Not a live screenshot or a saved song state. See the fixture-based live captures for portable reproduction.,Order/matrix/annotations and shared whole-layer copy exist on main.,"Runtime check exact F04→F05, independent repeated order, density, collision modes, preview/no-op history.",windows/App/ArrangementWindow.hpp;windows/App/ArrangementMatrixWindow.hpp;windows/Session/DocumentOperations.cpp;editor/ArrangementTools.cpp;mac/App/ArrangementMatrix.swift,windows/Tests/test_matrix_api.py;windows/Tests/test_matrix_ui.py;windows/Tests/test_annotations_ui.py;mac/Tests/ArrangementToolsTests.cpp,P2/P3,A01/A04/A06,Not executed in this planning task,See README provenance; no inherited current-main pass,Not in peer 84-row matrix; see original supplemental-component provenance,,,ffe81aa4bfa83bc89b1e1dd92db06c67819c247a,,,16cab100b898f66726cfab6c2386887a9bcf5fd4,07060e1c4a7d5a5928c9762dd7897261636ef0b8,Baseline feature/contract assessment retained after post-reference diff review; no new parity implementation for this row. Source presence is not a runtime pass.,Branch adds native draft summaries/registration for this owner family; final Application admission remains unwired. Selected census/completion evidence does not close F21 or this row.,current-review.md; README.md A01-A18; original implementation/test pointers in this row; 08b0f5e8c; DocumentDrafts.inc; NativeToolWindow.hpp; current-review.md owner census; bin/parity-evidence/p0b-census-receipt.json
C02,plugins,Built In Effects,Component render,component,screenshots/components/BuiltInEffects.png,2026-10-08,000d47848a3476244e9f79c6e7153bf9e98c9067,True,Run tools/capture-components.sh from the repository root. Synthetic state is constructed by mac/Tests/InterfaceTests.swift::layoutChecks and its called checks.,Isolated AppKit component render with test data. Supplemental geometry only: some native button/popup captions are blank in offscreen rendering. Not a live screenshot or a saved song state. See the fixture-based live captures for portable reproduction.,"Builtin/VST3 library, rack, programs, ports, aliases, presets and path repair exist.","Efficient parameter controls, current live effect preset behavior, architecture/editor/vendor qualification. AU execution intentionally unavailable.",windows/App/PluginEditor.inc;windows/App/PluginLibraryWindow.hpp;windows/App/PluginInstrumentsWindow.hpp;windows/Session/PluginOperations.cpp;windows/Plugins/WindowsVST3.cpp;editor/NativeEffects.cpp;mac/App/PluginEditor.swift,windows/Tests/test_plugins_app.py;windows/Tests/test_plugin_presets.py;windows/Tests/test_plugin_library.py;windows/Tests/Plugins/EditorTests.cpp,P4/P7,A01/A17,Not executed in this planning task,See README provenance; no inherited current-main pass,Not in peer 84-row matrix; see original supplemental-component provenance,,,ffe81aa4bfa83bc89b1e1dd92db06c67819c247a,,,16cab100b898f66726cfab6c2386887a9bcf5fd4,07060e1c4a7d5a5928c9762dd7897261636ef0b8,Baseline feature/contract assessment retained after post-reference diff review; no new parity implementation for this row. Source presence is not a runtime pass.,No additional implemented parity gap closure established for this row by the branch diff. Original per-row acceptance remains required.,current-review.md; README.md A01-A18; original implementation/test pointers in this row
C03,plugins,Bus Compressor,Component render,component,screenshots/components/BusCompressor.png,2026-10-08,000d47848a3476244e9f79c6e7153bf9e98c9067,True,Run tools/capture-components.sh from the repository root. Synthetic state is constructed by mac/Tests/InterfaceTests.swift::layoutChecks and its called checks.,Isolated AppKit component render with test data. Supplemental geometry only: some native button/popup captions are blank in offscreen rendering. Not a live screenshot or a saved song state. See the fixture-based live captures for portable reproduction.,"Builtin/VST3 library, rack, programs, ports, aliases, presets and path repair exist.","Efficient parameter controls, current live effect preset behavior, architecture/editor/vendor qualification. AU execution intentionally unavailable.",windows/App/PluginEditor.inc;windows/App/PluginLibraryWindow.hpp;windows/App/PluginInstrumentsWindow.hpp;windows/Session/PluginOperations.cpp;windows/Plugins/WindowsVST3.cpp;editor/NativeEffects.cpp;mac/App/PluginEditor.swift,windows/Tests/test_plugins_app.py;windows/Tests/test_plugin_presets.py;windows/Tests/test_plugin_library.py;windows/Tests/Plugins/EditorTests.cpp,P4/P7,A01/A17,Not executed in this planning task,See README provenance; no inherited current-main pass,Not in peer 84-row matrix; see original supplemental-component provenance,,,ffe81aa4bfa83bc89b1e1dd92db06c67819c247a,,,16cab100b898f66726cfab6c2386887a9bcf5fd4,07060e1c4a7d5a5928c9762dd7897261636ef0b8,Baseline feature/contract assessment retained after post-reference diff review; no new parity implementation for this row. Source presence is not a runtime pass.,No additional implemented parity gap closure established for this row by the branch diff. Original per-row acceptance remains required.,current-review.md; README.md A01-A18; original implementation/test pointers in this row
C04,plugins,Cabinet Simulator,Component render,component,screenshots/components/CabinetSimulator.png,2026-10-08,000d47848a3476244e9f79c6e7153bf9e98c9067,True,Run tools/capture-components.sh from the repository root. Synthetic state is constructed by mac/Tests/InterfaceTests.swift::layoutChecks and its called checks.,Isolated AppKit component render with test data. Supplemental geometry only: some native button/popup captions are blank in offscreen rendering. Not a live screenshot or a saved song state. See the fixture-based live captures for portable reproduction.,"Builtin/VST3 library, rack, programs, ports, aliases, presets and path repair exist.","Efficient parameter controls, current live effect preset behavior, architecture/editor/vendor qualification. AU execution intentionally unavailable.",windows/App/PluginEditor.inc;windows/App/PluginLibraryWindow.hpp;windows/App/PluginInstrumentsWindow.hpp;windows/Session/PluginOperations.cpp;windows/Plugins/WindowsVST3.cpp;editor/NativeEffects.cpp;mac/App/PluginEditor.swift,windows/Tests/test_plugins_app.py;windows/Tests/test_plugin_presets.py;windows/Tests/test_plugin_library.py;windows/Tests/Plugins/EditorTests.cpp,P4/P7,A01/A17,Not executed in this planning task,See README provenance; no inherited current-main pass,Not in peer 84-row matrix; see original supplemental-component provenance,,,ffe81aa4bfa83bc89b1e1dd92db06c67819c247a,,,16cab100b898f66726cfab6c2386887a9bcf5fd4,07060e1c4a7d5a5928c9762dd7897261636ef0b8,Baseline feature/contract assessment retained after post-reference diff review; no new parity implementation for this row. Source presence is not a runtime pass.,No additional implemented parity gap closure established for this row by the branch diff. Original per-row acceptance remains required.,current-review.md; README.md A01-A18; original implementation/test pointers in this row
C05,plugins,Comb Filter,Component render,component,screenshots/components/CombFilter.png,2026-10-08,000d47848a3476244e9f79c6e7153bf9e98c9067,True,Run tools/capture-components.sh from the repository root. Synthetic state is constructed by mac/Tests/InterfaceTests.swift::layoutChecks and its called checks.,Isolated AppKit component render with test data. Supplemental geometry only: some native button/popup captions are blank in offscreen rendering. Not a live screenshot or a saved song state. See the fixture-based live captures for portable reproduction.,"Builtin/VST3 library, rack, programs, ports, aliases, presets and path repair exist.","Efficient parameter controls, current live effect preset behavior, architecture/editor/vendor qualification. AU execution intentionally unavailable.",windows/App/PluginEditor.inc;windows/App/PluginLibraryWindow.hpp;windows/App/PluginInstrumentsWindow.hpp;windows/Session/PluginOperations.cpp;windows/Plugins/WindowsVST3.cpp;editor/NativeEffects.cpp;mac/App/PluginEditor.swift,windows/Tests/test_plugins_app.py;windows/Tests/test_plugin_presets.py;windows/Tests/test_plugin_library.py;windows/Tests/Plugins/EditorTests.cpp,P4/P7,A01/A17,Not executed in this planning task,See README provenance; no inherited current-main pass,Not in peer 84-row matrix; see original supplemental-component provenance,,,ffe81aa4bfa83bc89b1e1dd92db06c67819c247a,,,16cab100b898f66726cfab6c2386887a9bcf5fd4,07060e1c4a7d5a5928c9762dd7897261636ef0b8,Baseline feature/contract assessment retained after post-reference diff review; no new parity implementation for this row. Source presence is not a runtime pass.,No additional implemented parity gap closure established for this row by the branch diff. Original per-row acceptance remains required.,current-review.md; README.md A01-A18; original implementation/test pointers in this row
C06,plugins,Distortion,Component render,component,screenshots/components/Distortion.png,2026-10-08,000d47848a3476244e9f79c6e7153bf9e98c9067,True,Run tools/capture-components.sh from the repository root. Synthetic state is constructed by mac/Tests/InterfaceTests.swift::layoutChecks and its called checks.,Isolated AppKit component render with test data. Supplemental geometry only: some native button/popup captions are blank in offscreen rendering. Not a live screenshot or a saved song state. See the fixture-based live captures for portable reproduction.,"Builtin/VST3 library, rack, programs, ports, aliases, presets and path repair exist.","Efficient parameter controls, current live effect preset behavior, architecture/editor/vendor qualification. AU execution intentionally unavailable.",windows/App/PluginEditor.inc;windows/App/PluginLibraryWindow.hpp;windows/App/PluginInstrumentsWindow.hpp;windows/Session/PluginOperations.cpp;windows/Plugins/WindowsVST3.cpp;editor/NativeEffects.cpp;mac/App/PluginEditor.swift,windows/Tests/test_plugins_app.py;windows/Tests/test_plugin_presets.py;windows/Tests/test_plugin_library.py;windows/Tests/Plugins/EditorTests.cpp,P4/P7,A01/A17,Not executed in this planning task,See README provenance; no inherited current-main pass,Not in peer 84-row matrix; see original supplemental-component provenance,,,ffe81aa4bfa83bc89b1e1dd92db06c67819c247a,,,16cab100b898f66726cfab6c2386887a9bcf5fd4,07060e1c4a7d5a5928c9762dd7897261636ef0b8,Baseline feature/contract assessment retained after post-reference diff review; no new parity implementation for this row. Source presence is not a runtime pass.,No additional implemented parity gap closure established for this row by the branch diff. Original per-row acceptance remains required.,current-review.md; README.md A01-A18; original implementation/test pointers in this row
C07,plugins,Dynamics,Component render,component,screenshots/components/Dynamics.png,2026-10-08,000d47848a3476244e9f79c6e7153bf9e98c9067,True,Run tools/capture-components.sh from the repository root. Synthetic state is constructed by mac/Tests/InterfaceTests.swift::layoutChecks and its called checks.,Isolated AppKit component render with test data. Supplemental geometry only: some native button/popup captions are blank in offscreen rendering. Not a live screenshot or a saved song state. See the fixture-based live captures for portable reproduction.,"Builtin/VST3 library, rack, programs, ports, aliases, presets and path repair exist.","Efficient parameter controls, current live effect preset behavior, architecture/editor/vendor qualification. AU execution intentionally unavailable.",windows/App/PluginEditor.inc;windows/App/PluginLibraryWindow.hpp;windows/App/PluginInstrumentsWindow.hpp;windows/Session/PluginOperations.cpp;windows/Plugins/WindowsVST3.cpp;editor/NativeEffects.cpp;mac/App/PluginEditor.swift,windows/Tests/test_plugins_app.py;windows/Tests/test_plugin_presets.py;windows/Tests/test_plugin_library.py;windows/Tests/Plugins/EditorTests.cpp,P4/P7,A01/A17,Not executed in this planning task,See README provenance; no inherited current-main pass,Not in peer 84-row matrix; see original supplemental-component provenance,,,ffe81aa4bfa83bc89b1e1dd92db06c67819c247a,,,16cab100b898f66726cfab6c2386887a9bcf5fd4,07060e1c4a7d5a5928c9762dd7897261636ef0b8,Baseline feature/contract assessment retained after post-reference diff review; no new parity implementation for this row. Source presence is not a runtime pass.,No additional implemented parity gap closure established for this row by the branch diff. Original per-row acceptance remains required.,current-review.md; README.md A01-A18; original implementation/test pointers in this row
C08,plugins,Equalizer,Component render,component,screenshots/components/Equalizer.png,2026-10-08,000d47848a3476244e9f79c6e7153bf9e98c9067,True,Run tools/capture-components.sh from the repository root. Synthetic state is constructed by mac/Tests/InterfaceTests.swift::layoutChecks and its called checks.,Isolated AppKit component render with test data. Supplemental geometry only: some native button/popup captions are blank in offscreen rendering. Not a live screenshot or a saved song state. See the fixture-based live captures for portable reproduction.,"Builtin/VST3 library, rack, programs, ports, aliases, presets and path repair exist.","Efficient parameter controls, current live effect preset behavior, architecture/editor/vendor qualification. AU execution intentionally unavailable.",windows/App/PluginEditor.inc;windows/App/PluginLibraryWindow.hpp;windows/App/PluginInstrumentsWindow.hpp;windows/Session/PluginOperations.cpp;windows/Plugins/WindowsVST3.cpp;editor/NativeEffects.cpp;mac/App/PluginEditor.swift,windows/Tests/test_plugins_app.py;windows/Tests/test_plugin_presets.py;windows/Tests/test_plugin_library.py;windows/Tests/Plugins/EditorTests.cpp,P4/P7,A01/A17,Not executed in this planning task,See README provenance; no inherited current-main pass,Not in peer 84-row matrix; see original supplemental-component provenance,,,ffe81aa4bfa83bc89b1e1dd92db06c67819c247a,,,16cab100b898f66726cfab6c2386887a9bcf5fd4,07060e1c4a7d5a5928c9762dd7897261636ef0b8,Baseline feature/contract assessment retained after post-reference diff review; no new parity implementation for this row. Source presence is not a runtime pass.,No additional implemented parity gap closure established for this row by the branch diff. Original per-row acceptance remains required.,current-review.md; README.md A01-A18; original implementation/test pointers in this row
C09,instrument,Instrument Editor,Component render,component,screenshots/components/InstrumentEditor.png,2026-10-08,000d47848a3476244e9f79c6e7153bf9e98c9067,True,Run tools/capture-components.sh from the repository root. Synthetic state is constructed by mac/Tests/InterfaceTests.swift::layoutChecks and its called checks.,Isolated AppKit component render with test data. Supplemental geometry only: some native button/popup captions are blank in offscreen rendering. Not a live screenshot or a saved song state. See the fixture-based live captures for portable reproduction.,"Native envelopes, keymap/settings and shared transforms exist.","Complete direct point and settings keyboard flow, NNA/duplicate behavior and linked envelope safety.",windows/App/InstrumentEnvelopeWindow.hpp;windows/Session/EnvelopeOperations.cpp;editor/InstrumentEnvelopeTools.cpp;mac/App/InstrumentEnvelopeToolsEditor.swift,windows/Tests/test_instrument_envelope_ui.py;mac/Tests/InstrumentEnvelopeInterfaceTests.swift,P4,A01/A08,Not executed in this planning task,See README provenance; no inherited current-main pass,Not in peer 84-row matrix; see original supplemental-component provenance,,,ffe81aa4bfa83bc89b1e1dd92db06c67819c247a,,,16cab100b898f66726cfab6c2386887a9bcf5fd4,07060e1c4a7d5a5928c9762dd7897261636ef0b8,Baseline feature/contract assessment retained after post-reference diff review; no new parity implementation for this row. Source presence is not a runtime pass.,Branch adds native draft summaries/registration for this owner family; final Application admission remains unwired. Selected census/completion evidence does not close F21 or this row.,current-review.md; README.md A01-A18; original implementation/test pointers in this row; 08b0f5e8c; DocumentDrafts.inc; NativeToolWindow.hpp; current-review.md owner census; bin/parity-evidence/p0b-census-receipt.json
C10,instrument,Instrument Envelope Tools Editor,Component render,component,screenshots/components/InstrumentEnvelopeToolsEditor.png,2026-10-08,000d47848a3476244e9f79c6e7153bf9e98c9067,True,Run tools/capture-components.sh from the repository root. Synthetic state is constructed by mac/Tests/InterfaceTests.swift::layoutChecks and its called checks.,Isolated AppKit component render with test data. Supplemental geometry only: some native button/popup captions are blank in offscreen rendering. Not a live screenshot or a saved song state. See the fixture-based live captures for portable reproduction.,"Native envelopes, keymap/settings and shared transforms exist.","Complete direct point and settings keyboard flow, NNA/duplicate behavior and linked envelope safety.",windows/App/InstrumentEnvelopeWindow.hpp;windows/Session/EnvelopeOperations.cpp;editor/InstrumentEnvelopeTools.cpp;mac/App/InstrumentEnvelopeToolsEditor.swift,windows/Tests/test_instrument_envelope_ui.py;mac/Tests/InstrumentEnvelopeInterfaceTests.swift,P4,A01/A08,Not executed in this planning task,See README provenance; no inherited current-main pass,Not in peer 84-row matrix; see original supplemental-component provenance,,,ffe81aa4bfa83bc89b1e1dd92db06c67819c247a,,,16cab100b898f66726cfab6c2386887a9bcf5fd4,07060e1c4a7d5a5928c9762dd7897261636ef0b8,Baseline feature/contract assessment retained after post-reference diff review; no new parity implementation for this row. Source presence is not a runtime pass.,Branch adds native draft summaries/registration for this owner family; final Application admission remains unwired. Selected census/completion evidence does not close F21 or this row.,current-review.md; README.md A01-A18; original implementation/test pointers in this row; 08b0f5e8c; DocumentDrafts.inc; NativeToolWindow.hpp; current-review.md owner census; bin/parity-evidence/p0b-census-receipt.json
C11,plugins,Lofi Mat,Component render,component,screenshots/components/LofiMat.png,2026-10-08,000d47848a3476244e9f79c6e7153bf9e98c9067,True,Run tools/capture-components.sh from the repository root. Synthetic state is constructed by mac/Tests/InterfaceTests.swift::layoutChecks and its called checks.,Isolated AppKit component render with test data. Supplemental geometry only: some native button/popup captions are blank in offscreen rendering. Not a live screenshot or a saved song state. See the fixture-based live captures for portable reproduction.,"Builtin/VST3 library, rack, programs, ports, aliases, presets and path repair exist.","Efficient parameter controls, current live effect preset behavior, architecture/editor/vendor qualification. AU execution intentionally unavailable.",windows/App/PluginEditor.inc;windows/App/PluginLibraryWindow.hpp;windows/App/PluginInstrumentsWindow.hpp;windows/Session/PluginOperations.cpp;windows/Plugins/WindowsVST3.cpp;editor/NativeEffects.cpp;mac/App/PluginEditor.swift,windows/Tests/test_plugins_app.py;windows/Tests/test_plugin_presets.py;windows/Tests/test_plugin_library.py;windows/Tests/Plugins/EditorTests.cpp,P4/P7,A01/A17,Not executed in this planning task,See README provenance; no inherited current-main pass,Not in peer 84-row matrix; see original supplemental-component provenance,,,ffe81aa4bfa83bc89b1e1dd92db06c67819c247a,,,16cab100b898f66726cfab6c2386887a9bcf5fd4,07060e1c4a7d5a5928c9762dd7897261636ef0b8,Baseline feature/contract assessment retained after post-reference diff review; no new parity implementation for this row. Source presence is not a runtime pass.,No additional implemented parity gap closure established for this row by the branch diff. Original per-row acceptance remains required.,current-review.md; README.md A01-A18; original implementation/test pointers in this row
C12,plugins,Maximizer,Component render,component,screenshots/components/Maximizer.png,2026-10-08,000d47848a3476244e9f79c6e7153bf9e98c9067,True,Run tools/capture-components.sh from the repository root. Synthetic state is constructed by mac/Tests/InterfaceTests.swift::layoutChecks and its called checks.,Isolated AppKit component render with test data. Supplemental geometry only: some native button/popup captions are blank in offscreen rendering. Not a live screenshot or a saved song state. See the fixture-based live captures for portable reproduction.,"Builtin/VST3 library, rack, programs, ports, aliases, presets and path repair exist.","Efficient parameter controls, current live effect preset behavior, architecture/editor/vendor qualification. AU execution intentionally unavailable.",windows/App/PluginEditor.inc;windows/App/PluginLibraryWindow.hpp;windows/App/PluginInstrumentsWindow.hpp;windows/Session/PluginOperations.cpp;windows/Plugins/WindowsVST3.cpp;editor/NativeEffects.cpp;mac/App/PluginEditor.swift,windows/Tests/test_plugins_app.py;windows/Tests/test_plugin_presets.py;windows/Tests/test_plugin_library.py;windows/Tests/Plugins/EditorTests.cpp,P4/P7,A01/A17,Not executed in this planning task,See README provenance; no inherited current-main pass,Not in peer 84-row matrix; see original supplemental-component provenance,,,ffe81aa4bfa83bc89b1e1dd92db06c67819c247a,,,16cab100b898f66726cfab6c2386887a9bcf5fd4,07060e1c4a7d5a5928c9762dd7897261636ef0b8,Baseline feature/contract assessment retained after post-reference diff review; no new parity implementation for this row. Source presence is not a runtime pass.,No additional implemented parity gap closure established for this row by the branch diff. Original per-row acceptance remains required.,current-review.md; README.md A01-A18; original implementation/test pointers in this row
C13,mixer,Mixer Editor,Component render,component,screenshots/components/MixerEditor.png,2026-10-08,000d47848a3476244e9f79c6e7153bf9e98c9067,True,Run tools/capture-components.sh from the repository root. Synthetic state is constructed by mac/Tests/InterfaceTests.swift::layoutChecks and its called checks.,Isolated AppKit component render with test data. Supplemental geometry only: some native button/popup captions are blank in offscreen rendering. Not a live screenshot or a saved song state. See the fixture-based live captures for portable reproduction.,Selected bus fields and live preview/meter API exist.,Confirmed simultaneous native multi-bus strips gap; one Undo per gesture and safe preview cancellation.,windows/App/MixerEditor.inc;windows/Session/MixerOperations.cpp;windows/Session/DocumentController.cpp;mac/Bridge/MixerAPI.inc;mac/App/MixerStrips.swift,windows/Tests/test_graph_mixer_app.py;windows/Tests/MixerIntegrationTests.inc;mac/Tests/MixerStripsInterfaceTests.swift,P1,A01/A02/A11,Not executed in this planning task,See README provenance; no inherited current-main pass,Not in peer 84-row matrix; see original supplemental-component provenance,,,ffe81aa4bfa83bc89b1e1dd92db06c67819c247a,,,16cab100b898f66726cfab6c2386887a9bcf5fd4,07060e1c4a7d5a5928c9762dd7897261636ef0b8,Baseline feature/contract assessment retained after post-reference diff review; no new parity implementation for this row. Source presence is not a runtime pass.,No additional implemented parity gap closure established for this row by the branch diff. Original per-row acceptance remains required.,current-review.md; README.md A01-A18; original implementation/test pointers in this row
C14,routing,Mixer Routing,Component render,component,screenshots/components/MixerRouting.png,2026-10-08,000d47848a3476244e9f79c6e7153bf9e98c9067,True,Run tools/capture-components.sh from the repository root. Synthetic state is constructed by mac/Tests/InterfaceTests.swift::layoutChecks and its called checks.,Isolated AppKit component render with test data. Supplemental geometry only: some native button/popup captions are blank in offscreen rendering. Not a live screenshot or a saved song state. See the fixture-based live captures for portable reproduction.,"Song routing, sends/inserts, plugin input/output and sidechain APIs/UI exist.","Clear direct access, no implicit reconnect, live capabilities/failure atomicity and useful incompatible-input explanation.",windows/App/SongRoutingWindow.hpp;windows/App/SongRoutingCanvas.hpp;windows/Session/MixerOperations.cpp;editor/MixerPluginRouting.cpp;mac/App/SidechainEditor.swift,windows/Tests/test_song_routing.py;windows/Tests/MixerOperationsTests.cpp;mac/Tests/NativeMixerTests.mm,P5,A01/A10/A11/A17,Not executed in this planning task,See README provenance; no inherited current-main pass,Not in peer 84-row matrix; see original supplemental-component provenance,,,ffe81aa4bfa83bc89b1e1dd92db06c67819c247a,,,16cab100b898f66726cfab6c2386887a9bcf5fd4,07060e1c4a7d5a5928c9762dd7897261636ef0b8,Baseline feature/contract assessment retained after post-reference diff review; no new parity implementation for this row. Source presence is not a runtime pass.,Branch adds native draft summaries/registration for this owner family; final Application admission remains unwired. Selected census/completion evidence does not close F21 or this row.,current-review.md; README.md A01-A18; original implementation/test pointers in this row; 08b0f5e8c; DocumentDrafts.inc; NativeToolWindow.hpp; current-review.md owner census; bin/parity-evidence/p0b-census-receipt.json
C15,library,Multisample Import View,Component render,component,screenshots/components/MultisampleImportView.png,2026-10-08,000d47848a3476244e9f79c6e7153bf9e98c9067,True,Run tools/capture-components.sh from the repository root. Synthetic state is constructed by mac/Tests/InterfaceTests.swift::layoutChecks and its called checks.,Isolated AppKit component render with test data. Supplemental geometry only: some native button/popup captions are blank in offscreen rendering. Not a live screenshot or a saved song state. See the fixture-based live captures for portable reproduction.,"Indexed sample library, preview and multisample mapping UI exist.","Real supplied three-WAV import, missing-file/cancel/limit cases; Mac component is not live sheet evidence.",windows/App/SampleLibraryWindow.hpp;windows/App/MultisampleImportWindow.hpp;windows/Samples/Library.cpp;windows/Session/AssetOperations.cpp;mac/App/SampleLibrary.swift,windows/Tests/test_sample_library.py;windows/Tests/test_instrument_import_ui.py,P4,A07/A08,Not executed in this planning task,See README provenance; no inherited current-main pass,Not in peer 84-row matrix; see original supplemental-component provenance,,,ffe81aa4bfa83bc89b1e1dd92db06c67819c247a,,,16cab100b898f66726cfab6c2386887a9bcf5fd4,07060e1c4a7d5a5928c9762dd7897261636ef0b8,Baseline feature/contract assessment retained after post-reference diff review; no new parity implementation for this row. Source presence is not a runtime pass.,Branch adds native draft summaries/registration for this owner family; final Application admission remains unwired. Selected census/completion evidence does not close F21 or this row. Multisample summary exists but configured-family intent and late-input/commit clearing remain gaps; PluginPath and SampleRecording summaries are absent. See current owner census.,current-review.md; README.md A01-A18; original implementation/test pointers in this row; 08b0f5e8c; DocumentDrafts.inc; NativeToolWindow.hpp; current-review.md owner census; bin/parity-evidence/p0b-census-receipt.json
C16,tracks,Note Track Editor,Component render,component,screenshots/components/NoteTrackEditor.png,2026-10-08,000d47848a3476244e9f79c6e7153bf9e98c9067,True,Run tools/capture-components.sh from the repository root. Synthetic state is constructed by mac/Tests/InterfaceTests.swift::layoutChecks and its called checks.,Isolated AppKit component render with test data. Supplemental geometry only: some native button/popup captions are blank in offscreen rendering. Not a live screenshot or a saved song state. See the fixture-based live captures for portable reproduction.,Shared noteTracks/columnMutes/groupNoteColumns and codecs exist.,"Confirmed Windows track.* editing API, named/grouped headers and per-column mute UI gap.",editor/TrackLayout.cpp;editor/TrackLayout.hpp;mac/Bridge/TrackAPI.inc;windows/App/WorkspaceDraw.inc;windows/Session/HostedProject.cpp;mac/App/NoteTracks.swift,mac/Tests/NoteTrackTests.mm;mac/Tests/NoteTracksInterfaceTests.swift;windows/Tests/DocumentControllerTests.cpp,P2,A01/A03,Not executed in this planning task,See README provenance; no inherited current-main pass,Not in peer 84-row matrix; see original supplemental-component provenance,,,ffe81aa4bfa83bc89b1e1dd92db06c67819c247a,,,16cab100b898f66726cfab6c2386887a9bcf5fd4,07060e1c4a7d5a5928c9762dd7897261636ef0b8,Baseline feature/contract assessment retained after post-reference diff review; no new parity implementation for this row. Source presence is not a runtime pass.,No additional implemented parity gap closure established for this row by the branch diff. Original per-row acceptance remains required.,current-review.md; README.md A01-A18; original implementation/test pointers in this row
C17,arrangement,Order Editor,Component render,component,screenshots/components/OrderEditor.png,2026-10-08,000d47848a3476244e9f79c6e7153bf9e98c9067,True,Run tools/capture-components.sh from the repository root. Synthetic state is constructed by mac/Tests/InterfaceTests.swift::layoutChecks and its called checks.,Isolated AppKit component render with test data. Supplemental geometry only: some native button/popup captions are blank in offscreen rendering. Not a live screenshot or a saved song state. See the fixture-based live captures for portable reproduction.,Order/matrix/annotations and shared whole-layer copy exist on main.,"Runtime check exact F04→F05, independent repeated order, density, collision modes, preview/no-op history.",windows/App/ArrangementWindow.hpp;windows/App/ArrangementMatrixWindow.hpp;windows/Session/DocumentOperations.cpp;editor/ArrangementTools.cpp;mac/App/ArrangementMatrix.swift,windows/Tests/test_matrix_api.py;windows/Tests/test_matrix_ui.py;windows/Tests/test_annotations_ui.py;mac/Tests/ArrangementToolsTests.cpp,P2/P3,A01/A04/A06,Not executed in this planning task,See README provenance; no inherited current-main pass,Not in peer 84-row matrix; see original supplemental-component provenance,,,ffe81aa4bfa83bc89b1e1dd92db06c67819c247a,,,16cab100b898f66726cfab6c2386887a9bcf5fd4,07060e1c4a7d5a5928c9762dd7897261636ef0b8,Baseline feature/contract assessment retained after post-reference diff review; no new parity implementation for this row. Source presence is not a runtime pass.,Branch adds native draft summaries/registration for this owner family; final Application admission remains unwired. Selected census/completion evidence does not close F21 or this row.,current-review.md; README.md A01-A18; original implementation/test pointers in this row; 08b0f5e8c; DocumentDrafts.inc; NativeToolWindow.hpp; current-review.md owner census; bin/parity-evidence/p0b-census-receipt.json
C18,automation,Pattern Automation Editor,Component render,component,screenshots/components/PatternAutomationEditor.png,2026-10-08,000d47848a3476244e9f79c6e7153bf9e98c9067,True,Run tools/capture-components.sh from the repository root. Synthetic state is constructed by mac/Tests/InterfaceTests.swift::layoutChecks and its called checks.,Isolated AppKit component render with test data. Supplemental geometry only: some native button/popup captions are blank in offscreen rendering. Not a live screenshot or a saved song state. See the fixture-based live captures for portable reproduction.,"Pattern parameter and absolute lane editors, graph curves and shared tools exist.","Consistent direct editing, gesture commits, bank/transform access, recordings and source identity.",windows/App/ParameterAutomationWindow.hpp;windows/App/AbsoluteAutomationWindow.hpp;windows/App/GraphCurveWindow.hpp;windows/Session/PatternAutomation.inc;editor/AutomationTools.cpp;mac/App/PatternAutomation.swift,windows/Tests/test_parameter_automation_ui.py;windows/Tests/test_absolute_automation_ui.py;windows/Tests/test_graph_curve_host.py,P4,A01/A09,Not executed in this planning task,See README provenance; no inherited current-main pass,Not in peer 84-row matrix; see original supplemental-component provenance,,,ffe81aa4bfa83bc89b1e1dd92db06c67819c247a,,,16cab100b898f66726cfab6c2386887a9bcf5fd4,07060e1c4a7d5a5928c9762dd7897261636ef0b8,Baseline feature/contract assessment retained after post-reference diff review; no new parity implementation for this row. Source presence is not a runtime pass.,Branch adds native draft summaries/registration for this owner family; final Application admission remains unwired. Selected census/completion evidence does not close F21 or this row.,current-review.md; README.md A01-A18; original implementation/test pointers in this row; 08b0f5e8c; DocumentDrafts.inc; NativeToolWindow.hpp; current-review.md owner census; bin/parity-evidence/p0b-census-receipt.json
C19,effects,Pattern Command Picker,Component render,component,screenshots/components/PatternCommandPicker.png,2026-10-08,000d47848a3476244e9f79c6e7153bf9e98c9067,True,Run tools/capture-components.sh from the repository root. Synthetic state is constructed by mac/Tests/InterfaceTests.swift::layoutChecks and its called checks.,Isolated AppKit component render with test data. Supplemental geometry only: some native button/popup captions are blank in offscreen rendering. Not a live screenshot or a saved song state. See the fixture-based live captures for portable reproduction.,"Unified FX descriptors, inline named values, search and guarded effects editor exist.","All 1-8 columns, bindings, unit conversions, clipboard and discoverable local commands.",windows/App/PatternEditor.inc;windows/App/PatternFields.hpp;windows/App/PatternGeometry.inc;windows/Session/PatternOperations.cpp;editor/NativePatternCommands.hpp;mac/App/PatternPerformance.swift,windows/Tests/test_pattern_performance.py;windows/Tests/UnifiedEffectsTests.cpp;mac/Tests/PatternPerformanceTests.mm,P3,A01/A05,Not executed in this planning task,See README provenance; no inherited current-main pass,Not in peer 84-row matrix; see original supplemental-component provenance,,,ffe81aa4bfa83bc89b1e1dd92db06c67819c247a,,,16cab100b898f66726cfab6c2386887a9bcf5fd4,07060e1c4a7d5a5928c9762dd7897261636ef0b8,Baseline feature/contract assessment retained after post-reference diff review; no new parity implementation for this row. Source presence is not a runtime pass.,No additional implemented parity gap closure established for this row by the branch diff. Original per-row acceptance remains required.,current-review.md; README.md A01-A18; original implementation/test pointers in this row
C20,effects,Pattern Performance Editor,Component render,component,screenshots/components/PatternPerformanceEditor.png,2026-10-08,000d47848a3476244e9f79c6e7153bf9e98c9067,True,Run tools/capture-components.sh from the repository root. Synthetic state is constructed by mac/Tests/InterfaceTests.swift::layoutChecks and its called checks.,Isolated AppKit component render with test data. Supplemental geometry only: some native button/popup captions are blank in offscreen rendering. Not a live screenshot or a saved song state. See the fixture-based live captures for portable reproduction.,"Unified FX descriptors, inline named values, search and guarded effects editor exist.","All 1-8 columns, bindings, unit conversions, clipboard and discoverable local commands.",windows/App/PatternEditor.inc;windows/App/PatternFields.hpp;windows/App/PatternGeometry.inc;windows/Session/PatternOperations.cpp;editor/NativePatternCommands.hpp;mac/App/PatternPerformance.swift,windows/Tests/test_pattern_performance.py;windows/Tests/UnifiedEffectsTests.cpp;mac/Tests/PatternPerformanceTests.mm,P3,A01/A05,Not executed in this planning task,See README provenance; no inherited current-main pass,Not in peer 84-row matrix; see original supplemental-component provenance,,,ffe81aa4bfa83bc89b1e1dd92db06c67819c247a,,,16cab100b898f66726cfab6c2386887a9bcf5fd4,07060e1c4a7d5a5928c9762dd7897261636ef0b8,Baseline feature/contract assessment retained after post-reference diff review; no new parity implementation for this row. Source presence is not a runtime pass.,Branch adds native draft summaries/registration for this owner family; final Application admission remains unwired. Selected census/completion evidence does not close F21 or this row.,current-review.md; README.md A01-A18; original implementation/test pointers in this row; 08b0f5e8c; DocumentDrafts.inc; NativeToolWindow.hpp; current-review.md owner census; bin/parity-evidence/p0b-census-receipt.json
C21,tools,Pattern Tools Panel,Component render,component,screenshots/components/PatternToolsPanel.png,2026-10-08,000d47848a3476244e9f79c6e7153bf9e98c9067,True,Run tools/capture-components.sh from the repository root. Synthetic state is constructed by mac/Tests/InterfaceTests.swift::layoutChecks and its called checks.,Isolated AppKit component render with test data. Supplemental geometry only: some native button/popup captions are blank in offscreen rendering. Not a live screenshot or a saved song state. See the fixture-based live captures for portable reproduction.,Shared transforms and Windows fixed direct commands exist.,Confirmed comprehensive scope/operation/interpolation/preview workbench UI gap; use current API.,windows/App/EditingView.inc;windows/Session/PatternTransform.inc;editor/PatternTools.cpp;mac/App/PatternTools.swift,mac/Tests/PatternToolsTests.cpp;windows/Tests/test_editor_app.py,P3,A01/A04/A05,Not executed in this planning task,See README provenance; no inherited current-main pass,Not in peer 84-row matrix; see original supplemental-component provenance,,,ffe81aa4bfa83bc89b1e1dd92db06c67819c247a,,,16cab100b898f66726cfab6c2386887a9bcf5fd4,07060e1c4a7d5a5928c9762dd7897261636ef0b8,Baseline feature/contract assessment retained after post-reference diff review; no new parity implementation for this row. Source presence is not a runtime pass.,No additional implemented parity gap closure established for this row by the branch diff. Original per-row acceptance remains required.,current-review.md; README.md A01-A18; original implementation/test pointers in this row
C22,plugins,Plugin Browser,Component render,component,screenshots/components/PluginBrowser.png,2026-10-08,000d47848a3476244e9f79c6e7153bf9e98c9067,True,Run tools/capture-components.sh from the repository root. Synthetic state is constructed by mac/Tests/InterfaceTests.swift::layoutChecks and its called checks.,Isolated AppKit component render with test data. Supplemental geometry only: some native button/popup captions are blank in offscreen rendering. Not a live screenshot or a saved song state. See the fixture-based live captures for portable reproduction.,"Builtin/VST3 library, rack, programs, ports, aliases, presets and path repair exist.","Efficient parameter controls, current live effect preset behavior, architecture/editor/vendor qualification. AU execution intentionally unavailable.",windows/App/PluginEditor.inc;windows/App/PluginLibraryWindow.hpp;windows/App/PluginInstrumentsWindow.hpp;windows/Session/PluginOperations.cpp;windows/Plugins/WindowsVST3.cpp;editor/NativeEffects.cpp;mac/App/PluginEditor.swift,windows/Tests/test_plugins_app.py;windows/Tests/test_plugin_presets.py;windows/Tests/test_plugin_library.py;windows/Tests/Plugins/EditorTests.cpp,P4/P7,A01/A17,Not executed in this planning task,See README provenance; no inherited current-main pass,Not in peer 84-row matrix; see original supplemental-component provenance,,,ffe81aa4bfa83bc89b1e1dd92db06c67819c247a,,,16cab100b898f66726cfab6c2386887a9bcf5fd4,07060e1c4a7d5a5928c9762dd7897261636ef0b8,Baseline feature/contract assessment retained after post-reference diff review; no new parity implementation for this row. Source presence is not a runtime pass.,No additional implemented parity gap closure established for this row by the branch diff. Original per-row acceptance remains required.,current-review.md; README.md A01-A18; original implementation/test pointers in this row
C23,plugins,Plugin Editor,Component render,component,screenshots/components/PluginEditor.png,2026-10-08,000d47848a3476244e9f79c6e7153bf9e98c9067,True,Run tools/capture-components.sh from the repository root. Synthetic state is constructed by mac/Tests/InterfaceTests.swift::layoutChecks and its called checks.,Isolated AppKit component render with test data. Supplemental geometry only: some native button/popup captions are blank in offscreen rendering. Not a live screenshot or a saved song state. See the fixture-based live captures for portable reproduction.,"Builtin/VST3 library, rack, programs, ports, aliases, presets and path repair exist.","Efficient parameter controls, current live effect preset behavior, architecture/editor/vendor qualification. AU execution intentionally unavailable.",windows/App/PluginEditor.inc;windows/App/PluginLibraryWindow.hpp;windows/App/PluginInstrumentsWindow.hpp;windows/Session/PluginOperations.cpp;windows/Plugins/WindowsVST3.cpp;editor/NativeEffects.cpp;mac/App/PluginEditor.swift,windows/Tests/test_plugins_app.py;windows/Tests/test_plugin_presets.py;windows/Tests/test_plugin_library.py;windows/Tests/Plugins/EditorTests.cpp,P4/P7,A01/A17,Not executed in this planning task,See README provenance; no inherited current-main pass,Not in peer 84-row matrix; see original supplemental-component provenance,,,ffe81aa4bfa83bc89b1e1dd92db06c67819c247a,,,16cab100b898f66726cfab6c2386887a9bcf5fd4,07060e1c4a7d5a5928c9762dd7897261636ef0b8,Baseline feature/contract assessment retained after post-reference diff review; no new parity implementation for this row. Source presence is not a runtime pass.,Branch adds native draft summaries/registration for this owner family; final Application admission remains unwired. Selected census/completion evidence does not close F21 or this row.,current-review.md; README.md A01-A18; original implementation/test pointers in this row; 08b0f5e8c; DocumentDrafts.inc; NativeToolWindow.hpp; current-review.md owner census; bin/parity-evidence/p0b-census-receipt.json
C24,plugins,Plugin Instruments Editor,Component render,component,screenshots/components/PluginInstrumentsEditor.png,2026-10-08,000d47848a3476244e9f79c6e7153bf9e98c9067,True,Run tools/capture-components.sh from the repository root. Synthetic state is constructed by mac/Tests/InterfaceTests.swift::layoutChecks and its called checks.,Isolated AppKit component render with test data. Supplemental geometry only: some native button/popup captions are blank in offscreen rendering. Not a live screenshot or a saved song state. See the fixture-based live captures for portable reproduction.,"Builtin/VST3 library, rack, programs, ports, aliases, presets and path repair exist.","Efficient parameter controls, current live effect preset behavior, architecture/editor/vendor qualification. AU execution intentionally unavailable.",windows/App/PluginEditor.inc;windows/App/PluginLibraryWindow.hpp;windows/App/PluginInstrumentsWindow.hpp;windows/Session/PluginOperations.cpp;windows/Plugins/WindowsVST3.cpp;editor/NativeEffects.cpp;mac/App/PluginEditor.swift,windows/Tests/test_plugins_app.py;windows/Tests/test_plugin_presets.py;windows/Tests/test_plugin_library.py;windows/Tests/Plugins/EditorTests.cpp,P4/P7,A01/A17,Not executed in this planning task,See README provenance; no inherited current-main pass,Not in peer 84-row matrix; see original supplemental-component provenance,,,ffe81aa4bfa83bc89b1e1dd92db06c67819c247a,,,16cab100b898f66726cfab6c2386887a9bcf5fd4,07060e1c4a7d5a5928c9762dd7897261636ef0b8,Baseline feature/contract assessment retained after post-reference diff review; no new parity implementation for this row. Source presence is not a runtime pass.,Branch adds native draft summaries/registration for this owner family; final Application admission remains unwired. Selected census/completion evidence does not close F21 or this row.,current-review.md; README.md A01-A18; original implementation/test pointers in this row; 08b0f5e8c; DocumentDrafts.inc; NativeToolWindow.hpp; current-review.md owner census; bin/parity-evidence/p0b-census-receipt.json
C25,plugins,Plugin Ports Editor,Component render,component,screenshots/components/PluginPortsEditor.png,2026-10-08,000d47848a3476244e9f79c6e7153bf9e98c9067,True,Run tools/capture-components.sh from the repository root. Synthetic state is constructed by mac/Tests/InterfaceTests.swift::layoutChecks and its called checks.,Isolated AppKit component render with test data. Supplemental geometry only: some native button/popup captions are blank in offscreen rendering. Not a live screenshot or a saved song state. See the fixture-based live captures for portable reproduction.,"Builtin/VST3 library, rack, programs, ports, aliases, presets and path repair exist.","Efficient parameter controls, current live effect preset behavior, architecture/editor/vendor qualification. AU execution intentionally unavailable.",windows/App/PluginEditor.inc;windows/App/PluginLibraryWindow.hpp;windows/App/PluginInstrumentsWindow.hpp;windows/Session/PluginOperations.cpp;windows/Plugins/WindowsVST3.cpp;editor/NativeEffects.cpp;mac/App/PluginEditor.swift,windows/Tests/test_plugins_app.py;windows/Tests/test_plugin_presets.py;windows/Tests/test_plugin_library.py;windows/Tests/Plugins/EditorTests.cpp,P4/P7,A01/A17,Not executed in this planning task,See README provenance; no inherited current-main pass,Not in peer 84-row matrix; see original supplemental-component provenance,,,ffe81aa4bfa83bc89b1e1dd92db06c67819c247a,,,16cab100b898f66726cfab6c2386887a9bcf5fd4,07060e1c4a7d5a5928c9762dd7897261636ef0b8,Baseline feature/contract assessment retained after post-reference diff review; no new parity implementation for this row. Source presence is not a runtime pass.,No additional implemented parity gap closure established for this row by the branch diff. Original per-row acceptance remains required.,current-review.md; README.md A01-A18; original implementation/test pointers in this row
C26,plugins,Plugin Programs Editor,Component render,component,screenshots/components/PluginProgramsEditor.png,2026-10-08,000d47848a3476244e9f79c6e7153bf9e98c9067,True,Run tools/capture-components.sh from the repository root. Synthetic state is constructed by mac/Tests/InterfaceTests.swift::layoutChecks and its called checks.,Isolated AppKit component render with test data. Supplemental geometry only: some native button/popup captions are blank in offscreen rendering. Not a live screenshot or a saved song state. See the fixture-based live captures for portable reproduction.,"Builtin/VST3 library, rack, programs, ports, aliases, presets and path repair exist.","Efficient parameter controls, current live effect preset behavior, architecture/editor/vendor qualification. AU execution intentionally unavailable.",windows/App/PluginEditor.inc;windows/App/PluginLibraryWindow.hpp;windows/App/PluginInstrumentsWindow.hpp;windows/Session/PluginOperations.cpp;windows/Plugins/WindowsVST3.cpp;editor/NativeEffects.cpp;mac/App/PluginEditor.swift,windows/Tests/test_plugins_app.py;windows/Tests/test_plugin_presets.py;windows/Tests/test_plugin_library.py;windows/Tests/Plugins/EditorTests.cpp,P4/P7,A01/A17,Not executed in this planning task,See README provenance; no inherited current-main pass,Not in peer 84-row matrix; see original supplemental-component provenance,,,ffe81aa4bfa83bc89b1e1dd92db06c67819c247a,,,16cab100b898f66726cfab6c2386887a9bcf5fd4,07060e1c4a7d5a5928c9762dd7897261636ef0b8,Baseline feature/contract assessment retained after post-reference diff review; no new parity implementation for this row. Source presence is not a runtime pass.,Branch adds native draft summaries/registration for this owner family; final Application admission remains unwired. Selected census/completion evidence does not close F21 or this row.,current-review.md; README.md A01-A18; original implementation/test pointers in this row; 08b0f5e8c; DocumentDrafts.inc; NativeToolWindow.hpp; current-review.md owner census; bin/parity-evidence/p0b-census-receipt.json
C27,precise,Precise Notes Editor,Component render,component,screenshots/components/PreciseNotesEditor.png,2026-10-08,000d47848a3476244e9f79c6e7153bf9e98c9067,True,Run tools/capture-components.sh from the repository root. Synthetic state is constructed by mac/Tests/InterfaceTests.swift::layoutChecks and its called checks.,Isolated AppKit component render with test data. Supplemental geometry only: some native button/popup captions are blank in offscreen rendering. Not a live screenshot or a saved song state. See the fixture-based live captures for portable reproduction.,Independent retained precise-note owner with fractional fields and captured sound.,"Compare direct table/gesture flow, per-hit effects, no-op, stale rejection and retained selected hit.",windows/App/PreciseNoteWindow.hpp;windows/App/PreciseNoteOwnerModel.inc;windows/App/PreciseNoteOwnerInteraction.inc;windows/Session/TimelineOperations.cpp;mac/App/PreciseNotes.swift,windows/Tests/test_precise_note_editor.py;windows/Tests/test_precise_note_host.py;mac/Tests/PreciseNotesInterfaceTests.swift,P3/P4,A01/A05,Not executed in this planning task,See README provenance; no inherited current-main pass,Not in peer 84-row matrix; see original supplemental-component provenance,,,ffe81aa4bfa83bc89b1e1dd92db06c67819c247a,,,16cab100b898f66726cfab6c2386887a9bcf5fd4,07060e1c4a7d5a5928c9762dd7897261636ef0b8,P0a measured Graph Curve layout and owned-window/percent/wheel/readiness fixture repairs merged. Successful retained-editor CI is scoped evidence; remaining workspace/foreground/DPI/UIA gaps persist.,Branch adds native draft summaries/registration for this owner family; final Application admission remains unwired. Selected census/completion evidence does not close F21 or this row.,current-review.md; README.md A01-A18; original implementation/test pointers in this row; Windows run 37923921386 job 113798216568; Mac run 37923921268 jobs 113798215876/113798216235; tested tree 6433dc0 equals main; 08b0f5e8c; DocumentDrafts.inc; NativeToolWindow.hpp; current-review.md owner census; bin/parity-evidence/p0b-census-receipt.json
C28,recovery,Recovery Browser,Component render,component,screenshots/components/RecoveryBrowser.png,2026-10-08,000d47848a3476244e9f79c6e7153bf9e98c9067,True,Run tools/capture-components.sh from the repository root. Synthetic state is constructed by mac/Tests/InterfaceTests.swift::layoutChecks and its called checks.,Isolated AppKit component render with test data. Supplemental geometry only: some native button/popup captions are blank in offscreen rendering. Not a live screenshot or a saved song state. See the fixture-based live captures for portable reproduction.,"Retained native recovery window, disk worker and take snapshots exist.",Failure/close/restore/alias protection and reciprocal load warnings; component render does not prove real inventory.,windows/App/RecoveryWindow.hpp;windows/App/RecoveryIntegration.inc;windows/Session/RecoveryOperations.inc;editor/ProjectLoadRecovery.hpp;mac/App/RecoveryIntegration.swift,mac/Tests/RecoverySessionTests.mm,P6,A01/A13/A15,Not executed in this planning task,See README provenance; no inherited current-main pass,Not in peer 84-row matrix; see original supplemental-component provenance,,,ffe81aa4bfa83bc89b1e1dd92db06c67819c247a,,,16cab100b898f66726cfab6c2386887a9bcf5fd4,07060e1c4a7d5a5928c9762dd7897261636ef0b8,"P0a separate MIDI/sample take guards with MIDI recheck and compatible Mac capture monitor merged and qualified. Hardware, manual gesture recording, recorder limit UI, full recovery/draft parity remain separate open checks.",No additional implemented parity gap closure established for this row by the branch diff. Original per-row acceptance remains required.,current-review.md; README.md A01-A18; original implementation/test pointers in this row; SampleCaptureIntegration.inc::protectRecordingTake; RecordingIntegration.inc::protectMidiRecordingTake; mac/Audio/CaptureEndMonitor.hpp; P0a CI links in current-review.md
C29,library,Sample Browser,Component render,component,screenshots/components/SampleBrowser.png,2026-10-08,000d47848a3476244e9f79c6e7153bf9e98c9067,True,Run tools/capture-components.sh from the repository root. Synthetic state is constructed by mac/Tests/InterfaceTests.swift::layoutChecks and its called checks.,Isolated AppKit component render with test data. Supplemental geometry only: some native button/popup captions are blank in offscreen rendering. Not a live screenshot or a saved song state. See the fixture-based live captures for portable reproduction.,"Indexed sample library, preview and multisample mapping UI exist.","Real supplied three-WAV import, missing-file/cancel/limit cases; Mac component is not live sheet evidence.",windows/App/SampleLibraryWindow.hpp;windows/App/MultisampleImportWindow.hpp;windows/Samples/Library.cpp;windows/Session/AssetOperations.cpp;mac/App/SampleLibrary.swift,windows/Tests/test_sample_library.py;windows/Tests/test_instrument_import_ui.py,P4,A07/A08,Not executed in this planning task,See README provenance; no inherited current-main pass,Not in peer 84-row matrix; see original supplemental-component provenance,,,ffe81aa4bfa83bc89b1e1dd92db06c67819c247a,,,16cab100b898f66726cfab6c2386887a9bcf5fd4,07060e1c4a7d5a5928c9762dd7897261636ef0b8,Baseline feature/contract assessment retained after post-reference diff review; no new parity implementation for this row. Source presence is not a runtime pass.,No additional implemented parity gap closure established for this row by the branch diff. Original per-row acceptance remains required. Multisample summary exists but configured-family intent and late-input/commit clearing remain gaps; PluginPath and SampleRecording summaries are absent. See current owner census.,current-review.md; README.md A01-A18; original implementation/test pointers in this row
C30,sample,Sample Drawing,Component render,component,screenshots/components/SampleDrawing.png,2026-10-08,000d47848a3476244e9f79c6e7153bf9e98c9067,True,Run tools/capture-components.sh from the repository root. Synthetic state is constructed by mac/Tests/InterfaceTests.swift::layoutChecks and its called checks.,Isolated AppKit component render with test data. Supplemental geometry only: some native button/popup captions are blank in offscreen rendering. Not a live screenshot or a saved song state. See the fixture-based live captures for portable reproduction.,Retained waveform/process/loop/clipboard/snap/drawing workflows exist.,Direct manipulation consistency; exact PCM/settings presence and stale range/draft preservation.,windows/App/SampleDetailWindow.hpp;windows/App/SampleDetailWorkflows.inc;windows/App/SampleWorkflowDraft.hpp;windows/Session/AssetOperations.cpp;editor/SampleProcessing.cpp;mac/App/SampleWaveformEditor.swift,windows/Tests/test_sample_workflows_ui.py;windows/Tests/test_sample_settings_ui.py;windows/Tests/test_sample_detail_ui.py,P4,A01/A07,Not executed in this planning task,See README provenance; no inherited current-main pass,Not in peer 84-row matrix; see original supplemental-component provenance,,,ffe81aa4bfa83bc89b1e1dd92db06c67819c247a,,,16cab100b898f66726cfab6c2386887a9bcf5fd4,07060e1c4a7d5a5928c9762dd7897261636ef0b8,Baseline feature/contract assessment retained after post-reference diff review; no new parity implementation for this row. Source presence is not a runtime pass.,Branch adds native draft summaries/registration for this owner family; final Application admission remains unwired. Selected census/completion evidence does not close F21 or this row.,current-review.md; README.md A01-A18; original implementation/test pointers in this row; 08b0f5e8c; DocumentDrafts.inc; NativeToolWindow.hpp; current-review.md owner census; bin/parity-evidence/p0b-census-receipt.json
C31,sample,Sample Editor,Component render,component,screenshots/components/SampleEditor.png,2026-10-08,000d47848a3476244e9f79c6e7153bf9e98c9067,True,Run tools/capture-components.sh from the repository root. Synthetic state is constructed by mac/Tests/InterfaceTests.swift::layoutChecks and its called checks.,Isolated AppKit component render with test data. Supplemental geometry only: some native button/popup captions are blank in offscreen rendering. Not a live screenshot or a saved song state. See the fixture-based live captures for portable reproduction.,Retained waveform/process/loop/clipboard/snap/drawing workflows exist.,Direct manipulation consistency; exact PCM/settings presence and stale range/draft preservation.,windows/App/SampleDetailWindow.hpp;windows/App/SampleDetailWorkflows.inc;windows/App/SampleWorkflowDraft.hpp;windows/Session/AssetOperations.cpp;editor/SampleProcessing.cpp;mac/App/SampleWaveformEditor.swift,windows/Tests/test_sample_workflows_ui.py;windows/Tests/test_sample_settings_ui.py;windows/Tests/test_sample_detail_ui.py,P4,A01/A07,Not executed in this planning task,See README provenance; no inherited current-main pass,Not in peer 84-row matrix; see original supplemental-component provenance,,,ffe81aa4bfa83bc89b1e1dd92db06c67819c247a,,,16cab100b898f66726cfab6c2386887a9bcf5fd4,07060e1c4a7d5a5928c9762dd7897261636ef0b8,Baseline feature/contract assessment retained after post-reference diff review; no new parity implementation for this row. Source presence is not a runtime pass.,Branch adds native draft summaries/registration for this owner family; final Application admission remains unwired. Selected census/completion evidence does not close F21 or this row.,current-review.md; README.md A01-A18; original implementation/test pointers in this row; 08b0f5e8c; DocumentDrafts.inc; NativeToolWindow.hpp; current-review.md owner census; bin/parity-evidence/p0b-census-receipt.json
C32,routing,Sidechain Editor,Component render,component,screenshots/components/SidechainEditor.png,2026-10-08,000d47848a3476244e9f79c6e7153bf9e98c9067,True,Run tools/capture-components.sh from the repository root. Synthetic state is constructed by mac/Tests/InterfaceTests.swift::layoutChecks and its called checks.,Isolated AppKit component render with test data. Supplemental geometry only: some native button/popup captions are blank in offscreen rendering. Not a live screenshot or a saved song state. See the fixture-based live captures for portable reproduction.,"Song routing, sends/inserts, plugin input/output and sidechain APIs/UI exist.","Clear direct access, no implicit reconnect, live capabilities/failure atomicity and useful incompatible-input explanation.",windows/App/SongRoutingWindow.hpp;windows/App/SongRoutingCanvas.hpp;windows/Session/MixerOperations.cpp;editor/MixerPluginRouting.cpp;mac/App/SidechainEditor.swift,windows/Tests/test_song_routing.py;windows/Tests/MixerOperationsTests.cpp;mac/Tests/NativeMixerTests.mm,P5,A01/A10/A11/A17,Not executed in this planning task,See README provenance; no inherited current-main pass,Not in peer 84-row matrix; see original supplemental-component provenance,,,ffe81aa4bfa83bc89b1e1dd92db06c67819c247a,,,16cab100b898f66726cfab6c2386887a9bcf5fd4,07060e1c4a7d5a5928c9762dd7897261636ef0b8,Baseline feature/contract assessment retained after post-reference diff review; no new parity implementation for this row. Source presence is not a runtime pass.,Branch adds native draft summaries/registration for this owner family; final Application admission remains unwired. Selected census/completion evidence does not close F21 or this row.,current-review.md; README.md A01-A18; original implementation/test pointers in this row; 08b0f5e8c; DocumentDrafts.inc; NativeToolWindow.hpp; current-review.md owner census; bin/parity-evidence/p0b-census-receipt.json
C33,timing,Song Timing Editor,Component render,component,screenshots/components/SongTimingEditor.png,2026-10-08,000d47848a3476244e9f79c6e7153bf9e98c9067,True,Run tools/capture-components.sh from the repository root. Synthetic state is constructed by mac/Tests/InterfaceTests.swift::layoutChecks and its called checks.,Isolated AppKit component render with test data. Supplemental geometry only: some native button/popup captions are blank in offscreen rendering. Not a live screenshot or a saved song state. See the fixture-based live captures for portable reproduction.,Native song timing editor and shared timing model exist.,Timeline/ruler and live loop methods absent; verify first-visit timing and stopped timing-Apply semantics.,windows/App/SongTimingWindow.hpp;windows/App/SongTools.inc;windows/Session/DocumentOperations.cpp;editor/SongTiming.cpp;mac/App/SongTimingEditor.swift;mac/Bridge/TrackerSessionAPI.inc,windows/Tests/test_song_tools_ui.py,P3,A06,Not executed in this planning task,See README provenance; no inherited current-main pass,Not in peer 84-row matrix; see original supplemental-component provenance,,,ffe81aa4bfa83bc89b1e1dd92db06c67819c247a,,,16cab100b898f66726cfab6c2386887a9bcf5fd4,07060e1c4a7d5a5928c9762dd7897261636ef0b8,Baseline feature/contract assessment retained after post-reference diff review; no new parity implementation for this row. Source presence is not a runtime pass.,Branch adds native draft summaries/registration for this owner family; final Application admission remains unwired. Selected census/completion evidence does not close F21 or this row.,current-review.md; README.md A01-A18; original implementation/test pointers in this row; 08b0f5e8c; DocumentDrafts.inc; NativeToolWindow.hpp; current-review.md owner census; bin/parity-evidence/p0b-census-receipt.json
