-- Configuring done (0.1s)
-- Generating done (0.4s)
-- Build files have been written to: /Users/rewbs/code/openmpt/bin/mac-graph-fluency
[  6%] Built target TrackerFLAC
[  7%] Built target RealtimeAudit
[  8%] Built target plugin-preset-tests
[  8%] Built target realtime-transition-tests
[  9%] Built target ResonanceFixture
[  9%] Built target plugin-audio-layout-tests
[ 10%] Built target plugin-inventory-tests
[ 11%] Built target plugin-library-tests
[ 40%] Built target OpenMPTCore
[ 50%] Built target TrackerEditor
[ 50%] Building CXX object CMakeFiles/tracker-core-tests.dir/Tests/CoreTests.cpp.o
[ 54%] Built target TrackerHosted
[ 54%] Building CXX object CMakeFiles/instrument-envelope-tests.dir/Tests/InstrumentEnvelopeTests.cpp.o
[ 54%] Linking CXX executable instrument-envelope-tests
[ 55%] Linking CXX executable tracker-core-tests
[ 55%] Built target instrument-envelope-tests
[ 55%] Built target tracker-core-tests
[ 55%] Building CXX object CMakeFiles/native-reverse-loop-tests.dir/Tests/NativeReverseLoopTests.cpp.o
[ 56%] Building CXX object CMakeFiles/song-timing-tests.dir/Tests/SongTimingTests.cpp.o
[ 56%] Linking CXX executable song-timing-tests
[ 56%] Built target song-timing-tests
[ 56%] Building CXX object CMakeFiles/sample-crossfade-tests.dir/Tests/SampleCrossfadeTests.cpp.o
[ 56%] Linking CXX executable native-reverse-loop-tests
[ 56%] Built target native-reverse-loop-tests
[ 56%] Building CXX object CMakeFiles/sample-snap-tests.dir/Tests/SampleSnapTests.cpp.o
[ 56%] Linking CXX executable sample-snap-tests
[ 56%] Built target sample-snap-tests
[ 57%] Building CXX object CMakeFiles/sample-drawing-tests.dir/Tests/SampleDrawingTests.cpp.o
[ 57%] Linking CXX executable sample-crossfade-tests
[ 57%] Built target sample-crossfade-tests
[ 57%] Building CXX object CMakeFiles/sample-copy-tests.dir/Tests/SampleCopyTests.cpp.o
[ 57%] Linking CXX executable sample-drawing-tests
[ 57%] Built target sample-drawing-tests
[ 57%] Building CXX object CMakeFiles/sample-clipboard-tests.dir/Tests/SampleClipboardTests.cpp.o
[ 58%] Linking CXX executable sample-copy-tests
[ 58%] Built target sample-copy-tests
[ 59%] Building CXX object CMakeFiles/sample-archive-tests.dir/Tests/SampleArchiveTests.cpp.o
[ 59%] Linking CXX executable sample-archive-tests
[ 59%] Built target sample-archive-tests
[ 59%] Building CXX object CMakeFiles/sample-processing-tests.dir/Tests/SampleProcessingTests.cpp.o
[ 59%] Linking CXX executable sample-clipboard-tests
[ 59%] Built target sample-clipboard-tests
[ 60%] Building CXX object CMakeFiles/automation-tools-tests.dir/Tests/AutomationToolsTests.cpp.o
[ 60%] Linking CXX executable sample-processing-tests
[ 60%] Built target sample-processing-tests
[ 61%] Building CXX object CMakeFiles/pattern-tools-tests.dir/Tests/PatternToolsTests.cpp.o
[ 61%] Linking CXX executable automation-tools-tests
[ 61%] Built target automation-tools-tests
[ 61%] Building CXX object CMakeFiles/pattern-commands-tests.dir/Tests/PatternCommandsTests.cpp.o
[ 61%] Linking CXX executable pattern-commands-tests
[ 61%] Built target pattern-commands-tests
[ 61%] Building CXX object CMakeFiles/render-audit.dir/Tests/RenderAudit.cpp.o
[ 61%] Linking CXX executable render-audit
[ 61%] Built target render-audit
[ 61%] Building OBJCXX object CMakeFiles/plugin-tests.dir/Tests/PluginTests.mm.o
[ 61%] Linking CXX executable pattern-tools-tests
[ 61%] Built target pattern-tools-tests
[ 62%] Linking CXX executable filter-tests
[ 62%] Built target filter-tests
[ 62%] Linking CXX executable oversampling-tests
[ 62%] Built target oversampling-tests
[ 62%] Building CXX object CMakeFiles/stress-tests.dir/Tests/StressTests.cpp.o
[ 62%] Linking CXX executable plugin-tests
[ 62%] Built target plugin-tests
[ 62%] Building CXX object CMakeFiles/routing-prototype-tests.dir/Tests/RoutingPrototypeTests.cpp.o
[ 62%] Linking CXX executable stress-tests
[ 62%] Built target stress-tests
[ 63%] Linking CXX executable mixer-graph-tests
[ 63%] Built target mixer-graph-tests
[ 63%] Linking CXX executable mixer-runtime-tests
[ 64%] Built target mixer-runtime-tests
[ 64%] Linking CXX executable mixer-transition-tests
[ 64%] Built target mixer-transition-tests
[ 64%] Linking CXX executable mixer-publication-tests
[ 64%] Built target mixer-publication-tests
[ 64%] Linking CXX executable sidechain-tests
[ 65%] Built target sidechain-tests
[ 65%] Building CXX object CMakeFiles/qualification-fixture.dir/Tests/QualificationFixture.cpp.o
[ 65%] Linking CXX executable routing-prototype-tests
[ 65%] Built target routing-prototype-tests
[ 65%] Building CXX object CMakeFiles/recorded-automation-tests.dir/Users/rewbs/code/openmpt/editor/Tests/RecordedAutomationTests.cpp.o
[ 65%] Linking CXX executable qualification-fixture
[ 65%] Built target qualification-fixture
[ 65%] Building OBJCXX object CMakeFiles/plugin-lifecycle-tests.dir/Tests/PluginLifecycleTests.mm.o
[ 65%] Linking CXX executable recorded-automation-tests
[ 65%] Built target recorded-automation-tests
[ 65%] Linking CXX executable note-routing-tests
[ 65%] Built target note-routing-tests
[ 66%] Building CXX object CMakeFiles/plugin-note-sources-tests.dir/Users/rewbs/code/openmpt/editor/Tests/PluginNoteSourcesTests.cpp.o
[ 66%] Linking CXX executable plugin-lifecycle-tests
[ 66%] Built target plugin-lifecycle-tests
[ 66%] Building CXX object CMakeFiles/graph-signal-observation-tests.dir/Users/rewbs/code/openmpt/editor/Tests/GraphSignalObservationTests.cpp.o
[ 66%] Building CXX object CMakeFiles/plugin-note-sources-tests.dir/Audio/PluginAssignments.cpp.o
[ 66%] Linking CXX executable graph-signal-observation-tests
[ 66%] Built target graph-signal-observation-tests
[ 66%] Building CXX object CMakeFiles/signal-graph-tests.dir/Tests/SignalGraphTests.cpp.o
[ 66%] Linking CXX executable plugin-note-sources-tests
[ 66%] Built target plugin-note-sources-tests
[ 66%] Building CXX object CMakeFiles/song-modulation-tests.dir/Users/rewbs/code/openmpt/editor/Tests/SongModulationTests.cpp.o
[ 66%] Linking CXX executable song-modulation-tests
[ 66%] Built target song-modulation-tests
[ 66%] Linking CXX executable effect-auxiliary-tests
[ 66%] Built target effect-auxiliary-tests
[ 66%] Building CXX object CMakeFiles/playback-region-tests.dir/Tests/PlaybackRegionTests.cpp.o
[ 66%] Linking CXX executable signal-graph-tests
[ 66%] Built target signal-graph-tests
[ 66%] Linking CXX executable curve-formula-tests
[ 66%] Built target curve-formula-tests
[ 66%] Building CXX object CMakeFiles/document-history-allocation-tests.dir/Users/rewbs/code/openmpt/editor/Tests/DocumentHistoryAllocationTests.cpp.o
[ 67%] Linking CXX executable playback-region-tests
[ 67%] Built target playback-region-tests
[ 68%] Building CXX object CMakeFiles/windows-graph-document-tests.dir/Users/rewbs/code/openmpt/windows/Tests/GraphOperations/GraphOperationsTests.cpp.o
[ 68%] Linking CXX executable document-history-allocation-tests
[ 68%] Built target document-history-allocation-tests
[ 68%] Building CXX object CMakeFiles/windows-graph-document-tests.dir/Users/rewbs/code/openmpt/windows/Session/GraphOperations.cpp.o
[ 68%] Building CXX object CMakeFiles/windows-native-metadata-tests.dir/Users/rewbs/code/openmpt/windows/Tests/ProjectNative/NativeMetadataTests.cpp.o
[ 68%] Building CXX object CMakeFiles/windows-graph-document-tests.dir/Users/rewbs/code/openmpt/windows/Project/NativeMetadata.cpp.o
[ 68%] Building CXX object CMakeFiles/windows-native-metadata-tests.dir/Users/rewbs/code/openmpt/windows/Project/NativeMetadata.cpp.o
[ 68%] Linking CXX executable windows-graph-document-tests
[ 68%] Built target windows-graph-document-tests
[ 68%] Building CXX object CMakeFiles/parameter-provenance-tests.dir/Users/rewbs/code/openmpt/editor/Tests/ParameterProvenanceTests.cpp.o
[ 68%] Linking CXX executable parameter-provenance-tests
[ 68%] Built target parameter-provenance-tests
[ 68%] Building CXX object CMakeFiles/graph-editing-tests.dir/Users/rewbs/code/openmpt/editor/Tests/GraphEditingTests.cpp.o
[ 69%] Linking CXX executable windows-native-metadata-tests
[ 69%] Built target windows-native-metadata-tests
[ 69%] Built target signal-group-bypass-tests
[ 70%] Building CXX object CMakeFiles/signal-group-runtime-tests.dir/Users/rewbs/code/openmpt/editor/Tests/SignalGroupRuntimeTests.cpp.o
[ 70%] Linking CXX executable signal-group-runtime-tests
[ 70%] Built target signal-group-runtime-tests
[ 70%] Building CXX object CMakeFiles/song-group-runtime-tests.dir/Users/rewbs/code/openmpt/editor/Tests/SongGroupRuntimeTests.cpp.o
[ 70%] Linking CXX executable graph-editing-tests
[ 70%] Built target graph-editing-tests
[ 70%] Linking CXX executable mixer-plugin-routing-tests
[ 71%] Linking CXX executable song-group-runtime-tests
[ 71%] Built target mixer-plugin-routing-tests
[ 71%] Built target song-group-runtime-tests
[ 71%] Built target plugin-scanner
[ 73%] Built target TrackerMac
[ 73%] Building OBJCXX object CMakeFiles/precise-ramp-tests.dir/Tests/PreciseRampTests.mm.o
[ 73%] Building OBJCXX object CMakeFiles/precise-note-tests.dir/Tests/PreciseNoteTests.mm.o
[ 74%] Building OBJCXX object CMakeFiles/precise-ramp-tests.dir/Tests/FixtureAU.mm.o
/Users/rewbs/code/openmpt/mac/Tests/PreciseNoteTests.mm:299:89: warning: 'auto' deduced as 'id' in declaration of 'request' [-Wauto-var-id]
  299 |   auto call=[&](NSString *method,NSDictionary *params,bool write=false)->NSDictionary *{auto request=[params mutableCopy];if(write)request[@"expectedRevision"]=session.automationRevision;
      |                                                                                         ^~~~~~~~~~~~
/Users/rewbs/code/openmpt/mac/Tests/PreciseNoteTests.mm:301:3: warning: 'auto' deduced as 'id' in declaration of 'patternBefore' [-Wauto-var-id]
  301 |   auto patternBefore=call(@"pattern.get",@{@"pattern":@0})[@"data"];
      |   ^~~~~~~~~~~~~~~~~~
/Users/rewbs/code/openmpt/mac/Tests/PreciseNoteTests.mm:303:58: warning: 'auto' deduced as 'id' in declaration of 'preview' [-Wauto-var-id]
  303 |   auto creation=@{@"empty":@YES,@"name":@"Lead trigger"};auto preview=[creation mutableCopy];preview[@"dryRun"]=@YES;
      |                                                          ^~~~~~~~~~~~
/Users/rewbs/code/openmpt/mac/Tests/PreciseNoteTests.mm:304:3: warning: 'auto' deduced as 'id' in declaration of 'index' [-Wauto-var-id]
  304 |   auto index=call(@"instrument.create",preview,true)[@"data"][@"instrument"];
      |   ^~~~~~~~~~
/Users/rewbs/code/openmpt/mac/Tests/PreciseNoteTests.mm:307:9: warning: 'auto' deduced as 'id' in declaration of 'info' [-Wauto-var-id]
  307 |   const auto info=call(@"instrument.get",@{@"instrument":index})[@"data"];
      |   ~~~~~~^~~~~~~~~
/Users/rewbs/code/openmpt/mac/Tests/PreciseNoteTests.mm:318:3: warning: 'auto' deduced as 'id' in declaration of 'dry' [-Wauto-var-id]
  318 |   auto dry=[request mutableCopy];dry[@"dryRun"]=@YES;revision=session.automationRevision;call(@"pattern.performance.set",dry,true);
      |   ^~~~~~~~
/Users/rewbs/code/openmpt/mac/Tests/PreciseNoteTests.mm:320:55: warning: 'auto' deduced as 'id' in declaration of 'expected' [-Wauto-var-id]
  320 |   call(@"pattern.performance.set",request,true);const auto expected=call(@"pattern.performance.get",@{@"pattern":@0})[@"data"];
      |                                                 ~~~~~~^~~~~~~~~~~~~
/Users/rewbs/code/openmpt/mac/Tests/PreciseNoteTests.mm:323:5: warning: 'auto' deduced as 'id' in declaration of 'c' [-Wauto-var-id]
  323 |     auto c=[command mutableCopy];[c addEntriesFromDictionary:bad];auto r=[request mutableCopy];r[@"commands"]=@[c];r[@"expectedRevision"]=session.automationRevision;revision=session.automationRevision;
      |     ^~~~~~
/Users/rewbs/code/openmpt/mac/Tests/PreciseNoteTests.mm:323:67: warning: 'auto' deduced as 'id' in declaration of 'r' [-Wauto-var-id]
  323 |     auto c=[command mutableCopy];[c addEntriesFromDictionary:bad];auto r=[request mutableCopy];r[@"commands"]=@[c];r[@"expectedRevision"]=session.automationRevision;revision=session.automationRevision;
      |                                                                   ^~~~~~
/Users/rewbs/code/openmpt/mac/Tests/PreciseNoteTests.mm:334:3: warning: 'auto' deduced as 'id' in declaration of 'project' [-Wauto-var-id]
  334 |   auto project=[NSPropertyListSerialization propertyListWithData:[session serializedData] options:NSPropertyListMutableContainers format:nil error:&error];
      |   ^~~~~~~~~~~~
[ 74%] Linking CXX executable precise-ramp-tests
[ 74%] Built target precise-ramp-tests
[ 74%] Building OBJCXX object CMakeFiles/pattern-pitch-tests.dir/Tests/PatternPitchTests.mm.o
10 warnings generated.
[ 74%] Building OBJCXX object CMakeFiles/precise-note-tests.dir/Tests/FixtureAU.mm.o
/Users/rewbs/code/openmpt/mac/Tests/PatternPitchTests.mm:39:5: warning: 'auto' deduced as 'id' in declaration of 'request' [-Wauto-var-id]
   39 |     auto request=[params mutableCopy];if(write)request[@"expectedRevision"]=session.automationRevision;
      |     ^~~~~~~~~~~~
/Users/rewbs/code/openmpt/mac/Tests/PatternPitchTests.mm:45:47: warning: 'auto' deduced as 'id' in declaration of 'preview' [-Wauto-var-id]
   45 |   NSString *before=session.automationRevision;auto preview=[request mutableCopy];preview[@"dryRun"]=@YES;
      |                                               ^~~~~~~~~~~~
/Users/rewbs/code/openmpt/mac/Tests/PatternPitchTests.mm:48:9: warning: 'auto' deduced as 'id' in declaration of 'expected' [-Wauto-var-id]
   48 |   const auto expected=call(@"pattern.performance.get",@{@"pattern":@0})[@"data"];
      |   ~~~~~~^~~~~~~~~~~~~
/Users/rewbs/code/openmpt/mac/Tests/PatternPitchTests.mm:51:5: warning: 'auto' deduced as 'id' in declaration of 'command' [-Wauto-var-id]
   51 |     auto command=[bend mutableCopy];[command addEntriesFromDictionary:invalid];
      |     ^~~~~~~~~~~~
[ 74%] Linking CXX executable precise-note-tests
[ 74%] Built target precise-note-tests
[ 75%] Building OBJCXX object CMakeFiles/record-nudge-tests.dir/Tests/RecordNudgeTests.mm.o
4 warnings generated.
[ 75%] Building OBJCXX object CMakeFiles/pattern-pitch-tests.dir/Tests/FixtureAU.mm.o
/Users/rewbs/code/openmpt/mac/Tests/RecordNudgeTests.mm:97:5: warning: 'auto' deduced as 'id' in declaration of 'p' [-Wauto-var-id]
   97 |     auto p=[params mutableCopy];if(write)p[@"expectedRevision"]=session.automationRevision;
      |     ^~~~~~
/Users/rewbs/code/openmpt/mac/Tests/RecordNudgeTests.mm:105:9: warning: 'auto' deduced as 'id' in declaration of 'expected' [-Wauto-var-id]
  105 |   const auto expected=call(@"pattern.effects.get",@{@"pattern":@0})[@"data"];
      |   ~~~~~~^~~~~~~~~~~~~
/Users/rewbs/code/openmpt/mac/Tests/RecordNudgeTests.mm:109:5: warning: 'auto' deduced as 'id' in declaration of 'c' [-Wauto-var-id]
  109 |     auto c=[commands[0] mutableCopy];[c addEntriesFromDictionary:invalid];NSError *failure=nil;
      |     ^~~~~~
3 warnings generated.
[ 75%] Linking CXX executable record-nudge-tests
[ 75%] Built target record-nudge-tests
[ 75%] Building OBJCXX object CMakeFiles/unified-effects-tests.dir/Tests/UnifiedEffectsTests.mm.o
[ 75%] Linking CXX executable pattern-pitch-tests
[ 75%] Built target pattern-pitch-tests
[ 76%] Building OBJCXX object CMakeFiles/pattern-performance-tests.dir/Tests/PatternPerformanceTests.mm.o
/Users/rewbs/code/openmpt/mac/Tests/UnifiedEffectsTests.mm:100:84: warning: 'auto' deduced as 'id' in declaration of 'q' [-Wauto-var-id]
  100 |   auto call=[&](NSString *method,NSDictionary *p,bool write=false)->NSDictionary *{auto q=[p mutableCopy];if(write)q[@"expectedRevision"]=session.automationRevision;auto reply=[session automationMethod:method params:q error:&error];if(!reply)throw std::runtime_error(error.localizedDescription.UTF8String);return reply[@"data"];};
      |                                                                                    ^~~~~~
/Users/rewbs/code/openmpt/mac/Tests/UnifiedEffectsTests.mm:116:49: warning: 'auto' deduced as 'id' in declaration of 'relative' [-Wauto-var-id]
  116 |   for(NSDictionary *c in expected[@"commands"]){auto relative=[c mutableCopy];relative[@"position"]=@([c[@"position"] unsignedIntValue]-2*65536);[clipboard addObject:relative];}
      |                                                 ^~~~~~~~~~~~~
/Users/rewbs/code/openmpt/mac/Tests/UnifiedEffectsTests.mm:118:3: warning: 'auto' deduced as 'id' in declaration of 'preview' [-Wauto-var-id]
  118 |   auto preview=[paste mutableCopy];preview[@"dryRun"]=@YES;rev=session.automationRevision;
      |   ^~~~~~~~~~~~
/Users/rewbs/code/openmpt/mac/Tests/UnifiedEffectsTests.mm:131:3: warning: 'auto' deduced as 'id' in declaration of 'pc' [-Wauto-var-id]
  131 |   auto pc=call(@"pattern.get",@{@"pattern":@0,@"startRow":@0,@"rowCount":@1,@"startChannel":@0,@"channelCount":@1})[@"cells"];
      |   ^~~~~~~
/Users/rewbs/code/openmpt/mac/Tests/PatternPerformanceTests.mm:23:5: warning: 'auto' deduced as 'id' in declaration of 'request' [-Wauto-var-id]
   23 |     auto request=[params mutableCopy];if(write)request[@"expectedRevision"]=session.automationRevision;
      |     ^~~~~~~~~~~~
/Users/rewbs/code/openmpt/mac/Tests/PatternPerformanceTests.mm:32:49: warning: 'auto' deduced as 'id' in declaration of 'preview' [-Wauto-var-id]
   32 |   NSString *revision=session.automationRevision;auto preview=[set mutableCopy];preview[@"dryRun"]=@YES;
      |                                                 ^~~~~~~~~~~~
/Users/rewbs/code/openmpt/mac/Tests/PatternPerformanceTests.mm:35:9: warning: 'auto' deduced as 'id' in declaration of 'expected' [-Wauto-var-id]
   35 |   const auto expected=call(@"pattern.performance.get",@{@"pattern":@0})[@"data"];
      |   ~~~~~~^~~~~~~~~~~~~
/Users/rewbs/code/openmpt/mac/Tests/PatternPerformanceTests.mm:40:5: warning: 'auto' deduced as 'id' in declaration of 'request' [-Wauto-var-id]
   40 |     auto request=[params mutableCopy];request[@"expectedRevision"]=session.automationRevision;NSString *before=session.automationRevision;
      |     ^~~~~~~~~~~~
4 warnings generated.
[ 76%] Linking CXX executable unified-effects-tests
[ 76%] Built target unified-effects-tests
[ 76%] Building OBJCXX object CMakeFiles/plugin-program-tests.dir/Tests/PluginProgramTests.mm.o
[ 76%] Building OBJCXX object CMakeFiles/plugin-program-tests.dir/Tests/FixtureAU.mm.o
4 warnings generated.
[ 76%] Linking CXX executable pattern-performance-tests
[ 76%] Built target pattern-performance-tests
[ 76%] Building OBJCXX object CMakeFiles/plugin-preset-session-tests.dir/Tests/PluginPresetSessionTests.mm.o
[ 77%] Linking CXX executable plugin-program-tests
/Users/rewbs/code/openmpt/mac/Tests/PluginPresetSessionTests.mm:53:9: warning: 'auto' deduced as 'id' in declaration of 'inspected' [-Wauto-var-id]
   53 |         auto inspected = call(@"plugin.preset.inspect", @{@"path": path})[@"data"];
      |         ^~~~~~~~~~~~~~
/Users/rewbs/code/openmpt/mac/Tests/PluginPresetSessionTests.mm:59:11: warning: 'auto' deduced as 'id' in declaration of 'instrument' [-Wauto-var-id]
   59 |           auto instrument = call(@"instrument.create", @{}, true)[@"data"][@"instrument"];
      |           ^~~~~~~~~~~~~~~
/Users/rewbs/code/openmpt/mac/Tests/PluginPresetSessionTests.mm:65:9: warning: 'auto' deduced as 'id' in declaration of 'envelope' [-Wauto-var-id]
   65 |         auto envelope = call(@"automation.pattern.get", @{@"pattern": @0})[@"data"];
      |         ^~~~~~~~~~~~~
/Users/rewbs/code/openmpt/mac/Tests/PluginPresetSessionTests.mm:67:9: warning: 'auto' deduced as 'id' in declaration of 'beforePorts' [-Wauto-var-id]
   67 |         auto beforePorts = call(@"plugin.buses.get", @{@"slot": @0})[@"data"];
      |         ^~~~~~~~~~~~~~~~
/Users/rewbs/code/openmpt/mac/Tests/PluginPresetSessionTests.mm:68:9: warning: 'auto' deduced as 'id' in declaration of 'touched' [-Wauto-var-id]
   68 |         auto touched = call(@"automation.target.get", @{})[@"data"][@"token"];
      |         ^~~~~~~~~~~~
/Users/rewbs/code/openmpt/mac/Tests/PluginPresetSessionTests.mm:83:9: warning: 'auto' deduced as 'id' in declaration of 'stale' [-Wauto-var-id]
   83 |         auto stale = [load mutableCopy]; stale[@"expectedRevision"] = revision;
      |         ^~~~~~~~~~
/Users/rewbs/code/openmpt/mac/Tests/PluginPresetSessionTests.mm:92:9: warning: 'auto' deduced as 'id' in declaration of 'neighbor' [-Wauto-var-id]
   92 |         auto neighbor = call(@"plugin.parameters.get", @{@"slot": @0})[@"data"];
      |         ^~~~~~~~~~~~~
[ 77%] Built target plugin-program-tests
[ 78%] Linking CXX executable recovery-session-tests
[ 78%] Built target recovery-session-tests
7 warnings generated.
[ 78%] Linking CXX executable plugin-preset-session-tests
[ 79%] Building OBJCXX object CMakeFiles/instrument-envelope-session-tests.dir/Tests/InstrumentEnvelopeSessionTests.mm.o
[ 79%] Built target plugin-preset-session-tests
[ 79%] Building OBJCXX object CMakeFiles/plugin-alias-tests.dir/Tests/PluginAliasTests.mm.o
/Users/rewbs/code/openmpt/mac/Tests/InstrumentEnvelopeSessionTests.mm:21:75: warning: 'auto' deduced as 'id' in declaration of 'p' [-Wauto-var-id]
   21 |     auto call=[&](NSString *method,NSDictionary *params,bool write=false){auto p=[params mutableCopy];if(write)p[@"expectedRevision"]=session.automationRevision;
      |                                                                           ^~~~~~
/Users/rewbs/code/openmpt/mac/Tests/InstrumentEnvelopeSessionTests.mm:23:80: warning: 'auto' deduced as 'id' in declaration of 'before' [-Wauto-var-id]
   23 |     NSDictionary *target=@{@"instrument":identity,@"envelope":@"volume"};const auto before=call(@"instrument.envelope.get",target)[@"data"];
      |                                                                          ~~~~~~^~~~~~~~~~~
/Users/rewbs/code/openmpt/mac/Tests/InstrumentEnvelopeSessionTests.mm:25:5: warning: 'auto' deduced as 'id' in declaration of 'dry' [-Wauto-var-id]
   25 |     auto dry=[params mutableCopy];dry[@"dryRun"]=@YES;NSString *revision=session.automationRevision;
      |     ^~~~~~~~
/Users/rewbs/code/openmpt/mac/Tests/InstrumentEnvelopeSessionTests.mm:26:11: warning: 'auto' deduced as 'id' in declaration of 'preview' [-Wauto-var-id]
   26 |     const auto preview=call(@"instrument.envelope.transform",dry,true)[@"data"];
      |     ~~~~~~^~~~~~~~~~~~
/Users/rewbs/code/openmpt/mac/Tests/InstrumentEnvelopeSessionTests.mm:28:56: warning: 'auto' deduced as 'id' in declaration of 'after' [-Wauto-var-id]
   28 |     call(@"instrument.envelope.transform",params,true);auto after=call(@"instrument.envelope.get",target)[@"data"];
      |                                                        ^~~~~~~~~~
/Users/rewbs/code/openmpt/mac/Tests/InstrumentEnvelopeSessionTests.mm:30:5: warning: 'auto' deduced as 'id' in declaration of 'noop' [-Wauto-var-id]
   30 |     auto noop=[params mutableCopy];noop[@"operation"]=@"scale";noop[@"options"]=@{@"amount":@1};
      |     ^~~~~~~~~
/Users/rewbs/code/openmpt/mac/Tests/InstrumentEnvelopeSessionTests.mm:44:5: warning: 'auto' deduced as 'id' in declaration of 'malformed' [-Wauto-var-id]
   44 |     auto malformed=[params mutableCopy];malformed[@"operation"]=@"shift";malformed[@"options"]=@{@"amount":@1};malformed[@"expectedRevision"]=session.automationRevision;
      |     ^~~~~~~~~~~~~~
7 warnings generated.
[ 79%] Linking CXX executable instrument-envelope-session-tests
/Users/rewbs/code/openmpt/mac/Tests/PluginAliasTests.mm:73:7: warning: 'auto' deduced as 'id' in declaration of 'root' [-Wauto-var-id]
   73 |       auto root=[[NSPropertyListSerialization propertyListWithData:[session serializedData] options:0 format:nil error:nil] mutableCopy];
      |       ^~~~~~~~~
/Users/rewbs/code/openmpt/mac/Tests/PluginAliasTests.mm:74:7: warning: 'auto' deduced as 'id' in declaration of 'item' [-Wauto-var-id]
   74 |       auto item=[dictionary(descriptor) mutableCopy];const auto captured=probe.state();item[@"state"]=[NSData dataWithBytes:captured.state.data() length:captured.state.size()];
      |       ^~~~~~~~~
/Users/rewbs/code/openmpt/mac/Tests/PluginAliasTests.mm:82:78: warning: 'auto' deduced as 'id' in declaration of 'p' [-Wauto-var-id]
   82 |     auto call=[&](NSString *method,NSDictionary *values,bool mutation=false){auto p=[values mutableCopy];if(mutation)p[@"expectedRevision"]=session.automationRevision;
      |                                                                              ^~~~~~
/Users/rewbs/code/openmpt/mac/Tests/PluginAliasTests.mm:89:5: warning: 'auto' deduced as 'id' in declaration of 'routing' [-Wauto-var-id]
   89 |     auto routing=call(@"plugin.instruments.get",@{@"plugin":identity})[@"data"];
      |     ^~~~~~~~~~~~
[ 79%] Built target instrument-envelope-session-tests
/Users/rewbs/code/openmpt/mac/Tests/PluginAliasTests.mm:130:5: warning: 'auto' deduced as 'id' in declaration of 'broken' [-Wauto-var-id]
  130 |     auto broken=[root mutableCopy];broken[@"version"]=@4;[[NSPropertyListSerialization dataWithPropertyList:broken format:NSPropertyListBinaryFormat_v1_0 options:0 error:nil] writeToFile:file atomically:YES];
      |     ^~~~~~~~~~~
/Users/rewbs/code/openmpt/mac/Tests/PluginAliasTests.mm:133:7: warning: 'auto' deduced as 'id' in declaration of 'malformed' [-Wauto-var-id]
  133 |       auto malformed=[root mutableCopy];auto plugin=[root[@"plugins"][0] mutableCopy];
      |       ^~~~~~~~~~~~~~
/Users/rewbs/code/openmpt/mac/Tests/PluginAliasTests.mm:133:41: warning: 'auto' deduced as 'id' in declaration of 'plugin' [-Wauto-var-id]
  133 |       auto malformed=[root mutableCopy];auto plugin=[root[@"plugins"][0] mutableCopy];
      |                                         ^~~~~~~~~~~
[ 79%] Building OBJCXX object CMakeFiles/song-timing-session-tests.dir/Tests/SongTimingSessionTests.mm.o
7 warnings generated.
[ 79%] Building OBJCXX object CMakeFiles/plugin-alias-tests.dir/Tests/FixtureAU.mm.o
/Users/rewbs/code/openmpt/mac/Tests/SongTimingSessionTests.mm:17:73: warning: 'auto' deduced as 'id' in declaration of 'params' [-Wauto-var-id]
   17 |     auto call=[&](NSString *method,NSDictionary *p,bool mutation=false){auto params=[p mutableCopy];if(mutation)params[@"expectedRevision"]=session.automationRevision;
      |                                                                         ^~~~~~~~~~~
/Users/rewbs/code/openmpt/mac/Tests/SongTimingSessionTests.mm:19:5: warning: 'auto' deduced as 'id' in declaration of 'before' [-Wauto-var-id]
   19 |     auto before=call(@"document.timing.get",@{})[@"data"];
      |     ^~~~~~~~~~~
/Users/rewbs/code/openmpt/mac/Tests/SongTimingSessionTests.mm:21:45: warning: 'auto' deduced as 'id' in declaration of 'edited' [-Wauto-var-id]
   21 |     call(@"document.timing.set",patch,true);auto edited=call(@"document.timing.get",@{})[@"data"];
      |                                             ^~~~~~~~~~~
/Users/rewbs/code/openmpt/mac/Tests/SongTimingSessionTests.mm:34:75: warning: 'auto' deduced as 'id' in declaration of 'bad' [-Wauto-var-id]
   34 |       auto damaged=packSongSnapshot(parts.module,parts.samples,malformed);auto bad=[root mutableCopy];bad[@"module"]=[NSData dataWithBytes:damaged.data() length:damaged.size()];
      |                                                                           ^~~~~~~~
4 warnings generated.
[ 79%] Linking CXX executable song-timing-session-tests
[ 79%] Built target song-timing-session-tests
[ 79%] Building OBJCXX object CMakeFiles/sample-loop-tests.dir/Tests/SampleLoopTests.mm.o
[ 79%] Linking CXX executable plugin-alias-tests
[ 79%] Built target plugin-alias-tests
[ 79%] Building OBJCXX object CMakeFiles/sample-crossfade-project-tests.dir/Tests/SampleCrossfadeProjectTests.mm.o
/Users/rewbs/code/openmpt/mac/Tests/SampleLoopTests.mm:108:78: warning: 'auto' deduced as 'id' in declaration of 'p' [-Wauto-var-id]
  108 |     auto call=[&](NSString *method,NSDictionary *params,bool mutation=false){auto p=[params mutableCopy];if(mutation)p[@"expectedRevision"]=session.automationRevision;auto r=[session automationMethod:method params:p error:&error];if(!r)throw std::runtime_error(error.localizedDescription.UTF8String);return r;};
      |                                                                              ^~~~~~
/Users/rewbs/code/openmpt/mac/Tests/SampleLoopTests.mm:109:5: warning: 'auto' deduced as 'id' in declaration of 'before' [-Wauto-var-id]
  109 |     auto before=call(@"sample.get",@{@"sample":@1})[@"data"];
      |     ^~~~~~~~~~~
/Users/rewbs/code/openmpt/mac/Tests/SampleLoopTests.mm:111:5: warning: 'auto' deduced as 'id' in declaration of 'previewParams' [-Wauto-var-id]
  111 |     auto previewParams=[params mutableCopy];previewParams[@"dryRun"]=@YES;auto preview=call(@"sample.loops.set",previewParams,true);check(![preview[@"changed"] boolValue],"Loop API preview read-only");
      |     ^~~~~~~~~~~~~~~~~~
/Users/rewbs/code/openmpt/mac/Tests/SampleLoopTests.mm:113:5: warning: 'auto' deduced as 'id' in declaration of 'after' [-Wauto-var-id]
  113 |     auto after=call(@"sample.get",@{@"sample":@1})[@"data"];
      |     ^~~~~~~~~~
/Users/rewbs/code/openmpt/mac/Tests/SampleLoopTests.mm:124:5: warning: 'auto' deduced as 'id' in declaration of 'renamed' [-Wauto-var-id]
  124 |     auto renamed=[after mutableCopy];renamed[@"name"]=@"Renamed";
      |     ^~~~~~~~~~~~
5 warnings generated.
[ 80%] Linking CXX executable sample-loop-tests
[ 80%] Built target sample-loop-tests
[ 80%] Building OBJCXX object CMakeFiles/sample-project-tests.dir/Tests/SampleProjectTests.mm.o
[ 80%] Linking CXX executable sample-crossfade-project-tests
[ 80%] Built target sample-crossfade-project-tests
[ 81%] Building OBJCXX object CMakeFiles/sample-session-tests.dir/Tests/SampleSessionTests.mm.o
/Users/rewbs/code/openmpt/mac/Tests/SampleSessionTests.mm:259:7: warning: 'auto' deduced as 'id' in declaration of 'reversedLoops' [-Wauto-var-id]
  259 |       auto reversedLoops = call(@"sample.get", @{@"sample":@1}, false)[@"data"];
      |       ^~~~~~~~~~~~~~~~~~
[ 81%] Linking CXX executable sample-project-tests
[ 81%] Built target sample-project-tests
[ 81%] Building OBJCXX object CMakeFiles/sample-import-tests.dir/Tests/SampleImportTests.mm.o
1 warning generated.
[ 81%] Linking CXX executable sample-session-tests
[ 81%] Built target sample-session-tests
[ 81%] Building OBJCXX object CMakeFiles/native-effects-tests.dir/Tests/NativeEffectsTests.mm.o
[ 81%] Linking CXX executable sample-import-tests
/Users/rewbs/code/openmpt/mac/Tests/NativeEffectsTests.mm:146:5: warning: 'auto' deduced as 'id' in declaration of 'p' [-Wauto-var-id]
  146 |     auto p = [params mutableCopy]; if (write) p[@"expectedRevision"] = session.automationRevision;
      |     ^~~~~~
/Users/rewbs/code/openmpt/mac/Tests/NativeEffectsTests.mm:165:3: warning: 'auto' deduced as 'id' in declaration of 'state' [-Wauto-var-id]
  165 |   auto state = call(@"plugin.state.get", @{@"slot": @0})[@"data"];
      |   ^~~~~~~~~~
[ 81%] Built target sample-import-tests
[ 82%] Building OBJCXX object CMakeFiles/eq-effects-tests.dir/Tests/EQEffectsTests.mm.o
2 warnings generated.
[ 82%] Linking CXX executable native-effects-tests
[ 82%] Built target native-effects-tests
[ 82%] Building OBJCXX object CMakeFiles/comb-tests.dir/Tests/CombTests.mm.o
/Users/rewbs/code/openmpt/mac/Tests/EQEffectsTests.mm:162:3: warning: 'auto' deduced as 'id' in declaration of 'state' [-Wauto-var-id]
  162 |   auto state = call(@"plugin.state.get", @{@"slot": @0})[@"data"];
      |   ^~~~~~~~~~
[ 82%] Linking CXX executable comb-tests
[ 82%] Built target comb-tests
1 warning generated.
[ 82%] Building OBJCXX object CMakeFiles/distortion-tests.dir/Tests/DistortionTests.mm.o
[ 82%] Linking CXX executable eq-effects-tests
[ 82%] Built target eq-effects-tests
[ 82%] Building OBJCXX object CMakeFiles/lofi-tests.dir/Tests/LofiMatTests.mm.o
[ 83%] Linking CXX executable lofi-tests
[ 83%] Built target lofi-tests
[ 83%] Building OBJCXX object CMakeFiles/cabinet-tests.dir/Tests/CabinetTests.mm.o
[ 83%] Linking CXX executable distortion-tests
[ 83%] Built target distortion-tests
[ 84%] Building OBJCXX object CMakeFiles/dynamics-tests.dir/Tests/DynamicsTests.mm.o
[ 85%] Linking CXX executable cabinet-tests
[ 85%] Built target cabinet-tests
[ 85%] Building OBJCXX object CMakeFiles/maximizer-tests.dir/Tests/MaximizerTests.mm.o
[ 85%] Linking CXX executable dynamics-tests
[ 85%] Built target dynamics-tests
[ 85%] Linking CXX executable bus-compressor-tests
[ 85%] Built target bus-compressor-tests
[ 85%] Linking CXX executable session-tests
[ 85%] Built target session-tests
[ 85%] Building OBJCXX object CMakeFiles/native-song-tests.dir/Tests/NativeSongTests.mm.o
/Users/rewbs/code/openmpt/mac/Tests/MaximizerTests.mm:200:3: warning: 'auto' deduced as 'id' in declaration of 'state' [-Wauto-var-id]
  200 |   auto state=call(@"plugin.state.get",@{@"slot":@0})[@"data"];
      |   ^~~~~~~~~~
1 warning generated.
[ 85%] Linking CXX executable maximizer-tests
[ 85%] Built target maximizer-tests
[ 85%] Building CXX object CMakeFiles/device-tests.dir/Tests/DeviceTests.cpp.o
/Users/rewbs/code/openmpt/mac/Tests/NativeSongTests.mm:199:11: warning: 'auto' deduced as 'id' in declaration of 'oldRoot' [-Wauto-var-id]
  199 |           auto oldRoot=[root mutableCopy];oldRoot[@"version"]=@(old);write(oldRoot);
      |           ^~~~~~~~~~~~
/Users/rewbs/code/openmpt/mac/Tests/NativeSongTests.mm:204:11: warning: 'auto' deduced as 'id' in declaration of 'oldRoot' [-Wauto-var-id]
  204 |           auto oldRoot=[root mutableCopy];auto metadata=[root[@"native"] mutableCopy];metadata[@"version"]=@(old);oldRoot[@"native"]=metadata;write(oldRoot);
      |           ^~~~~~~~~~~~
/Users/rewbs/code/openmpt/mac/Tests/NativeSongTests.mm:204:43: warning: 'auto' deduced as 'id' in declaration of 'metadata' [-Wauto-var-id]
  204 |           auto oldRoot=[root mutableCopy];auto metadata=[root[@"native"] mutableCopy];metadata[@"version"]=@(old);oldRoot[@"native"]=metadata;write(oldRoot);
      |                                           ^~~~~~~~~~~~~
/Users/rewbs/code/openmpt/mac/Tests/NativeSongTests.mm:218:9: warning: 'auto' deduced as 'id' in declaration of 'compatible' [-Wauto-var-id]
  218 |         auto compatible = [NSPropertyListSerialization propertyListWithData:[session serializedData] options:0 format:nil error:nil];
      |         ^~~~~~~~~~~~~~~
/Users/rewbs/code/openmpt/mac/Tests/NativeSongTests.mm:221:9: warning: 'auto' deduced as 'id' in declaration of 'conflicting' [-Wauto-var-id]
  221 |         auto conflicting=[compatible mutableCopy];auto conflictingNative=[compatible[@"native"] mutableCopy];
      |         ^~~~~~~~~~~~~~~~
/Users/rewbs/code/openmpt/mac/Tests/NativeSongTests.mm:221:51: warning: 'auto' deduced as 'id' in declaration of 'conflictingNative' [-Wauto-var-id]
  221 |         auto conflicting=[compatible mutableCopy];auto conflictingNative=[compatible[@"native"] mutableCopy];
      |                                                   ^~~~~~~~~~~~~~~~~~~~~~
/Users/rewbs/code/openmpt/mac/Tests/NativeSongTests.mm:224:9: warning: 'auto' deduced as 'id' in declaration of 'currentWithoutField' [-Wauto-var-id]
  224 |         auto currentWithoutField=[compatible mutableCopy];auto missingNative=[compatible[@"native"] mutableCopy];
      |         ^~~~~~~~~~~~~~~~~~~~~~~~
/Users/rewbs/code/openmpt/mac/Tests/NativeSongTests.mm:224:59: warning: 'auto' deduced as 'id' in declaration of 'missingNative' [-Wauto-var-id]
  224 |         auto currentWithoutField=[compatible mutableCopy];auto missingNative=[compatible[@"native"] mutableCopy];
      |                                                           ^~~~~~~~~~~~~~~~~~
/Users/rewbs/code/openmpt/mac/Tests/NativeSongTests.mm:227:9: warning: 'auto' deduced as 'id' in declaration of 'songControls' [-Wauto-var-id]
  227 |         auto songControls=[compatible mutableCopy];auto controlsNative=[compatible[@"native"] mutableCopy];auto controlsGraph=[controlsNative[@"signalGraph"] mutableCopy];
      |         ^~~~~~~~~~~~~~~~~
/Users/rewbs/code/openmpt/mac/Tests/NativeSongTests.mm:227:52: warning: 'auto' deduced as 'id' in declaration of 'controlsNative' [-Wauto-var-id]
  227 |         auto songControls=[compatible mutableCopy];auto controlsNative=[compatible[@"native"] mutableCopy];auto controlsGraph=[controlsNative[@"signalGraph"] mutableCopy];
      |                                                    ^~~~~~~~~~~~~~~~~~~
/Users/rewbs/code/openmpt/mac/Tests/NativeSongTests.mm:227:108: warning: 'auto' deduced as 'id' in declaration of 'controlsGraph' [-Wauto-var-id]
  227 |         auto songControls=[compatible mutableCopy];auto controlsNative=[compatible[@"native"] mutableCopy];auto controlsGraph=[controlsNative[@"signalGraph"] mutableCopy];
      |                                                                                                            ^~~~~~~~~~~~~~~~~~
/Users/rewbs/code/openmpt/mac/Tests/NativeSongTests.mm:237:9: warning: 'auto' deduced as 'id' in declaration of 'duplicate' [-Wauto-var-id]
  237 |         auto duplicate=[controlsGraph mutableCopy];duplicate[@"songSources"]=@[controlsGraph[@"songSources"][0],controlsGraph[@"songSources"][0]];controlsNative[@"signalGraph"]=duplicate;songControls[@"native"]=controlsNative;write(songControls);revision=session.automationRevision;
      |         ^~~~~~~~~~~~~~
12 warnings generated.
[ 85%] Linking CXX executable native-song-tests
[ 85%] Built target native-song-tests
[ 86%] Linking CXX executable device-tests
[ 86%] Building OBJCXX object CMakeFiles/loopback-tests.dir/Tests/LoopbackTests.cpp.o
[ 86%] Built target device-tests
[ 86%] Building OBJCXX object CMakeFiles/commercial-graph-qualification.dir/Tests/CommercialGraphQualification.mm.o
[ 86%] Linking CXX executable commercial-graph-qualification
[ 86%] Built target commercial-graph-qualification
[ 86%] Linking CXX executable midi-tests
[ 87%] Built target midi-tests
[ 87%] Linking CXX executable loopback-tests
[ 87%] Building OBJCXX object CMakeFiles/export-tests.dir/Tests/ExportTests.mm.o
[ 87%] Built target loopback-tests
[ 88%] Built target native-mixer-tests
[ 88%] Building OBJCXX object CMakeFiles/rack-preset-tests.dir/Tests/RackPresetTests.mm.o
[ 88%] Linking CXX executable export-tests
[ 88%] Built target export-tests
[ 89%] Built target multi-bus-tests
[ 89%] Building OBJCXX object CMakeFiles/rack-tests.dir/Tests/RackTests.mm.o
[ 89%] Building OBJCXX object CMakeFiles/rack-preset-tests.dir/Tests/FixtureAU.mm.o
[ 90%] Linking CXX executable rack-preset-tests
[ 90%] Built target rack-preset-tests
[ 90%] Building OBJCXX object CMakeFiles/mixer-device-tests.dir/Tests/MixerDeviceTests.mm.o
[ 90%] Linking CXX executable rack-tests
[ 90%] Built target rack-tests
[ 90%] Building OBJCXX object CMakeFiles/native-plugin-tests.dir/Tests/NativePluginTests.mm.o
[ 90%] Linking CXX executable mixer-device-tests
[ 90%] Built target mixer-device-tests
[ 90%] Building OBJCXX object CMakeFiles/plugin-robustness-tests.dir/Tests/PluginRobustnessTests.mm.o
[ 90%] Linking CXX executable native-plugin-tests
[ 90%] Built target native-plugin-tests
[ 90%] Building OBJCXX object CMakeFiles/plugin-latency-tests.dir/Tests/PluginLatencyTests.mm.o
[ 90%] Linking CXX executable plugin-robustness-tests
[ 90%] Built target plugin-robustness-tests
[ 90%] Building OBJCXX object CMakeFiles/musical-automation-tests.dir/Tests/MusicalAutomationTests.mm.o
[ 90%] Linking CXX executable plugin-latency-tests
[ 90%] Built target plugin-latency-tests
[ 90%] Linking CXX executable automation-tests
[ 90%] Built target automation-tests
[ 90%] Building OBJCXX object CMakeFiles/plugin-trust-tests.dir/Tests/PluginTrustTests.mm.o
/Users/rewbs/code/openmpt/mac/Tests/MusicalAutomationTests.mm:245:9: warning: 'auto' deduced as 'id' in declaration of 'actual' [-Wauto-var-id]
  245 |         auto actual = call(@"automation.pattern.get", @{@"pattern":@0})[@"data"];
      |         ^~~~~~~~~~~
[ 91%] Linking CXX executable plugin-trust-tests
[ 91%] Built target plugin-trust-tests
[ 92%] Building OBJCXX object CMakeFiles/plugin-shutdown-tests.dir/Tests/PluginShutdownTests.mm.o
1 warning generated.
[ 92%] Linking CXX executable musical-automation-tests
[ 92%] Built target musical-automation-tests
[ 93%] Building OBJCXX object CMakeFiles/note-track-tests.dir/Tests/NoteTrackTests.mm.o
[ 93%] Linking CXX executable plugin-shutdown-tests
[ 93%] Built target plugin-shutdown-tests
[ 93%] Linking CXX executable automation-target-tests
[ 93%] Built target automation-target-tests
[ 94%] Built target native-note-routing-tests
[ 95%] Built target native-source-migration-tests
[ 96%] Building OBJCXX object CMakeFiles/native-signal-graph-tests.dir/Tests/NativeSignalGraphTests.mm.o
[ 96%] Linking CXX executable note-track-tests
[ 96%] Built target note-track-tests
[ 96%] Building OBJCXX object CMakeFiles/signal-graph-session-tests.dir/Tests/SignalGraphSessionTests.mm.o
In file included from /Users/rewbs/code/openmpt/mac/Tests/SignalGraphSessionTests.mm:8:
/Users/rewbs/code/openmpt/mac/Tests/GraphEditingSessionChecks.inc:3:88: warning: 'auto' deduced as 'id' in declaration of 'p' [-Wauto-var-id]
    3 |   auto api=[&](NSString *method,NSDictionary *params,bool write=false)->NSDictionary *{auto p=[params mutableCopy];if(write)p[@"expectedRevision"]=s.automationRevision;auto r=[s automationMethod:method params:p error:&error];if(!r)throw std::runtime_error(std::string(method.UTF8String)+": "+error.localizedDescription.UTF8String);return r;};
      |                                                                                        ^~~~~~
/Users/rewbs/code/openmpt/mac/Tests/GraphEditingSessionChecks.inc:8:3: warning: 'auto' deduced as 'id' in declaration of 'pluginMetadata' [-Wauto-var-id]
    8 |   auto pluginMetadata=api(@"graph.plugin.get",@{@"graph":graph,@"node":plugin})[@"data"];
      |   ^~~~~~~~~~~~~~~~~~~
/Users/rewbs/code/openmpt/mac/Tests/GraphEditingSessionChecks.inc:12:3: warning: 'auto' deduced as 'id' in declaration of 'layoutBefore' [-Wauto-var-id]
   12 |   auto layoutBefore=snapshot();NSString *layoutRevision=s.automationRevision;NSMutableDictionary *wrongRecipe=[pinnedRecipe mutableCopy];wrongRecipe[@"audioLayout"]=@"pairs-v1;o0=0:0:2:8";
      |   ^~~~~~~~~~~~~~~~~
/Users/rewbs/code/openmpt/mac/Tests/GraphEditingSessionChecks.inc:15:3: warning: 'auto' deduced as 'id' in declaration of 'before' [-Wauto-var-id]
   15 |   auto before=snapshot();NSString *revision=s.automationRevision;
      |   ^~~~~~~~~~~
/Users/rewbs/code/openmpt/mac/Tests/GraphEditingSessionChecks.inc:18:3: warning: 'auto' deduced as 'id' in declaration of 'muted' [-Wauto-var-id]
   18 |   auto muted=snapshot();revision=s.automationRevision;api(@"graph.source.mute",@{@"graph":graph,@"node":source,@"muted":@YES},true);check([revision isEqual:s.automationRevision],"Identical source mute creates Undo");
      |   ^~~~~~~~~~
/Users/rewbs/code/openmpt/mac/Tests/GraphEditingSessionChecks.inc:25:3: warning: 'auto' deduced as 'id' in declaration of 'fragment' [-Wauto-var-id]
   25 |   auto fragment=api(@"graph.selection.copy",@{@"graph":graph,@"nodes":@[source,plugin]})[@"data"][@"fragment"];check([fragment[@"audio"] count]==0&&[fragment[@"nodes"] count]==4,"Clipboard copies internal data without boundary audio routes");
      |   ^~~~~~~~~~~~~
/Users/rewbs/code/openmpt/mac/Tests/GraphEditingSessionChecks.inc:27:3: warning: 'auto' deduced as 'id' in declaration of 'cut' [-Wauto-var-id]
   27 |   auto cut=api(@"graph.selection.cut",@{@"graph":graph,@"nodes":@[source,plugin]},true)[@"data"];check([cut[@"fragment"] isEqual:fragment]&&[snapshot()[@"library"][0][@"nodes"] count]==2,"Cut did not return exact fragment or remove originals");api(@"history.undo",@{},true);check([before isEqual:snapshot()],"Cut must have one complete Undo");
      |   ^~~~~~~~
/Users/rewbs/code/openmpt/mac/Tests/GraphEditingSessionChecks.inc:31:129: warning: 'auto' deduced as 'id' in declaration of 'preset' [-Wauto-var-id]
   31 |   api(@"graph.plugin.set",@{@"graph":graph,@"node":plugin,@"parameters":@[@{@"id":@1,@"value":@(-12)}]},true);before=snapshot();auto preset=api(@"plugin.preset.inspect",@{@"path":path})[@"data"];
      |                                                                                                                                 ^~~~~~~~~~~
/Users/rewbs/code/openmpt/mac/Tests/GraphEditingSessionChecks.inc:33:3: warning: 'auto' deduced as 'id' in declaration of 'metadata' [-Wauto-var-id]
   33 |   auto metadata=api(@"graph.plugin.get",@{@"graph":graph,@"node":plugin})[@"data"];check([metadata[@"bypass"] boolValue]&&[metadata[@"parameters"][1][@"manualValue"] floatValue]==-6,"Recipe preset must restore configured baseline while preserving bypass");
      |   ^~~~~~~~~~~~~
/Users/rewbs/code/openmpt/mac/Tests/GraphEditingSessionChecks.inc:40:3: warning: 'auto' deduced as 'id' in declaration of 'duplicated' [-Wauto-var-id]
   40 |   auto duplicated=api(@"plugin.duplicate",@{@"plugin":rack,@"position":@{@"x":@300,@"y":@500}},true)[@"data"];NSString *copy=duplicated[@"plugin"];check(![copy isEqual:rack]&&[duplicated[@"detached"] boolValue]&&[snapshot()[@"mixer"][@"detached"] containsObject:copy],"Plugin duplicate must create a fresh detached effect");
      |   ^~~~~~~~~~~~~~~
/Users/rewbs/code/openmpt/mac/Tests/GraphEditingSessionChecks.inc:41:3: warning: 'auto' deduced as 'id' in declaration of 'values' [-Wauto-var-id]
   41 |   auto values=api(@"plugin.parameters.get",@{@"plugin":copy})[@"data"];check([values[1][@"manualValue"] doubleValue]==-9&&[snapshot()[@"plugins"][1][@"bypass"] boolValue]&&[snapshot()[@"plugins"][1][@"assignments"] count]==0,"Plugin duplicate must preserve baseline and bypass without assignments");
      |   ^~~~~~~~~~~
/Users/rewbs/code/openmpt/mac/Tests/GraphEditingSessionChecks.inc:47:3: warning: 'auto' deduced as 'id' in declaration of 'synthCopy' [-Wauto-var-id]
   47 |   auto synthCopy=api(@"plugin.duplicate",@{@"plugin":synth},true)[@"data"];
      |   ^~~~~~~~~~~~~~
/Users/rewbs/code/openmpt/mac/Tests/GraphEditingSessionChecks.inc:51:3: warning: 'auto' deduced as 'id' in declaration of 'boundary' [-Wauto-var-id]
   51 |   auto boundary=api(@"graph.group.boundary",@{@"graph":graph,@"group":boundaryGroup})[@"data"];check(![boundary[@"needsMapping"] boolValue]&&[boundary[@"inputs"] count]==1&&[boundary[@"outputs"] count]==1,"Group boundary must report exact unique dry path");
      |   ^~~~~~~~~~~~~
/Users/rewbs/code/openmpt/mac/Tests/GraphEditingSessionChecks.inc:53:127: warning: 'auto' deduced as 'id' in declaration of 'groupBypassed' [-Wauto-var-id]
   53 |   api(@"graph.group.bypass",@{@"graph":graph,@"group":boundaryGroup,@"bypass":@YES,@"dryRoutes":boundary[@"dryRoutes"]},true);auto groupBypassed=snapshot();check([groupBypassed[@"library"][0][@"groups"][0][@"bypass"] boolValue],"Group bypass flag missing");
      |                                                                                                                               ^~~~~~~~~~~~~~~~~~
/Users/rewbs/code/openmpt/mac/Tests/GraphEditingSessionChecks.inc:68:3: warning: 'auto' deduced as 'id' in declaration of 'attached' [-Wauto-var-id]
   68 |   auto attached=snapshot();api(@"mixer.inserts.detach",@{@"plugins":@[rack,copy],@"dryRun":@YES},true);check([attached isEqual:snapshot()],"Multi-effect detach dry run mutates");
      |   ^~~~~~~~~~~~~
/Users/rewbs/code/openmpt/mac/Tests/GraphEditingSessionChecks.inc:69:64: warning: 'auto' deduced as 'id' in declaration of 'looseChain' [-Wauto-var-id]
   69 |   api(@"mixer.inserts.detach",@{@"plugins":@[rack,copy]},true);auto looseChain=snapshot();NSString *chain=looseChain[@"mixer"][@"detachedChains"][0][@"id"];
      |                                                                ^~~~~~~~~~~~~~~
/Users/rewbs/code/openmpt/mac/Tests/GraphEditingSessionChecks.inc:74:64: warning: 'auto' deduced as 'id' in declaration of 'exact' [-Wauto-var-id]
   74 |   api(@"graph.connections.remove",@{@"connections":cuts},true);auto exact=snapshot();check([exact[@"mixer"][@"disconnectedMainInputs"] containsObject:copy]&&[exact[@"mixer"][@"masterOutputDisconnected"] boolValue],"Exact rack and Master cable cuts missing");
      |                                                                ^~~~~~~~~~
/Users/rewbs/code/openmpt/mac/Tests/GraphEditingSessionChecks.inc:80:51: warning: 'auto' deduced as 'id' in declaration of 'directPreview' [-Wauto-var-id]
   80 |   before=snapshot();revision=s.automationRevision;auto directPreview=[direct mutableCopy];directPreview[@"dryRun"]=@YES;api(@"mixer.plugin.connection.set",directPreview,true);check([before isEqual:snapshot()]&&[revision isEqual:s.automationRevision],"Direct plugin route dry run changes the song");
      |                                                   ^~~~~~~~~~~~~~~~~~
/Users/rewbs/code/openmpt/mac/Tests/GraphEditingSessionChecks.inc:81:51: warning: 'auto' deduced as 'id' in declaration of 'connected' [-Wauto-var-id]
   81 |   api(@"mixer.plugin.connection.set",direct,true);auto connected=snapshot();check([connected[@"mixer"][@"pluginConnections"] count]==1&&[connected[@"mixer"][@"pluginConnections"][0][@"gainDB"] doubleValue]==-9,"Direct plugin contribution is missing");
      |                                                   ^~~~~~~~~~~~~~
/Users/rewbs/code/openmpt/mac/Tests/GraphEditingSessionChecks.inc:83:3: warning: 'auto' deduced as 'id' in declaration of 'invalidDirect' [-Wauto-var-id]
   83 |   auto invalidDirect=[direct mutableCopy];invalidDirect[@"target"]=synth;invalidDirect[@"expectedRevision"]=revision;check(![s automationMethod:@"mixer.plugin.connection.set" params:invalidDirect error:&error]&&[snapshot() isEqual:connected],"An instrument without the requested physical audio input must reject without mutation");
      |   ^~~~~~~~~~~~~~~~~~
/Users/rewbs/code/openmpt/mac/Tests/GraphEditingSessionChecks.inc:89:91: warning: 'auto' deduced as 'id' in declaration of 'p' [-Wauto-var-id]
   89 |     auto call=[&](NSString *method,NSDictionary *params,bool write=false)->NSDictionary *{auto p=[params mutableCopy];if(write)p[@"expectedRevision"]=grouped.automationRevision;auto r=[grouped automationMethod:method params:p error:&failure];if(!r)throw std::runtime_error(std::string(method.UTF8String)+": "+failure.localizedDescription.UTF8String);return r[@"data"];};
      |                                                                                           ^~~~~~
/Users/rewbs/code/openmpt/mac/Tests/GraphEditingSessionChecks.inc:101:5: warning: 'auto' deduced as 'id' in declaration of 'dry' [-Wauto-var-id]
  101 |     auto dry=after[@"groups"][0][@"dryRoutes"][0];check([dry[@"input"] isEqual:mainInput]&&[dry[@"output"][@"kind"] isEqual:@"insert"]&&[dry[@"output"][@"plugin"] isEqual:added]&&[after[@"mixer"][@"sidechains"] isEqual:prior[@"mixer"][@"sidechains"]],"Adding after a grouped sidechain processor must retain its chosen Main dry source and move only the output boundary");
      |     ^~~~~~~~
/Users/rewbs/code/openmpt/mac/Tests/GraphEditingSessionChecks.inc:119:91: warning: 'auto' deduced as 'id' in declaration of 'p' [-Wauto-var-id]
  119 |     auto call=[&](NSString *method,NSDictionary *params,bool write=false)->NSDictionary *{auto p=[params mutableCopy];if(write)p[@"expectedRevision"]=implicit.automationRevision;auto r=[implicit automationMethod:method params:p error:&failure];if(!r)throw std::runtime_error(std::string(method.UTF8String)+": "+failure.localizedDescription.UTF8String);return r[@"data"];};
      |                                                                                           ^~~~~~
In file included from /Users/rewbs/code/openmpt/mac/Tests/SignalGraphSessionTests.mm:9:
/Users/rewbs/code/openmpt/mac/Tests/GraphStageSessionChecks.inc:3:88: warning: 'auto' deduced as 'id' in declaration of 'p' [-Wauto-var-id]
    3 |   auto api=[&](NSString *method,NSDictionary *params,bool write=false)->NSDictionary *{auto p=[params mutableCopy];if(write)p[@"expectedRevision"]=s.automationRevision;auto r=[s automationMethod:method params:p error:&error];if(!r)throw std::runtime_error(std::string(method.UTF8String)+": "+error.localizedDescription.UTF8String);return r;};
      |                                                                                        ^~~~~~
/Users/rewbs/code/openmpt/mac/Tests/GraphStageSessionChecks.inc:14:3: warning: 'auto' deduced as 'id' in declaration of 'before' [-Wauto-var-id]
   14 |   auto before=snapshot();auto revision=s.automationRevision;auto preview=[input mutableCopy];preview[@"dryRun"]=@YES;api(@"graph.audio.connection.set",preview,true);
      |   ^~~~~~~~~~~
/Users/rewbs/code/openmpt/mac/Tests/GraphStageSessionChecks.inc:14:61: warning: 'auto' deduced as 'id' in declaration of 'preview' [-Wauto-var-id]
   14 |   auto before=snapshot();auto revision=s.automationRevision;auto preview=[input mutableCopy];preview[@"dryRun"]=@YES;api(@"graph.audio.connection.set",preview,true);
      |                                                             ^~~~~~~~~~~~
/Users/rewbs/code/openmpt/mac/Tests/GraphStageSessionChecks.inc:16:49: warning: 'auto' deduced as 'id' in declaration of 'connected' [-Wauto-var-id]
   16 |   api(@"graph.audio.connection.set",input,true);auto connected=snapshot();revision=s.automationRevision;api(@"graph.audio.connection.set",input,true);check([revision isEqual:s.automationRevision],"Identical stage route must not create Undo");
      |                                                 ^~~~~~~~~~~~~~
/Users/rewbs/code/openmpt/mac/Tests/GraphStageSessionChecks.inc:18:40: warning: 'auto' deduced as 'id' in declaration of 'old' [-Wauto-var-id]
   18 |   auto reject=[&](NSDictionary *value){auto old=snapshot();auto rev=s.automationRevision;auto p=[value mutableCopy];p[@"expectedRevision"]=rev;check(![s automationMethod:@"graph.audio.connection.set" params:p error:&error]&&[old isEqual:snapshot()]&&[rev isEqual:s.automationRevision],"Rejected stage route partially committed");};
      |                                        ^~~~~~~~
/Users/rewbs/code/openmpt/mac/Tests/GraphStageSessionChecks.inc:18:90: warning: 'auto' deduced as 'id' in declaration of 'p' [-Wauto-var-id]
   18 |   auto reject=[&](NSDictionary *value){auto old=snapshot();auto rev=s.automationRevision;auto p=[value mutableCopy];p[@"expectedRevision"]=rev;check(![s automationMethod:@"graph.audio.connection.set" params:p error:&error]&&[old isEqual:snapshot()]&&[rev isEqual:s.automationRevision],"Rejected stage route partially committed");};
      |                                                                                          ^~~~~~
/Users/rewbs/code/openmpt/mac/Tests/GraphStageSessionChecks.inc:19:3: warning: 'auto' deduced as 'id' in declaration of 'invalid' [-Wauto-var-id]
   19 |   auto invalid=[input mutableCopy];invalid[@"input"]=@0;reject(invalid);invalid[@"input"]=@3;reject(invalid);invalid[@"input"]=@YES;reject(invalid);invalid=[input mutableCopy];invalid[@"source"]=@{@"plugin":a,@"stage":bus};reject(invalid);invalid=[input mutableCopy];invalid[@"source"]=@{@"plugin":@"missing"};reject(invalid);
      |   ^~~~~~~~~~~~
/Users/rewbs/code/openmpt/mac/Tests/GraphStageSessionChecks.inc:23:5: warning: 'auto' deduced as 'id' in declaration of 'prior' [-Wauto-var-id]
   23 |   { auto prior=snapshot();auto rev=s.automationRevision;NSDictionary *p=@{@"source":b,@"output":@0,@"target":a,@"input":@0,@"dryRun":@YES,@"expectedRevision":rev};
      |     ^~~~~~~~~~
/Users/rewbs/code/openmpt/mac/Tests/GraphStageSessionChecks.inc:27:3: warning: 'auto' deduced as 'id' in declaration of 'enabling' [-Wauto-var-id]
   27 |   auto enabling=[old mutableCopy];enabling[@"enabled"]=@YES;api(@"graph.audio.connection.set",enabling,true);check([snapshot()[@"stageConnections"][0][@"gainDB"] doubleValue]==-6,"Stage cable control update must preserve omitted gain");
      |   ^~~~~~~~~~~~~
/Users/rewbs/code/openmpt/mac/Tests/GraphStageSessionChecks.inc:28:21: warning: 'auto' deduced as 'id' in declaration of 'cut' [-Wauto-var-id]
   28 |   before=snapshot();auto cut=[output mutableCopy];cut[@"kind"]=@"stage-connection";api(@"graph.connections.remove",@{@"connections":@[cut]},true);check([snapshot()[@"stageConnections"] count]==1&&[snapshot()[@"mixer"] isEqual:before[@"mixer"]],"Stage cable cut must not heal/reorder ownership");api(@"history.undo",@{},true);check([before isEqual:snapshot()],"Stage cable cut is not one complete Undo");
      |                     ^~~~~~~~
/Users/rewbs/code/openmpt/mac/Tests/GraphStageSessionChecks.inc:33:51: warning: 'auto' deduced as 'id' in declaration of 'followerPreview' [-Wauto-var-id]
   33 |   before=snapshot();revision=s.automationRevision;auto followerPreview=[followerAdd mutableCopy];followerPreview[@"dryRun"]=@YES;api(@"graph.song.source.add",followerPreview,true);
      |                                                   ^~~~~~~~~~~~~~~~~~~~
/Users/rewbs/code/openmpt/mac/Tests/GraphStageSessionChecks.inc:35:87: warning: 'auto' deduced as 'id' in declaration of 'withFollower' [-Wauto-var-id]
   35 |   NSString *follower=api(@"graph.song.source.add",followerAdd,true)[@"data"][@"node"];auto withFollower=snapshot();
      |                                                                                       ^~~~~~~~~~~~~~~~~
/Users/rewbs/code/openmpt/mac/Tests/GraphStageSessionChecks.inc:39:48: warning: 'auto' deduced as 'id' in declaration of 'prior' [-Wauto-var-id]
   39 |   auto rejectFollower=[&](NSDictionary *patch){auto prior=snapshot();auto rev=s.automationRevision;NSDictionary *p=@{@"node":follower,@"source":patch,@"expectedRevision":rev};check(![s automationMethod:@"graph.song.source.update" params:p error:&error]&&[prior isEqual:snapshot()]&&[rev isEqual:s.automationRevision],"Rejected stage follower partially committed");};
      |                                                ^~~~~~~~~~
/Users/rewbs/code/openmpt/mac/Tests/GraphStageSessionChecks.inc:42:51: warning: 'auto' deduced as 'id' in declaration of 'staleCut' [-Wauto-var-id]
   42 |   before=snapshot();revision=s.automationRevision;auto staleCut=[followerCut mutableCopy];staleCut[@"output"]=@3;
      |                                                   ^~~~~~~~~~~~~
/Users/rewbs/code/openmpt/mac/Tests/SignalGraphSessionTests.mm:12:93: warning: 'auto' deduced as 'id' in declaration of 'p' [-Wauto-var-id]
   12 |   auto call=[&](NSString *method,NSDictionary *parameters,bool write=false)->NSDictionary *{auto p=[parameters mutableCopy];if(write)p[@"expectedRevision"]=session.automationRevision;auto response=[session automationMethod:method params:p error:&error];if(!response)throw std::runtime_error(std::string(method.UTF8String)+": "+error.localizedDescription.UTF8String);return response;};
      |                                                                                             ^~~~~~
/Users/rewbs/code/openmpt/mac/Tests/SignalGraphSessionTests.mm:14:3: warning: 'auto' deduced as 'id' in declaration of 'empty' [-Wauto-var-id]
   14 |   auto empty=data();NSString *revision=session.automationRevision;
      |   ^~~~~~~~~~
/Users/rewbs/code/openmpt/mac/Tests/SignalGraphSessionTests.mm:33:3: warning: 'auto' deduced as 'id' in declaration of 'metadata' [-Wauto-var-id]
   33 |   auto metadata=call(@"graph.plugin.get",@{@"graph":graph,@"node":node})[@"data"];
      |   ^~~~~~~~~~~~~
/Users/rewbs/code/openmpt/mac/Tests/SignalGraphSessionTests.mm:39:3: warning: 'auto' deduced as 'id' in declaration of 'parameters' [-Wauto-var-id]
   39 |   auto parameters=call(@"graph.plugin.get",@{@"graph":graph,@"node":node})[@"data"][@"parameters"];
      |   ^~~~~~~~~~~~~~~
/Users/rewbs/code/openmpt/mac/Tests/SignalGraphSessionTests.mm:42:9: warning: 'auto' deduced as 'id' in declaration of 'parameterState' [-Wauto-var-id]
   42 |   const auto parameterState=data();revision=session.automationRevision;
      |   ~~~~~~^~~~~~~~~~~~~~~~~~~
/Users/rewbs/code/openmpt/mac/Tests/SignalGraphSessionTests.mm:50:34: warning: 'auto' deduced as 'id' in declaration of 'dragState' [-Wauto-var-id]
   50 |   call(@"history.redo",@{},true);auto dragState=data();
      |                                  ^~~~~~~~~~~~~~
/Users/rewbs/code/openmpt/mac/Tests/SignalGraphSessionTests.mm:51:97: warning: 'auto' deduced as 'id' in declaration of 'interleavedState' [-Wauto-var-id]
   51 |   call(@"graph.layout.set",@{@"positions":@[@{@"node":@"gesture-break",@"x":@1,@"y":@2}]},true);auto interleavedState=data();
      |                                                                                                 ^~~~~~~~~~~~~~~~~~~~~
/Users/rewbs/code/openmpt/mac/Tests/SignalGraphSessionTests.mm:75:3: warning: 'auto' deduced as 'id' in declaration of 'modulatedDefinition' [-Wauto-var-id]
   75 |   auto modulatedDefinition=[data()[@"library"][0] mutableCopy];
      |   ^~~~~~~~~~~~~~~~~~~~~~~~
/Users/rewbs/code/openmpt/mac/Tests/SignalGraphSessionTests.mm:76:3: warning: 'auto' deduced as 'id' in declaration of 'graphParameters' [-Wauto-var-id]
   76 |   auto graphParameters=call(@"graph.plugin.get",@{@"graph":graph,@"node":node})[@"data"][@"parameters"];
      |   ^~~~~~~~~~~~~~~~~~~~
/Users/rewbs/code/openmpt/mac/Tests/SignalGraphSessionTests.mm:86:3: warning: 'auto' deduced as 'id' in declaration of 'expected' [-Wauto-var-id]
   86 |   auto expected=data();revision=session.automationRevision;
      |   ^~~~~~~~~~~~~
/Users/rewbs/code/openmpt/mac/Tests/SignalGraphSessionTests.mm:87:62: warning: 'auto' deduced as 'id' in declaration of 'p' [-Wauto-var-id]
   87 |   auto reject=[&](NSString *method,NSDictionary *parameters){auto p=[parameters mutableCopy];p[@"expectedRevision"]=session.automationRevision;NSError *failure=nil;check(![session automationMethod:method params:p error:&failure],"Invalid graph edit accepted");check([revision isEqual:session.automationRevision]&&[expected isEqual:data()],"Rejected graph edit partially committed");};
      |                                                              ^~~~~~
/Users/rewbs/code/openmpt/mac/Tests/SignalGraphSessionTests.mm:100:68: warning: 'auto' deduced as 'id' in declaration of 'copied' [-Wauto-var-id]
  100 |   call(@"graph.clone",@{@"graph":graph,@"name":@"Echo copy"},true);auto copied=data()[@"library"][1];check(![copied[@"id"] isEqual:graph]&&![copied[@"nodes"][0][@"id"] isEqual:expected[@"library"][0][@"nodes"][0][@"id"]],"Cloned graph reused identities");
      |                                                                    ^~~~~~~~~~~
/Users/rewbs/code/openmpt/mac/Tests/SignalGraphSessionTests.mm:102:3: warning: 'auto' deduced as 'id' in declaration of 'patchBefore' [-Wauto-var-id]
  102 |   auto patchBefore=data();revision=session.automationRevision;
      |   ^~~~~~~~~~~~~~~~
/Users/rewbs/code/openmpt/mac/Tests/SignalGraphSessionTests.mm:104:3: warning: 'auto' deduced as 'id' in declaration of 'patchPreview' [-Wauto-var-id]
  104 |   auto patchPreview=[patch mutableCopy];patchPreview[@"dryRun"]=@YES;call(@"graph.nodes.insert",patchPreview,true);
      |   ^~~~~~~~~~~~~~~~~
/Users/rewbs/code/openmpt/mac/Tests/SignalGraphSessionTests.mm:106:42: warning: 'auto' deduced as 'id' in declaration of 'patchAfter' [-Wauto-var-id]
  106 |   call(@"graph.nodes.insert",patch,true);auto patchAfter=data();
      |                                          ^~~~~~~~~~~~~~~
/Users/rewbs/code/openmpt/mac/Tests/SignalGraphSessionTests.mm:110:3: warning: 'auto' deduced as 'id' in declaration of 'badPatch' [-Wauto-var-id]
  110 |   auto badPatch=[patch mutableCopy];badPatch[@"expectedRevision"]=session.automationRevision;badPatch[@"edge"]=@255;NSError *patchError=nil;
      |   ^~~~~~~~~~~~~
/Users/rewbs/code/openmpt/mac/Tests/SignalGraphSessionTests.mm:115:125: warning: 'auto' deduced as 'id' in declaration of 'detached' [-Wauto-var-id]
  115 |   call(@"graph.nodes.detach",@{@"graph":graph,@"nodes":@[extra],@"positions":@[@{@"node":extra,@"x":@600,@"y":@300}]},true);auto detached=data();
      |                                                                                                                             ^~~~~~~~~~~~~
/Users/rewbs/code/openmpt/mac/Tests/SignalGraphSessionTests.mm:123:3: warning: 'auto' deduced as 'id' in declaration of 'addBefore' [-Wauto-var-id]
  123 |   auto addBefore=data();auto addRevision=session.automationRevision;
      |   ^~~~~~~~~~~~~~
/Users/rewbs/code/openmpt/mac/Tests/SignalGraphSessionTests.mm:125:3: warning: 'auto' deduced as 'id' in declaration of 'newPreview' [-Wauto-var-id]
  125 |   auto newPreview=[insertNew mutableCopy];newPreview[@"dryRun"]=@YES;call(@"graph.node.add",newPreview,true);
      |   ^~~~~~~~~~~~~~~
/Users/rewbs/code/openmpt/mac/Tests/SignalGraphSessionTests.mm:128:3: warning: 'auto' deduced as 'id' in declaration of 'addAfter' [-Wauto-var-id]
  128 |   auto addAfter=data(),oldEdge=addBefore[@"library"][0][@"audio"][0],newEdge=addAfter[@"library"][0][@"audio"][0];
      |   ^~~~~~~~~~~~~
/Users/rewbs/code/openmpt/mac/Tests/SignalGraphSessionTests.mm:128:3: warning: 'auto' deduced as 'id' in declaration of 'oldEdge' [-Wauto-var-id]
  128 |   auto addAfter=data(),oldEdge=addBefore[@"library"][0][@"audio"][0],newEdge=addAfter[@"library"][0][@"audio"][0];
      |   ^~~~~~~~~~~~~~~~~~~~~~~~~~~~
/Users/rewbs/code/openmpt/mac/Tests/SignalGraphSessionTests.mm:128:3: warning: 'auto' deduced as 'id' in declaration of 'newEdge' [-Wauto-var-id]
  128 |   auto addAfter=data(),oldEdge=addBefore[@"library"][0][@"audio"][0],newEdge=addAfter[@"library"][0][@"audio"][0];
      |   ^~~~~~~~~~~~~~~~~~~~~~~~~~~~~~~~~~~~~~~~~~~~~~~~~~~~~~~~~~~~~~~~~~~~~~~~~~
/Users/rewbs/code/openmpt/mac/Tests/SignalGraphSessionTests.mm:132:3: warning: 'auto' deduced as 'id' in declaration of 'invalidAdd' [-Wauto-var-id]
  132 |   auto invalidAdd=[insertNew mutableCopy];invalidAdd[@"insertEdge"]=@255;invalidAdd[@"expectedRevision"]=session.automationRevision;NSError *addError=nil;
      |   ^~~~~~~~~~~~~~~
/Users/rewbs/code/openmpt/mac/Tests/SignalGraphSessionTests.mm:135:3: warning: 'auto' deduced as 'id' in declaration of 'connectBefore' [-Wauto-var-id]
  135 |   auto connectBefore=data();
      |   ^~~~~~~~~~~~~~~~~~
/Users/rewbs/code/openmpt/mac/Tests/SignalGraphSessionTests.mm:137:3: warning: 'auto' deduced as 'id' in declaration of 'source' [-Wauto-var-id]
  137 |   auto source=call(@"graph.node.add",newSource,true)[@"data"][@"node"];
      |   ^~~~~~~~~~~
/Users/rewbs/code/openmpt/mac/Tests/SignalGraphSessionTests.mm:138:3: warning: 'auto' deduced as 'id' in declaration of 'connected' [-Wauto-var-id]
  138 |   auto connected=data();auto mod=[connected[@"library"][0][@"modulation"] lastObject];
      |   ^~~~~~~~~~~~~~
/Users/rewbs/code/openmpt/mac/Tests/SignalGraphSessionTests.mm:138:25: warning: 'auto' deduced as 'id' in declaration of 'mod' [-Wauto-var-id]
  138 |   auto connected=data();auto mod=[connected[@"library"][0][@"modulation"] lastObject];
      |                         ^~~~~~~~
/Users/rewbs/code/openmpt/mac/Tests/SignalGraphSessionTests.mm:142:3: warning: 'auto' deduced as 'id' in declaration of 'followerPreview' [-Wauto-var-id]
  142 |   auto followerPreview=[followerGesture mutableCopy];followerPreview[@"dryRun"]=@YES;auto followerRevision=session.automationRevision;
      |   ^~~~~~~~~~~~~~~~~~~~
/Users/rewbs/code/openmpt/mac/Tests/SignalGraphSessionTests.mm:144:3: warning: 'auto' deduced as 'id' in declaration of 'followerID' [-Wauto-var-id]
  144 |   auto followerID=call(@"graph.node.add",followerGesture,true)[@"data"][@"node"];auto followerState=data();
      |   ^~~~~~~~~~~~~~~
/Users/rewbs/code/openmpt/mac/Tests/SignalGraphSessionTests.mm:144:82: warning: 'auto' deduced as 'id' in declaration of 'followerState' [-Wauto-var-id]
  144 |   auto followerID=call(@"graph.node.add",followerGesture,true)[@"data"][@"node"];auto followerState=data();
      |                                                                                  ^~~~~~~~~~~~~~~~~~
/Users/rewbs/code/openmpt/mac/Tests/SignalGraphSessionTests.mm:145:3: warning: 'auto' deduced as 'id' in declaration of 'followerInput' [-Wauto-var-id]
  145 |   auto followerInput=[followerState[@"library"][0][@"audio"] lastObject],followerMod=[followerState[@"library"][0][@"modulation"] lastObject];
      |   ^~~~~~~~~~~~~~~~~~
/Users/rewbs/code/openmpt/mac/Tests/SignalGraphSessionTests.mm:145:3: warning: 'auto' deduced as 'id' in declaration of 'followerMod' [-Wauto-var-id]
  145 |   auto followerInput=[followerState[@"library"][0][@"audio"] lastObject],followerMod=[followerState[@"library"][0][@"modulation"] lastObject];
      |   ^~~~~~~~~~~~~~~~~~~~~~~~~~~~~~~~~~~~~~~~~~~~~~~~~~~~~~~~~~~~~~~~~~~~~~~~~~~~~~~~~~
/Users/rewbs/code/openmpt/mac/Tests/SignalGraphSessionTests.mm:151:49: warning: 'auto' deduced as 'id' in declaration of 'before' [-Wauto-var-id]
  151 |   auto rejectFollower=[&](NSDictionary *params){auto before=data();auto revision=session.automationRevision;auto guarded=[params mutableCopy];guarded[@"expectedRevision"]=revision;NSError *failure=nil;check(![session automationMethod:@"graph.node.add" params:guarded error:&failure]&&[revision isEqual:session.automationRevision]&&[before isEqual:data()],"Invalid follower conversion must reject without a partial node or wire");};
      |                                                 ^~~~~~~~~~~
/Users/rewbs/code/openmpt/mac/Tests/SignalGraphSessionTests.mm:151:109: warning: 'auto' deduced as 'id' in declaration of 'guarded' [-Wauto-var-id]
  151 |   auto rejectFollower=[&](NSDictionary *params){auto before=data();auto revision=session.automationRevision;auto guarded=[params mutableCopy];guarded[@"expectedRevision"]=revision;NSError *failure=nil;check(![session automationMethod:@"graph.node.add" params:guarded error:&failure]&&[revision isEqual:session.automationRevision]&&[before isEqual:data()],"Invalid follower conversion must reject without a partial node or wire");};
      |                                                                                                             ^~~~~~~~~~~~
/Users/rewbs/code/openmpt/mac/Tests/SignalGraphSessionTests.mm:152:3: warning: 'auto' deduced as 'id' in declaration of 'invalidFollower' [-Wauto-var-id]
  152 |   auto invalidFollower=[followerGesture mutableCopy];invalidFollower[@"kind"]=@"lfo";rejectFollower(invalidFollower);
      |   ^~~~~~~~~~~~~~~~~~~~
/Users/rewbs/code/openmpt/mac/Tests/SignalGraphSessionTests.mm:156:3: warning: 'auto' deduced as 'id' in declaration of 'discreteBefore' [-Wauto-var-id]
  156 |   auto discreteBefore=data();
      |   ^~~~~~~~~~~~~~~~~~~
/Users/rewbs/code/openmpt/mac/Tests/SignalGraphSessionTests.mm:157:3: warning: 'auto' deduced as 'id' in declaration of 'discreteSource' [-Wauto-var-id]
  157 |   auto discreteSource=call(@"graph.node.add",@{@"graph":graph,@"kind":@"lfo",@"connect":@{@"node":node,@"port":@3,@"output":@NO,@"modulation":@YES,@"base":@0,@"quantized":@YES}},true)[@"data"][@"node"];
      |   ^~~~~~~~~~~~~~~~~~~
/Users/rewbs/code/openmpt/mac/Tests/SignalGraphSessionTests.mm:158:3: warning: 'auto' deduced as 'id' in declaration of 'discreteState' [-Wauto-var-id]
  158 |   auto discreteState=data();auto discreteEdge=[discreteState[@"library"][0][@"modulation"] lastObject];
      |   ^~~~~~~~~~~~~~~~~~
/Users/rewbs/code/openmpt/mac/Tests/SignalGraphSessionTests.mm:158:29: warning: 'auto' deduced as 'id' in declaration of 'discreteEdge' [-Wauto-var-id]
  158 |   auto discreteState=data();auto discreteEdge=[discreteState[@"library"][0][@"modulation"] lastObject];
      |                             ^~~~~~~~~~~~~~~~~
/Users/rewbs/code/openmpt/mac/Tests/SignalGraphSessionTests.mm:164:3: warning: 'auto' deduced as 'id' in declaration of 'returnBefore' [-Wauto-var-id]
  164 |   auto returnBefore=data();auto send=call(@"mixer.bus.add",@{@"kind":@"return",@"sendFrom":target,@"position":@{@"x":@800,@"y":@120}},true)[@"data"][@"bus"];
      |   ^~~~~~~~~~~~~~~~~
/Users/rewbs/code/openmpt/mac/Tests/SignalGraphSessionTests.mm:164:28: warning: 'auto' deduced as 'id' in declaration of 'send' [-Wauto-var-id]
  164 |   auto returnBefore=data();auto send=call(@"mixer.bus.add",@{@"kind":@"return",@"sendFrom":target,@"position":@{@"x":@800,@"y":@120}},true)[@"data"][@"bus"];
      |                            ^~~~~~~~~
/Users/rewbs/code/openmpt/mac/Tests/SignalGraphSessionTests.mm:165:3: warning: 'auto' deduced as 'id' in declaration of 'returnAfter' [-Wauto-var-id]
  165 |   auto returnAfter=data();NSArray *sends=returnAfter[@"mixer"][@"buses"][0][@"sends"];
      |   ^~~~~~~~~~~~~~~~
/Users/rewbs/code/openmpt/mac/Tests/SignalGraphSessionTests.mm:168:3: warning: 'auto' deduced as 'id' in declaration of 'groupingBefore' [-Wauto-var-id]
  168 |   auto groupingBefore=data();NSString *groupingRevision=session.automationRevision;
      |   ^~~~~~~~~~~~~~~~~~~
/Users/rewbs/code/openmpt/mac/Tests/SignalGraphSessionTests.mm:172:3: warning: 'auto' deduced as 'id' in declaration of 'groupingAfter' [-Wauto-var-id]
  172 |   auto groupingAfter=data();
      |   ^~~~~~~~~~~~~~~~~~
/Users/rewbs/code/openmpt/mac/Tests/SignalGraphSessionTests.mm:177:3: warning: 'auto' deduced as 'id' in declaration of 'nestedAfter' [-Wauto-var-id]
  177 |   auto nestedAfter=data();groupingRevision=session.automationRevision;
      |   ^~~~~~~~~~~~~~~~
/Users/rewbs/code/openmpt/mac/Tests/SignalGraphSessionTests.mm:184:3: warning: 'auto' deduced as 'id' in declaration of 'groupedCopy' [-Wauto-var-id]
  184 |   auto groupedCopy=[data()[@"library"] lastObject];
      |   ^~~~~~~~~~~~~~~~
/Users/rewbs/code/openmpt/mac/Tests/SignalGraphSessionTests.mm:188:3: warning: 'auto' deduced as 'id' in declaration of 'remaining' [-Wauto-var-id]
  188 |   auto remaining=data()[@"library"][0][@"groups"];
      |   ^~~~~~~~~~~~~~
/Users/rewbs/code/openmpt/mac/Tests/SignalGraphSessionTests.mm:194:3: warning: 'auto' deduced as 'id' in declaration of 'exportBefore' [-Wauto-var-id]
  194 |   auto exportBefore=data();revision=session.automationRevision;
      |   ^~~~~~~~~~~~~~~~~
/Users/rewbs/code/openmpt/mac/Tests/SignalGraphSessionTests.mm:198:3: warning: 'auto' deduced as 'id' in declaration of 'exportAfter' [-Wauto-var-id]
  198 |   auto exportAfter=data();auto exported=[exportAfter[@"library"] lastObject];
      |   ^~~~~~~~~~~~~~~~
/Users/rewbs/code/openmpt/mac/Tests/SignalGraphSessionTests.mm:198:27: warning: 'auto' deduced as 'id' in declaration of 'exported' [-Wauto-var-id]
  198 |   auto exportAfter=data();auto exported=[exportAfter[@"library"] lastObject];
      |                           ^~~~~~~~~~~~~
/Users/rewbs/code/openmpt/mac/Tests/SignalGraphSessionTests.mm:207:3: warning: 'auto' deduced as 'id' in declaration of 'songGroupBefore' [-Wauto-var-id]
  207 |   auto songGroupBefore=data();revision=session.automationRevision;
      |   ^~~~~~~~~~~~~~~~~~~~
/Users/rewbs/code/openmpt/mac/Tests/SignalGraphSessionTests.mm:209:3: warning: 'auto' deduced as 'id' in declaration of 'groupPreview' [-Wauto-var-id]
  209 |   auto groupPreview=[groupRequest mutableCopy];groupPreview[@"dryRun"]=@YES;call(@"graph.song.group.create",groupPreview,true);
      |   ^~~~~~~~~~~~~~~~~
/Users/rewbs/code/openmpt/mac/Tests/SignalGraphSessionTests.mm:212:3: warning: 'auto' deduced as 'id' in declaration of 'songGroupAfter' [-Wauto-var-id]
  212 |   auto songGroupAfter=data();check([songGroupAfter[@"groups"] count]==1&&[songGroupAfter[@"plugins"] isEqual:songGroupBefore[@"plugins"]]&&[songGroupAfter[@"mixer"] isEqual:songGroupBefore[@"mixer"]],"Song group wraps existing rack identities without changing their routing");
      |   ^~~~~~~~~~~~~~~~~~~
/Users/rewbs/code/openmpt/mac/Tests/SignalGraphSessionTests.mm:216:3: warning: 'auto' deduced as 'id' in declaration of 'songGroupMoved' [-Wauto-var-id]
  216 |   auto songGroupMoved=data();bool moved=false;for(NSDictionary *position in songGroupMoved[@"layout"])if([position[@"node"] isEqual:rackKey])moved=[position[@"x"] doubleValue]==400&&[position[@"y"] doubleValue]==200;check(moved,"Song boundary move retains relative processor positions");
      |   ^~~~~~~~~~~~~~~~~~~
/Users/rewbs/code/openmpt/mac/Tests/SignalGraphSessionTests.mm:217:63: warning: 'auto' deduced as 'id' in declaration of 'songGroupExported' [-Wauto-var-id]
  217 |   call(@"graph.song.group.export",@{@"group":songGroup},true);auto songGroupExported=data();check([[songGroupExported[@"library"] lastObject][@"nodes"] count]==3,"Song group exports a real independent recipe");
      |                                                               ^~~~~~~~~~~~~~~~~~~~~~
/Users/rewbs/code/openmpt/mac/Tests/SignalGraphSessionTests.mm:222:3: warning: 'auto' deduced as 'id' in declaration of 'cutBefore' [-Wauto-var-id]
  222 |   auto cutBefore=data();revision=session.automationRevision;
      |   ^~~~~~~~~~~~~~
/Users/rewbs/code/openmpt/mac/Tests/SignalGraphSessionTests.mm:228:3: warning: 'auto' deduced as 'id' in declaration of 'invalidCuts' [-Wauto-var-id]
  228 |   auto invalidCuts=[cuts mutableCopy];[invalidCuts addObject:@{@"kind":@"insert",@"plugin":@"fixed-chain"}];
      |   ^~~~~~~~~~~~~~~~
/Users/rewbs/code/openmpt/mac/Tests/SignalGraphSessionTests.mm:232:65: warning: 'auto' deduced as 'id' in declaration of 'cutAfter' [-Wauto-var-id]
  232 |   call(@"graph.connections.remove",@{@"connections":cuts},true);auto cutAfter=data();
      |                                                                 ^~~~~~~~~~~~~
/Users/rewbs/code/openmpt/mac/Tests/SignalGraphSessionTests.mm:240:90: warning: 'auto' deduced as 'id' in declaration of 'p' [-Wauto-var-id]
  240 |     auto api=[&](NSString *method,NSDictionary *params,bool write=false)->NSDictionary *{auto p=[params mutableCopy];if(write)p[@"expectedRevision"]=scoped.automationRevision;auto r=[scoped automationMethod:method params:p error:&problem];if(!r)throw std::runtime_error(std::string(method.UTF8String)+": "+problem.localizedDescription.UTF8String);return r[@"data"];};
      |                                                                                          ^~~~~~
/Users/rewbs/code/openmpt/mac/Tests/SignalGraphSessionTests.mm:258:90: warning: 'auto' deduced as 'id' in declaration of 'p' [-Wauto-var-id]
  258 |     auto api=[&](NSString *method,NSDictionary *params,bool write=false)->NSDictionary *{auto p=[params mutableCopy];if(write)p[@"expectedRevision"]=loose.automationRevision;auto r=[loose automationMethod:method params:p error:&problem];if(!r)throw std::runtime_error(std::string(method.UTF8String)+": "+problem.localizedDescription.UTF8String);return r[@"data"];};
      |                                                                                          ^~~~~~
/Users/rewbs/code/openmpt/mac/Tests/SignalGraphSessionTests.mm:277:5: warning: 'auto' deduced as 'id' in declaration of 'preview' [-Wauto-var-id]
  277 |     auto preview=[detach mutableCopy];preview[@"dryRun"]=@YES;api(@"mixer.inserts.detach",preview,true);check([moved isEqual:snapshot()],"Detach dry-run preserves entire graph");
      |     ^~~~~~~~~~~~
/Users/rewbs/code/openmpt/mac/Tests/SignalGraphSessionTests.mm:287:44: warning: 'auto' deduced as 'id' in declaration of 'bad' [-Wauto-var-id]
  287 |     auto revision=loose.automationRevision;auto bad=[add mutableCopy];bad[@"target"]=target;bad[@"expectedRevision"]=revision;
      |                                            ^~~~~~~~
/Users/rewbs/code/openmpt/mac/Tests/SignalGraphSessionTests.mm:294:90: warning: 'auto' deduced as 'id' in declaration of 'p' [-Wauto-var-id]
  294 |     auto api=[&](NSString *method,NSDictionary *params,bool write=false)->NSDictionary *{auto p=[params mutableCopy];if(write)p[@"expectedRevision"]=mod.automationRevision;auto r=[mod automationMethod:method params:p error:&problem];if(!r)throw std::runtime_error(std::string(method.UTF8String)+": "+problem.localizedDescription.UTF8String);return r[@"data"];};
      |                                                                                          ^~~~~~
/Users/rewbs/code/openmpt/mac/Tests/SignalGraphSessionTests.mm:300:5: warning: 'auto' deduced as 'id' in declaration of 'preview' [-Wauto-var-id]
  300 |     auto preview=[add mutableCopy];preview[@"dryRun"]=@YES;api(@"graph.song.source.add",preview,true);
      |     ^~~~~~~~~~~~
/Users/rewbs/code/openmpt/mac/Tests/SignalGraphSessionTests.mm:312:5: warning: 'auto' deduced as 'id' in declaration of 'activitySources' [-Wauto-var-id]
  312 |     auto activitySources=api(@"parameter.activity.sources",@{@"target":activityKey,@"parameter":@1})[@"sources"];
      |     ^~~~~~~~~~~~~~~~~~~~
/Users/rewbs/code/openmpt/mac/Tests/SignalGraphSessionTests.mm:320:59: warning: 'auto' deduced as 'id' in declaration of 'guarded' [-Wauto-var-id]
  320 |     auto rejectSong=[&](NSString *method,NSDictionary *p){auto guarded=[p mutableCopy];guarded[@"expectedRevision"]=mod.automationRevision;NSError *failure=nil;auto state=snapshot();auto revision=mod.automationRevision;
      |                                                           ^~~~~~~~~~~~
/Users/rewbs/code/openmpt/mac/Tests/SignalGraphSessionTests.mm:335:5: warning: 'auto' deduced as 'id' in declaration of 'rerouted' [-Wauto-var-id]
  335 |     auto rerouted=snapshot()[@"songModulation"];check([rerouted count]==1&&[rerouted[0][@"source"] isEqual:curveSource]&&[rerouted[0][@"minimum"] doubleValue]==-.2&&[rerouted[0][@"maximum"] doubleValue]==.3,"Endpoint reroute must retain the old depth and remove only its old identity");
      |     ^~~~~~~~~~~~~
/Users/rewbs/code/openmpt/mac/Tests/SignalGraphSessionTests.mm:352:5: warning: 'auto' deduced as 'id' in declaration of 'shape' [-Wauto-var-id]
  352 |     auto shape=[api(@"envelope.bank.list",@{@"target":curveTarget})[@"shape"] mutableCopy];
      |     ^~~~~~~~~~
/Users/rewbs/code/openmpt/mac/Tests/SignalGraphSessionTests.mm:353:5: warning: 'auto' deduced as 'id' in declaration of 'points' [-Wauto-var-id]
  353 |     auto points=[shape[@"points"] mutableCopy];auto point=[points[0] mutableCopy];point[@"value"]=@.6;points[0]=point;shape[@"points"]=points;
      |     ^~~~~~~~~~~
/Users/rewbs/code/openmpt/mac/Tests/SignalGraphSessionTests.mm:353:48: warning: 'auto' deduced as 'id' in declaration of 'point' [-Wauto-var-id]
  353 |     auto points=[shape[@"points"] mutableCopy];auto point=[points[0] mutableCopy];point[@"value"]=@.6;points[0]=point;shape[@"points"]=points;
      |                                                ^~~~~~~~~~
/Users/rewbs/code/openmpt/mac/Tests/SignalGraphSessionTests.mm:371:90: warning: 'auto' deduced as 'id' in declaration of 'p' [-Wauto-var-id]
  371 |     auto api=[&](NSString *method,NSDictionary *params,bool write=false)->NSDictionary *{auto p=[params mutableCopy];if(write)p[@"expectedRevision"]=visual.automationRevision;auto r=[visual automationMethod:method params:p error:&problem];if(!r)throw std::runtime_error(std::string(method.UTF8String)+": "+problem.localizedDescription.UTF8String);return r[@"data"];};
      |                                                                                          ^~~~~~
/Users/rewbs/code/openmpt/mac/Tests/SignalGraphSessionTests.mm:384:90: warning: 'auto' deduced as 'id' in declaration of 'p' [-Wauto-var-id]
  384 |     auto api=[&](NSString *method,NSDictionary *params,bool write=false)->NSDictionary *{auto p=[params mutableCopy];if(write)p[@"expectedRevision"]=provenance.automationRevision;auto r=[provenance automationMethod:method params:p error:&problem];if(!r)throw std::runtime_error(std::string(method.UTF8String)+": "+problem.localizedDescription.UTF8String);return r[@"data"];};
      |                                                                                          ^~~~~~
/Users/rewbs/code/openmpt/mac/Tests/SignalGraphSessionTests.mm:390:5: warning: 'auto' deduced as 'id' in declaration of 'plugin' [-Wauto-var-id]
  390 |     auto plugin=result[@"plugin"];if(![plugin isKindOfClass:NSString.class])plugin=api(@"graph.get",@{})[@"plugins"][0][@"id"];
      |     ^~~~~~~~~~~
/Users/rewbs/code/openmpt/mac/Tests/SignalGraphSessionTests.mm:398:90: warning: 'auto' deduced as 'id' in declaration of 'p' [-Wauto-var-id]
  398 |     auto api=[&](NSString *method,NSDictionary *params,bool write=false)->NSDictionary *{auto p=[params mutableCopy];if(write)p[@"expectedRevision"]=bypass.automationRevision;auto r=[bypass automationMethod:method params:p error:&problem];if(!r)throw std::runtime_error(std::string(method.UTF8String)+": "+problem.localizedDescription.UTF8String);return r;};
      |                                                                                          ^~~~~~
/Users/rewbs/code/openmpt/mac/Tests/SignalGraphSessionTests.mm:403:5: warning: 'auto' deduced as 'id' in declaration of 'baseline' [-Wauto-var-id]
  403 |     auto baseline=api(@"graph.plugin.get",@{@"graph":graph,@"node":node})[@"data"];
      |     ^~~~~~~~~~~~~
/Users/rewbs/code/openmpt/mac/Tests/SignalGraphSessionTests.mm:405:5: warning: 'auto' deduced as 'id' in declaration of 'before' [-Wauto-var-id]
  405 |     auto before=snapshot();NSString *revision=bypass.automationRevision;
      |     ^~~~~~~~~~~
/Users/rewbs/code/openmpt/mac/Tests/SignalGraphSessionTests.mm:408:7: warning: 'auto' deduced as 'id' in declaration of 'p' [-Wauto-var-id]
  408 |       auto p=[bad mutableCopy];p[@"expectedRevision"]=revision;check(![bypass automationMethod:@"graph.plugin.bypass" params:p error:&problem]&&[before isEqual:snapshot()]&&[revision isEqual:bypass.automationRevision],"Invalid recipe bypass partially committed");
      |       ^~~~~~
/Users/rewbs/code/openmpt/mac/Tests/SignalGraphSessionTests.mm:411:5: warning: 'auto' deduced as 'id' in declaration of 'after' [-Wauto-var-id]
  411 |     auto after=snapshot();auto metadata=api(@"graph.plugin.get",@{@"graph":graph,@"node":node})[@"data"];
      |     ^~~~~~~~~~
/Users/rewbs/code/openmpt/mac/Tests/SignalGraphSessionTests.mm:411:27: warning: 'auto' deduced as 'id' in declaration of 'metadata' [-Wauto-var-id]
  411 |     auto after=snapshot();auto metadata=api(@"graph.plugin.get",@{@"graph":graph,@"node":node})[@"data"];
      |                           ^~~~~~~~~~~~~
/Users/rewbs/code/openmpt/mac/Tests/SignalGraphSessionTests.mm:416:5: warning: 'auto' deduced as 'id' in declaration of 'clone' [-Wauto-var-id]
  416 |     auto clone=api(@"graph.clone",@{@"graph":graph},true)[@"data"][@"graph"];bool copied=false;
      |     ^~~~~~~~~~
/Users/rewbs/code/openmpt/mac/Tests/SignalGraphSessionTests.mm:420:5: warning: 'auto' deduced as 'id' in declaration of 'exported' [-Wauto-var-id]
  420 |     auto exported=api(@"graph.group.export",@{@"graph":graph,@"group":group},true)[@"data"][@"graph"];copied=false;
      |     ^~~~~~~~~~~~~
/Users/rewbs/code/openmpt/mac/Tests/SignalGraphSessionTests.mm:423:5: warning: 'auto' deduced as 'id' in declaration of 'saved' [-Wauto-var-id]
  423 |     auto saved=snapshot();NSString *path=[NSTemporaryDirectory() stringByAppendingPathComponent:[NSUUID.UUID.UUIDString stringByAppendingString:@".screamseq"]];
      |     ^~~~~~~~~~
119 warnings generated.
[ 97%] Linking CXX executable signal-graph-session-tests
[ 97%] Building OBJCXX object CMakeFiles/native-signal-graph-tests.dir/Tests/FixtureAU.mm.o
[ 97%] Built target signal-graph-session-tests
[ 97%] Building OBJCXX object CMakeFiles/signal-routing-tests.dir/Tests/SignalRoutingTests.mm.o
[ 97%] Linking CXX executable native-signal-graph-tests
[ 97%] Built target native-signal-graph-tests
[ 97%] Building OBJCXX object CMakeFiles/signal-graph-performance.dir/Tests/SignalGraphPerformance.mm.o
[ 97%] Linking CXX executable signal-graph-performance
[ 97%] Built target signal-graph-performance
[ 97%] Linking CXX executable curve-formula-session-tests
[ 98%] Built target curve-formula-session-tests
[ 98%] Building OBJCXX object CMakeFiles/envelope-bank-tests.dir/Tests/EnvelopeBankTests.mm.o
[ 98%] Linking CXX executable signal-routing-tests
[ 98%] Built target signal-routing-tests
[ 98%] Building OBJCXX object CMakeFiles/playback-display-tests.dir/Tests/PlaybackDisplayTests.mm.o
/Users/rewbs/code/openmpt/mac/Tests/EnvelopeBankTests.mm:11:88: warning: 'auto' deduced as 'id' in declaration of 'p' [-Wauto-var-id]
   11 |  auto call=[&](NSString *method,NSDictionary *params,bool write=false)->NSDictionary *{auto p=[params mutableCopy];if(write)p[@"expectedRevision"]=session.automationRevision;NSError *e=nil;auto r=[session automationMethod:method params:p error:&e];if(!r)throw std::runtime_error([[NSString stringWithFormat:@"%@: %@",method,e.localizedDescription] UTF8String]);return r;};
      |                                                                                        ^~~~~~
/Users/rewbs/code/openmpt/mac/Tests/EnvelopeBankTests.mm:12:57: warning: 'auto' deduced as 'id' in declaration of 'p' [-Wauto-var-id]
   12 |  auto reject=[&](NSString *method,NSDictionary *params){auto p=[params mutableCopy];if(!p[@"expectedRevision"])p[@"expectedRevision"]=session.automationRevision;NSString *revision=session.automationRevision;auto before=[session serializedData];check(![session automationMethod:method params:p error:&error],"Invalid bank write accepted");check([revision isEqual:session.automationRevision]&&[before isEqual:[session serializedData]],"Rejected edit changed song");};
      |                                                         ^~~~~~
/Users/rewbs/code/openmpt/mac/Tests/EnvelopeBankTests.mm:17:101: warning: 'auto' deduced as 'id' in declaration of 'dry' [-Wauto-var-id]
   17 |  NSDictionary *saved=@{@"name":@"Pluck",@"target":it};NSString *revision=session.automationRevision;auto dry=[saved mutableCopy];dry[@"dryRun"]=@YES;call(@"envelope.bank.save",dry,true);check([revision isEqual:session.automationRevision]&&[bank()[@"entries"] count]==0,"Dry run mutated bank");
      |                                                                                                     ^~~~~~~~
/Users/rewbs/code/openmpt/mac/Tests/EnvelopeBankTests.mm:18:74: warning: 'auto' deduced as 'id' in declaration of 'shape' [-Wauto-var-id]
   18 |  NSString *master=call(@"envelope.bank.save",saved,true)[@"data"][@"id"];auto shape=bank()[@"entries"][0][@"shape"];
      |                                                                          ^~~~~~~~~~
/Users/rewbs/code/openmpt/mac/Tests/EnvelopeBankTests.mm:21:2: warning: 'auto' deduced as 'id' in declaration of 'original' [-Wauto-var-id]
   21 |  auto original=call(@"instrument.envelope.get",@{@"instrument":instrument,@"envelope":@"volume"})[@"data"];
      |  ^~~~~~~~~~~~~
/Users/rewbs/code/openmpt/mac/Tests/EnvelopeBankTests.mm:24:86: warning: 'auto' deduced as 'id' in declaration of 'independent' [-Wauto-var-id]
   24 |  call(@"envelope.bank.apply",@{@"template":master,@"target":it2,@"linked":@NO},true);auto independent=call(@"instrument.envelope.get",@{@"instrument":second,@"envelope":@"volume"})[@"data"];
      |                                                                                      ^~~~~~~~~~~~~~~~
/Users/rewbs/code/openmpt/mac/Tests/EnvelopeBankTests.mm:28:2: warning: 'auto' deduced as 'id' in declaration of 'graphBefore' [-Wauto-var-id]
   28 |  auto graphBefore=call(@"graph.automation.get",@{@"graph":graph,@"node":node,@"pattern":@0})[@"data"];
      |  ^~~~~~~~~~~~~~~~
/Users/rewbs/code/openmpt/mac/Tests/EnvelopeBankTests.mm:29:2: warning: 'auto' deduced as 'id' in declaration of 'modified' [-Wauto-var-id]
   29 |  auto modified=[shape mutableCopy];NSMutableArray *points=[NSMutableArray array];for(NSDictionary *p in shape[@"points"]){auto p2=[p mutableCopy];p2[@"value"]=@(1-[p[@"value"] doubleValue]);[points addObject:p2];}modified[@"points"]=points;
      |  ^~~~~~~~~~~~~
/Users/rewbs/code/openmpt/mac/Tests/EnvelopeBankTests.mm:29:123: warning: 'auto' deduced as 'id' in declaration of 'p2' [-Wauto-var-id]
   29 |  auto modified=[shape mutableCopy];NSMutableArray *points=[NSMutableArray array];for(NSDictionary *p in shape[@"points"]){auto p2=[p mutableCopy];p2[@"value"]=@(1-[p[@"value"] doubleValue]);[points addObject:p2];}modified[@"points"]=points;
      |                                                                                                                           ^~~~~~~
/Users/rewbs/code/openmpt/mac/Tests/EnvelopeBankTests.mm:31:2: warning: 'auto' deduced as 'id' in declaration of 'linkedAfter' [-Wauto-var-id]
   31 |  auto linkedAfter=call(@"instrument.envelope.get",@{@"instrument":instrument,@"envelope":@"volume"})[@"data"];
      |  ^~~~~~~~~~~~~~~~
/Users/rewbs/code/openmpt/mac/Tests/EnvelopeBankTests.mm:35:2: warning: 'auto' deduced as 'id' in declaration of 'catalogue' [-Wauto-var-id]
   35 |  auto catalogue=call(@"envelope.catalogue.list",@{})[@"data"];NSString *catalogueID=call(@"envelope.catalogue.publish",@{@"template":master,@"expectedCatalogueRevision":catalogue[@"revision"]},true)[@"data"][@"id"];catalogue=call(@"envelope.catalogue.list",@{})[@"data"];auto catalogueSnapshot=catalogue;
      |  ^~~~~~~~~~~~~~
/Users/rewbs/code/openmpt/mac/Tests/EnvelopeBankTests.mm:35:272: warning: 'auto' deduced as 'id' in declaration of 'catalogueSnapshot' [-Wauto-var-id]
   35 |  auto catalogue=call(@"envelope.catalogue.list",@{})[@"data"];NSString *catalogueID=call(@"envelope.catalogue.publish",@{@"template":master,@"expectedCatalogueRevision":catalogue[@"revision"]},true)[@"data"][@"id"];catalogue=call(@"envelope.catalogue.list",@{})[@"data"];auto catalogueSnapshot=catalogue;
      |                                                                                                                                                                                                                                                                                ^~~~~~~~~~~~~~~~~~~~~~
/Users/rewbs/code/openmpt/mac/Tests/EnvelopeBankTests.mm:37:2: warning: 'auto' deduced as 'id' in declaration of 'imported' [-Wauto-var-id]
   37 |  auto imported=call(@"envelope.catalogue.import",@{@"catalogueID":catalogueID,@"expectedCatalogueRevision":catalogue[@"revision"]},true)[@"data"][@"id"];check(![master isEqual:imported]&&[bank()[@"entries"] count]==2,"Catalogue import reused song identity");
      |  ^~~~~~~~~~~~~
/Users/rewbs/code/openmpt/mac/Tests/EnvelopeBankTests.mm:39:2: warning: 'auto' deduced as 'id' in declaration of 'expected' [-Wauto-var-id]
   39 |  auto expected=bank();NSString *project=[folder stringByAppendingPathComponent:@"bank.screamseq"];if(![session savePath:project error:&error]||![session openPath:project error:&error])throw std::runtime_error(error.localizedDescription.UTF8String);check([expected isEqual:bank()],"Native bank roundtrip lost templates or links");
      |  ^~~~~~~~~~~~~
/Users/rewbs/code/openmpt/mac/Tests/EnvelopeBankTests.mm:43:72: warning: 'auto' deduced as 'id' in declaration of 'plugin' [-Wauto-var-id]
   43 |  call(@"plugin.add",@{@"descriptor":[session builtInPlugins][0]},true);auto plugin=[session snapshot:0][@"nativePlugins"][0][@"instanceID"];
      |                                                                        ^~~~~~~~~~~
/Users/rewbs/code/openmpt/mac/Tests/EnvelopeBankTests.mm:45:2: warning: 'auto' deduced as 'id' in declaration of 'lane' [-Wauto-var-id]
   45 |  auto lane=call(@"automation.pattern.get",@{@"pattern":@0})[@"data"][@"lanes"][0];check([lane[@"points"][0][@"value"] doubleValue]==1,"Bank did not create parameter lane");
      |  ^~~~~~~~~
/Users/rewbs/code/openmpt/mac/Tests/PlaybackDisplayTests.mm:39:89: warning: 'auto' deduced as 'id' in declaration of 'p' [-Wauto-var-id]
   39 |   auto call=[&](NSString *method,NSDictionary *params,bool write=false)->NSDictionary *{auto p=[params mutableCopy];if(write)p[@"expectedRevision"]=session.automationRevision;auto r=[session automationMethod:method params:p error:&error];if(!r)throw std::runtime_error(error.localizedDescription.UTF8String);return r[@"data"];};
      |                                                                                         ^~~~~~
/Users/rewbs/code/openmpt/mac/Tests/PlaybackDisplayTests.mm:40:3: warning: 'auto' deduced as 'id' in declaration of 'times' [-Wauto-var-id]
   40 |   auto times=call(@"pattern.timeline.get",@{@"pattern":@0,@"order":@1})[@"positions"];
      |   ^~~~~~~~~~
/Users/rewbs/code/openmpt/mac/Tests/PlaybackDisplayTests.mm:44:3: warning: 'auto' deduced as 'id' in declaration of 'buses' [-Wauto-var-id]
   44 |   auto buses=call(@"mixer.get",@{})[@"buses"];auto bus=buses[0][@"id"];
      |   ^~~~~~~~~~
/Users/rewbs/code/openmpt/mac/Tests/PlaybackDisplayTests.mm:44:47: warning: 'auto' deduced as 'id' in declaration of 'bus' [-Wauto-var-id]
   44 |   auto buses=call(@"mixer.get",@{})[@"buses"];auto bus=buses[0][@"id"];
      |                                               ^~~~~~~~
/Users/rewbs/code/openmpt/mac/Tests/PlaybackDisplayTests.mm:46:39: warning: 'auto' deduced as 'id' in declaration of 'project' [-Wauto-var-id]
   46 |   auto saved=[session serializedData];auto project=[NSPropertyListSerialization propertyListWithData:saved options:0 format:nil error:&error];
      |                                       ^~~~~~~~~~~~
/Users/rewbs/code/openmpt/mac/Tests/PlaybackDisplayTests.mm:52:3: warning: 'auto' deduced as 'id' in declaration of 'detachedProject' [-Wauto-var-id]
   52 |   auto detachedProject=[NSPropertyListSerialization propertyListWithData:[session serializedData] options:NSPropertyListMutableContainers format:nil error:&error];
      |   ^~~~~~~~~~~~~~~~~~~~
6 warnings generated.
[ 98%] Linking CXX executable playback-display-tests
16 warnings generated.
[ 98%] Linking CXX executable envelope-bank-tests
[ 98%] Built target playback-display-tests
[ 98%] Built target envelope-bank-tests
[ 98%] Building OBJCXX object CMakeFiles/parameter-activity-tests.dir/Tests/ParameterActivityTests.mm.o
[ 98%] Building OBJCXX object CMakeFiles/unified-history-tests.dir/Tests/UnifiedHistoryTests.mm.o
/Users/rewbs/code/openmpt/mac/Tests/UnifiedHistoryTests.mm:16:5: warning: 'auto' deduced as 'id' in declaration of 'params' [-Wauto-var-id]
   16 |     auto params=[values mutableCopy];if(write)params[@"expectedRevision"]=session.automationRevision;
      |     ^~~~~~~~~~~
/Users/rewbs/code/openmpt/mac/Tests/UnifiedHistoryTests.mm:20:9: warning: 'auto' deduced as 'id' in declaration of 'target' [-Wauto-var-id]
   20 |   const auto target=call(@"mixer.get",@{@"includeImplicit":@YES},false)[@"data"][@"buses"][2][@"id"];
      |   ~~~~~~^~~~~~~~~~~
/Users/rewbs/code/openmpt/mac/Tests/UnifiedHistoryTests.mm:35:9: warning: 'auto' deduced as 'id' in declaration of 'source' [-Wauto-var-id]
   35 |   const auto source=call(@"graph.song.source.add",@{@"source":@{@"kind":@"amount",@"name":@"Live implicit source",@"amount":@.2}})[@"data"][@"node"];settled();
      |   ~~~~~~^~~~~~~~~~~
/Users/rewbs/code/openmpt/mac/Tests/UnifiedHistoryTests.mm:52:9: warning: 'auto' deduced as 'id' in declaration of 'first' [-Wauto-var-id]
   52 |   const auto first=[session snapshot:0][@"nativePlugins"][0][@"instanceID"];
      |   ~~~~~~^~~~~~~~~~
/Users/rewbs/code/openmpt/mac/Tests/UnifiedHistoryTests.mm:55:9: warning: 'auto' deduced as 'id' in declaration of 'second' [-Wauto-var-id]
   55 |   const auto second=[session snapshot:0][@"nativePlugins"][1][@"instanceID"];
      |   ~~~~~~^~~~~~~~~~~
/Users/rewbs/code/openmpt/mac/Tests/UnifiedHistoryTests.mm:74:3: warning: 'auto' deduced as 'id' in declaration of 'shape' [-Wauto-var-id]
   74 |   auto shape=[oldCurve[@"shape"] mutableCopy];auto points=[shape[@"points"] mutableCopy];auto point=[points[0] mutableCopy];point[@"value"]=@.6;points[0]=point;shape[@"points"]=points;
      |   ^~~~~~~~~~
/Users/rewbs/code/openmpt/mac/Tests/UnifiedHistoryTests.mm:74:47: warning: 'auto' deduced as 'id' in declaration of 'points' [-Wauto-var-id]
   74 |   auto shape=[oldCurve[@"shape"] mutableCopy];auto points=[shape[@"points"] mutableCopy];auto point=[points[0] mutableCopy];point[@"value"]=@.6;points[0]=point;shape[@"points"]=points;
      |                                               ^~~~~~~~~~~
/Users/rewbs/code/openmpt/mac/Tests/UnifiedHistoryTests.mm:74:90: warning: 'auto' deduced as 'id' in declaration of 'point' [-Wauto-var-id]
   74 |   auto shape=[oldCurve[@"shape"] mutableCopy];auto points=[shape[@"points"] mutableCopy];auto point=[points[0] mutableCopy];point[@"value"]=@.6;points[0]=point;shape[@"points"]=points;
      |                                                                                          ^~~~~~~~~~
/Users/rewbs/code/openmpt/mac/Tests/UnifiedHistoryTests.mm:83:3: warning: 'auto' deduced as 'id' in declaration of 'recipeShape' [-Wauto-var-id]
   83 |   auto recipeShape=[call(@"envelope.bank.list",@{@"target":recipeTarget},false)[@"data"][@"shape"] mutableCopy];auto recipePoints=[recipeShape[@"points"] mutableCopy];auto recipePoint=[recipePoints[0] mutableCopy];recipePoint[@"value"]=@.35;recipePoints[0]=recipePoint;recipeShape[@"points"]=recipePoints;
      |   ^~~~~~~~~~~~~~~~
/Users/rewbs/code/openmpt/mac/Tests/UnifiedHistoryTests.mm:83:113: warning: 'auto' deduced as 'id' in declaration of 'recipePoints' [-Wauto-var-id]
   83 |   auto recipeShape=[call(@"envelope.bank.list",@{@"target":recipeTarget},false)[@"data"][@"shape"] mutableCopy];auto recipePoints=[recipeShape[@"points"] mutableCopy];auto recipePoint=[recipePoints[0] mutableCopy];recipePoint[@"value"]=@.35;recipePoints[0]=recipePoint;recipeShape[@"points"]=recipePoints;
      |                                                                                                                 ^~~~~~~~~~~~~~~~~
/Users/rewbs/code/openmpt/mac/Tests/UnifiedHistoryTests.mm:83:168: warning: 'auto' deduced as 'id' in declaration of 'recipePoint' [-Wauto-var-id]
   83 |   auto recipeShape=[call(@"envelope.bank.list",@{@"target":recipeTarget},false)[@"data"][@"shape"] mutableCopy];auto recipePoints=[recipeShape[@"points"] mutableCopy];auto recipePoint=[recipePoints[0] mutableCopy];recipePoint[@"value"]=@.35;recipePoints[0]=recipePoint;recipeShape[@"points"]=recipePoints;
      |                                                                                                                                                                        ^~~~~~~~~~~~~~~~
/Users/rewbs/code/openmpt/mac/Tests/UnifiedHistoryTests.mm:108:9: warning: 'auto' deduced as 'id' in declaration of 'recipeBeforeBypass' [-Wauto-var-id]
  108 |   const auto recipeBeforeBypass=call(@"graph.plugin.get",@{@"graph":recipe,@"node":recipePlugin},false)[@"data"];
      |   ~~~~~~^~~~~~~~~~~~~~~~~~~~~~~
/Users/rewbs/code/openmpt/mac/Tests/UnifiedHistoryTests.mm:113:3: warning: 'auto' deduced as 'id' in declaration of 'recipeBypassed' [-Wauto-var-id]
  113 |   auto recipeBypassed=call(@"graph.plugin.get",@{@"graph":recipe,@"node":recipePlugin},false)[@"data"];
      |   ^~~~~~~~~~~~~~~~~~~
/Users/rewbs/code/openmpt/mac/Tests/UnifiedHistoryTests.mm:129:3: warning: 'auto' deduced as 'id' in declaration of 'cut' [-Wauto-var-id]
  129 |   auto cut=[recipeWithFollower mutableCopy];cut[@"modulation"]=@[];call(@"graph.update",@{@"definition":cut});settled();
      |   ^~~~~~~~
/Users/rewbs/code/openmpt/mac/Tests/UnifiedHistoryTests.mm:138:3: warning: 'auto' deduced as 'id' in declaration of 'definition' [-Wauto-var-id]
  138 |   auto definition=[call(@"graph.get",@{},false)[@"data"][@"library"][0] mutableCopy];auto nodes=[definition[@"nodes"] mutableCopy];
      |   ^~~~~~~~~~~~~~~
/Users/rewbs/code/openmpt/mac/Tests/UnifiedHistoryTests.mm:138:86: warning: 'auto' deduced as 'id' in declaration of 'nodes' [-Wauto-var-id]
  138 |   auto definition=[call(@"graph.get",@{},false)[@"data"][@"library"][0] mutableCopy];auto nodes=[definition[@"nodes"] mutableCopy];
      |                                                                                      ^~~~~~~~~~
/Users/rewbs/code/openmpt/mac/Tests/UnifiedHistoryTests.mm:139:85: warning: 'auto' deduced as 'id' in declaration of 'node' [-Wauto-var-id]
  139 |   for(NSUInteger i=0;i<[nodes count];++i)if([nodes[i][@"id"] isEqual:recipePlugin]){auto node=[nodes[i] mutableCopy];auto plugin=[node[@"plugin"] mutableCopy];plugin[@"state"]=[[NSData dataWithBytes:saved.data() length:saved.size()] base64EncodedStringWithOptions:0];plugin[@"parameters"]=@[];node[@"plugin"]=plugin;nodes[i]=node;}definition[@"nodes"]=nodes;
      |                                                                                     ^~~~~~~~~
/Users/rewbs/code/openmpt/mac/Tests/UnifiedHistoryTests.mm:139:118: warning: 'auto' deduced as 'id' in declaration of 'plugin' [-Wauto-var-id]
  139 |   for(NSUInteger i=0;i<[nodes count];++i)if([nodes[i][@"id"] isEqual:recipePlugin]){auto node=[nodes[i] mutableCopy];auto plugin=[node[@"plugin"] mutableCopy];plugin[@"state"]=[[NSData dataWithBytes:saved.data() length:saved.size()] base64EncodedStringWithOptions:0];plugin[@"parameters"]=@[];node[@"plugin"]=plugin;nodes[i]=node;}definition[@"nodes"]=nodes;
      |                                                                                                                      ^~~~~~~~~~~
/Users/rewbs/code/openmpt/mac/Tests/UnifiedHistoryTests.mm:153:41: warning: 'auto' deduced as 'id' in declaration of 'beforeGraph' [-Wauto-var-id]
  153 |   const auto priorManual=manual();const auto beforeGraph=call(@"graph.get",@{},false)[@"data"];
      |                                   ~~~~~~^~~~~~~~~~~~~~~~
/Users/rewbs/code/openmpt/mac/Tests/UnifiedHistoryTests.mm:159:9: warning: 'auto' deduced as 'id' in declaration of 'afterGraph' [-Wauto-var-id]
  159 |   const auto afterGraph=call(@"graph.get",@{},false)[@"data"];
      |   ~~~~~~^~~~~~~~~~~~~~~
/Users/rewbs/code/openmpt/mac/Tests/ParameterActivityTests.mm:67:89: warning: 'auto' deduced as 'id' in declaration of 'p' [-Wauto-var-id]
   67 |   auto call=[&](NSString *method,NSDictionary *params,bool write=false)->NSDictionary *{auto p=[params mutableCopy];if(write)p[@"expectedRevision"]=session.automationRevision;auto r=[session automationMethod:method params:p error:&error];if(!r)throw std::runtime_error(std::string(method.UTF8String)+": "+error.localizedDescription.UTF8String);return r;};
      |                                                                                         ^~~~~~
/Users/rewbs/code/openmpt/mac/Tests/ParameterActivityTests.mm:72:3: warning: 'auto' deduced as 'id' in declaration of 'dry' [-Wauto-var-id]
   72 |   auto dry=[edit mutableCopy];dry[@"dryRun"]=@YES;call(@"automation.recorded.edit",dry,true);check([revision isEqual:session.automationRevision],"Recorded dry run changes song");call(@"automation.recorded.edit",edit,true);
      |   ^~~~~~~~
/Users/rewbs/code/openmpt/mac/Tests/ParameterActivityTests.mm:75:3: warning: 'auto' deduced as 'id' in declaration of 'invalid' [-Wauto-var-id]
   75 |   auto invalid=[edit mutableCopy];invalid[@"value"]=@999;invalid[@"expectedRevision"]=session.automationRevision;check(![session automationMethod:@"automation.recorded.edit" params:invalid error:&error]&&[lane() count]==1,"Invalid value partially replaced recording");
      |   ^~~~~~~~~~~~
/Users/rewbs/code/openmpt/mac/Tests/UnifiedHistoryTests.mm:195:5: warning: 'auto' deduced as 'id' in declaration of 'params' [-Wauto-var-id]
  195 |     auto params=[values mutableCopy];if(write)params[@"expectedRevision"]=session.automationRevision;
      |     ^~~~~~~~~~~
/Users/rewbs/code/openmpt/mac/Tests/UnifiedHistoryTests.mm:224:3: warning: 'auto' deduced as 'id' in declaration of 'routing' [-Wauto-var-id]
  224 |   auto routing=call(@"mixer.get",@{@"includeImplicit":@YES})[@"data"];
      |   ^~~~~~~~~~~~
/Users/rewbs/code/openmpt/mac/Tests/UnifiedHistoryTests.mm:227:3: warning: 'auto' deduced as 'id' in declaration of 'target' [-Wauto-var-id]
  227 |   auto target=routing[@"buses"][2][@"id"];
      |   ^~~~~~~~~~~
/Users/rewbs/code/openmpt/mac/Tests/UnifiedHistoryTests.mm:235:3: warning: 'auto' deduced as 'id' in declaration of 'firstPlugin' [-Wauto-var-id]
  235 |   auto firstPlugin=[session snapshot:0][@"nativePlugins"][0][@"instanceID"];
      |   ^~~~~~~~~~~~~~~~
/Users/rewbs/code/openmpt/mac/Tests/UnifiedHistoryTests.mm:238:3: warning: 'auto' deduced as 'id' in declaration of 'groupedPlugin' [-Wauto-var-id]
  238 |   auto groupedPlugin=[session snapshot:0][@"nativePlugins"][1][@"instanceID"];
      |   ^~~~~~~~~~~~~~~~~~
/Users/rewbs/code/openmpt/mac/Tests/UnifiedHistoryTests.mm:239:3: warning: 'auto' deduced as 'id' in declaration of 'groupedGraph' [-Wauto-var-id]
  239 |   auto groupedGraph=call(@"graph.get",@{})[@"data"];
      |   ^~~~~~~~~~~~~~~~~
/Users/rewbs/code/openmpt/mac/Tests/UnifiedHistoryTests.mm:244:3: warning: 'auto' deduced as 'id' in declaration of 'beforeRemoveGraph' [-Wauto-var-id]
  244 |   auto beforeRemoveGraph=call(@"graph.get",@{})[@"data"],beforeRemoveMixer=call(@"mixer.get",@{})[@"data"];
      |   ^~~~~~~~~~~~~~~~~~~~~~
/Users/rewbs/code/openmpt/mac/Tests/UnifiedHistoryTests.mm:244:3: warning: 'auto' deduced as 'id' in declaration of 'beforeRemoveMixer' [-Wauto-var-id]
  244 |   auto beforeRemoveGraph=call(@"graph.get",@{})[@"data"],beforeRemoveMixer=call(@"mixer.get",@{})[@"data"];
      |   ^~~~~~~~~~~~~~~~~~~~~~~~~~~~~~~~~~~~~~~~~~~~~~~~~~~~~~~~~~~~~~~~~~~~~~~~
/Users/rewbs/code/openmpt/mac/Tests/UnifiedHistoryTests.mm:259:3: warning: 'auto' deduced as 'id' in declaration of 'insertedPlugin' [-Wauto-var-id]
  259 |   auto insertedPlugin=[session snapshot:0][@"nativePlugins"][1][@"instanceID"];
      |   ^~~~~~~~~~~~~~~~~~~
/Users/rewbs/code/openmpt/mac/Tests/UnifiedHistoryTests.mm:260:3: warning: 'auto' deduced as 'id' in declaration of 'insertedRouting' [-Wauto-var-id]
  260 |   auto insertedRouting=call(@"mixer.get",@{})[@"data"];
      |   ^~~~~~~~~~~~~~~~~~~~
/Users/rewbs/code/openmpt/mac/Tests/UnifiedHistoryTests.mm:270:3: warning: 'auto' deduced as 'id' in declaration of 'original' [-Wauto-var-id]
  270 |   auto original=[[session snapshot:0][@"nativePlugins"] valueForKey:@"instanceID"];
      |   ^~~~~~~~~~~~~
/Users/rewbs/code/openmpt/mac/Tests/UnifiedHistoryTests.mm:272:3: warning: 'auto' deduced as 'id' in declaration of 'moved' [-Wauto-var-id]
  272 |   auto moved=[[session snapshot:0][@"nativePlugins"] valueForKey:@"instanceID"];
      |   ^~~~~~~~~~
/Users/rewbs/code/openmpt/mac/Tests/UnifiedHistoryTests.mm:275:3: warning: 'auto' deduced as 'id' in declaration of 'stable' [-Wauto-var-id]
  275 |   auto stable=[session snapshot:0][@"nativePlugins"][0][@"instanceID"];
      |   ^~~~~~~~~~~
/Users/rewbs/code/openmpt/mac/Tests/UnifiedHistoryTests.mm:281:3: warning: 'auto' deduced as 'id' in declaration of 'invalidBatch' [-Wauto-var-id]
  281 |   auto invalidBatch=[@{@"plugin":stable,@"values":@[@{@"id":@1,@"value":@-2},@{@"id":@999999,@"value":@1}],@"expectedRevision":session.automationRevision} mutableCopy];
      |   ^~~~~~~~~~~~~~~~~
/Users/rewbs/code/openmpt/mac/Tests/UnifiedHistoryTests.mm:292:3: warning: 'auto' deduced as 'id' in declaration of 'identityValues' [-Wauto-var-id]
  292 |   auto identityValues=call(@"plugin.parameters.get",@{@"plugin":stable})[@"data"];
      |   ^~~~~~~~~~~~~~~~~~~
35 warnings generated.
[ 98%] Linking CXX executable unified-history-tests
3 warnings generated.
[ 99%] Built target unified-history-tests
[ 99%] Linking CXX executable parameter-activity-tests
[ 99%] Building CXX object CMakeFiles/windows-mixer-document-tests.dir/Users/rewbs/code/openmpt/windows/Tests/MixerOperationsTests.cpp.o
[ 99%] Built target parameter-activity-tests
[100%] Building CXX object CMakeFiles/windows-mixer-document-tests.dir/Users/rewbs/code/openmpt/windows/Session/MixerOperations.cpp.o
[100%] Linking CXX executable windows-mixer-document-tests
[100%] Built target windows-mixer-document-tests
/Users/rewbs/code/openmpt/bin/mac-graph-fluency/ScreamSeq.app/Contents/MacOS/plugin-scanner: replacing existing signature
/Users/rewbs/code/openmpt/bin/mac-graph-fluency/ScreamSeq.app: replacing existing signature
Built /Users/rewbs/code/openmpt/bin/mac-graph-fluency/ScreamSeq.app
